va_reps	vb_reps	cdr3a	cdr3b
TRAV9-2*01	TRBV27*01	CAPCLSDGQKLLF	CASSLSALGGWTEAFF
TRAV3*01	TRBV7-3*01	CAVRDIGPGANNLFF	CASSFGQPGELFF
TRAV21*01	TRBV7-6*01	CAVSGGNEKLTF	CASRPVRGPIYEQYF
TRAV35*01	TRBV6-2*01	CATSAQGGSEKLVF	CASSPTEASEQFF
TRAV9-2*01	TRBV29-1*01	CALSDYRRRGTDKLIF	CSGKGSSWVNEQFF
TRAV8-3*01	TRBV4-2*01	CAVLLYLDGGFGNVLHC	CASRSDSSYEQYF
TRAV13-2*01	TRBV15*01	CAEGGYSTLTF	CATSRPPGDEQYF
TRAV12-2*01,TRAV12-2*03	TRBV11-1*01	CAVFTDKLIF	CASSSGTSAYNEQFF
TRAV12-2*01,TRAV12-2*03	TRBV18*01	CAAVPKRGNKLVF	CASSPPRTGKTGYEQYF
TRAV8-4*06,TRAV8-4*03,TRAV8-4*01	TRBV2*01	CAPLTIKAAGNKLTF	CASRNPSKGTEAFF
TRAV6*01	TRBV19*02,TRBV19*01	CALEGAAGNKLTF	CASSLLLDSITEAFF
TRAV27*01	TRBV5-1*01	CAARYSSASKIIF	CASRSQPGYHNEQFF
TRAV13-2*01	TRBV9*01	CAVLDQTGANNLFF	CASSVNRDTTGEQYF
TRAV17*01	TRBV15*01	CATPRMDSSYKLIF	CATSRERTSYNEQFF
TRAV35*01	TRBV7-2*01,TRBV7-2*02	CAGVRGSQGNLIF	CASSLAWEETQYF
TRAV39*01	TRBV7-3*01	CAVDSANAGGTSYGKLTF	CASSFQPVEVNTEAFF
TRAV8-4*01	TRBV7-2*01,TRBV7-2*02	CAVSDPDKLIF	CASSPPTDTQYF
TRAV8-4*01	TRBV4-3*01	CAVSSNTNAGKSTF	CASSQLEGEKLFF
TRAV8-2*01	TRBV24-1*01	CVVSPPRGFNKFYF	CATSDPRDSPYEQYF
TRAV8-4*01	TRBV5-4*01	CAVSLTGANNLFF	CASSLQGDFYEQYF
TRAV5*01	TRBV5-6*01	CAERNSGNTGKLIF	CASSLGLPGPGELFF
TRAV5*01	TRBV6-5*01	CAHTNTGNQFYF	CASLRTGGSGNTIYF
TRAV13-2*01	TRBV6-1*01	CAERGSASKIIF	CASSGQGEYNEQFF
TRAV25*01	TRBV19*02,TRBV19*01	CAGHNTNSGNTPLVF	CASSTAGPQHF
TRAV2*01	TRBV5-5*01	CACDSVEPSAVHTDKLIF	CASSFEVNYGYTF
TRAV22*01	TRBV7-3*01	CAVERGNNAGNMLTF	CASSTRTPALEHF
TRAV8-3*01	TRBV6-2*01	CVAGGGADGLTF	CASSPQETYEQYF
TRAV14/DV4*02	TRBV27*01	CAMRSGDSWGKLQF	CASSLTGTRKETQYF
TRAV29/DV5*01	TRBV20/OR9-2*01,TRBV20-1*01	CARGGTSYGKLTF	CSASPTDPAYEQYF
TRAV2*01	TRBV9*01	CARLSIASCVE	CASSVDGDTIYF
TRAV8-4*01	TRBV4-2*01	CAVMIYNQGGKLIF	CASSQEGTVYEQYF
TRAV13-2*01	TRBV12-4*01,TRBV12-3*01	CAEKWVGNDYKLSF	CASSLDLGRRAFF
TRAV8-2*01	TRBV6-4*01	CVVSEEVGRDDKIIF	CASSVELATDTQYF
TRAV8-6*01	TRBV24-1*01	CAVRLYNQGGKLIF	CATSDNWDRSTDTQYF
TRAV20*01	TRBV9*01	CANGGGSEKLVF	CASSRRQGMMNEQFF
TRAV22*01	TRBV11-1*01	CAVGGALDSGGYQKVTF	CASSSISGRTTGELFF
TRAV27*01	TRBV11-2*01	CAGAGGVGNSGTYKYIF	CASSQPGQLTDTQYF
TRAV12-3*01	TRBV5-1*01	CAMRGTYSGAGSYQLTF	CASTPALGANEKLFF
TRAV17*01	TRBV24-1*01	CATDAFMNSGYALNF	CATSDQAGLADEQFF
TRAV24*01	TRBV6-5*01	CAPSGYSTLTF	CASSYAAGGSNQPQHF
TRAV13-2*01	TRBV19*02,TRBV19*01	CAEKEDNYGQNFVF	CASSIISGRAKNIQYF
TRAV8-4*06,TRAV8-4*01	TRBV2*01	CAVGEEVDSNYQLIW	CASSEQTGSIQPQHF
TRAV19*01	TRBV20-1*03,TRBV20/OR9-2*01,TRBV20-1*01	CALSGADNFNKFYF	CSAGDPGNQPQHF
TRAV1-1*02,TRAV1-1*01	TRBV27*01	CADSGGYQKVTF	CASSFAGNTGELFF
TRAV1-2*01	TRBV9*01	CALPPNSGYSTLTF	CASSVDGRAYQPQHF
TRAV13-2*01	TRBV30*01	CAESAPGGYQKVTF	CAWGAVNEQFF
TRAV25*01	TRBV28*01	CAGLEGNNRLAF	CASSNVGAGANVLTF
TRAV8-1*01	TRBV12-4*01,TRBV12-3*01	CAFSPNAGKSTF	CASRLYYNEQFF
TRAV13-2*01	TRBV6-5*01	CASSTLTF	CASKVTDLNTEAFF
TRAV27*01	TRBV5-4*01	CAGALGSRLTF	CASSFEGGSTDTQYF
TRAV14/DV4*02	TRBV2*01	CAMREGLDFSGSARQLTF	CASSPREETQYF
TRAV26-1*01	TRBV7-2*01,TRBV7-2*02	CIVRVLTDSWGKLQF	CASSYKTGGGLYEQYF
TRAV8-1*01	TRBV19*02,TRBV19*01	CAVRPYSGAGGYQLTF	CASIGLAGGSGELFF
TRAV8-6*01	TRBV4-2*01	CAVSAYKNSGYSTLTF	CASSQIMGQGTYEQYF
TRAV17*01	TRBV7-9*01	CATDWASNTGKLIF	CANSLPQGFFYNEQFF
TRAV36/DV7*03,TRAV36/DV7*02	TRBV6-2*01	CAGPYGNNRLAF	CASGPSPYNEQFF
TRAV8-3*01	TRBV20-1*01	CAVGEPGTYKYIF	CSASTEKLFF
TRAV8-4*06,TRAV8-4*01	TRBV4-2*01	CAVSDYKESNTGKLIF	CASSPSADRESPLHF
TRAV12-3*01	TRBV20/OR9-2*01,TRBV20-1*01	CAMSIPYNQGGKLIF	CSARVTAGVGEQFF
TRAV29/DV5*01	TRBV30*01	CAASRMNNNARLMF	CAWSVPGGGVQNIQYF
TRAV29/DV5*01	TRBV2*01	CAATGDYKLSF	CASSERVGSSGNTIYF
TRAV17*01	TRBV9*01	CATDQVDSSYKLIF	CASSVDWVAGGLNEQFF
TRAV12-3*01	TRBV9*01	CAMSAGTQGGSEKLVF	CASSVAGLSTDTQYF
TRAV19*01	TRBV27*01	CALSENNARLMF	CASSPRLAHSADTQYF
TRAV17*01	TRBV4-2*01	CATDARTARQLTF	CASSQGTSGTSYEQYF
TRAV6*01	TRBV10-3*01	CALGGDSSYKLIF	CASRPASGANVLTF
TRAV13-2*01	TRBV28*01	CAENPLYSGGSNYKLTF	CASRERGGAYEQYF
TRAV14/DV4*02	TRBV5-1*01	CAMRGSSGGGADGLTF	CASSSGQGPYGYTF
TRAV8-6*01	TRBV27*01	CAVIPLNTGFQKLVF	CASGYGRFNEQYF
TRAV20*01	TRBV4-1*01	CAVQGVQTGANNLFF	CASSQGGQRGTRGYEQFF
TRAV4*01	TRBV13*01	CLVGPGYSSASKIIF	CASSLQLAGRSDTQYF
TRAV8-4*01	TRBV21-1*01	CAVSDSAGNMLTF	CASSKVGLGGNSPLHF
TRAV1-1*01	TRBV20-1*03,TRBV20/OR9-2*01,TRBV20-1*01	CAVSFFPRDSSYKLIF	CSAGTSGYTDTQYF
TRAV13-1*01	TRBV7-3*01	CAAPYPKVNCYDKVIF	CASSRTGGLAGGEQFF
TRAV36/DV7*02	TRBV7-9*01	CAVEAVSQGGSEKLVF	CASSAGTGDTGELFF
TRAV8-3*01	TRBV6-2*01	CAVGDDYGGSQGNLIF	CASSSTSPGGNTIYF
TRAV34*01	TRBV12-4*01,TRBV12-3*01	CGADIFSDGQKLLF	CASIKLRTLTDTQYF
TRAV38-1*01	TRBV3-1*01,TRBV3-2*01,TRBV3-2*02	CAFMKHYEGGSEKLVF	CASSRTAGGGETQYF
TRAV38-2/DV8*01	TRBV27*01	CAYCPEGNRKFTF	CASSPLQDEKLFF
TRAV14/DV4*01	TRBV5-3*01,TRBV5-3*02	CAMNGEETSGSRLTF	CARSSRTGVSEAFF
TRAV2*01	TRBV5-1*01	CAVESLNSNSGYALNF	CASSLDNEQYF
TRAV29/DV5*01	TRBV3-1*01,TRBV3-2*01,TRBV3-2*02	CAASSRDNNDMRF	CASKRGVNTEAFF
TRAV29/DV5*01	TRBV29-1*01	CAARGAMNRDDKIIF	CSVDQLAPSYNEQFF
TRAV9-2*01	TRBV15*01	CAPRTSYDKVIF	CATSRDGTYEQYF
TRAV17*01	TRBV15*01	CATDRPIYNTDKLIF	CATSRGDRNYGYTF
TRAV12-3*01	TRBV4-1*01	CATPLLKAAGNKLTF	CASSPRTSGSANTGELFF
TRAV30*01	TRBV24-1*01	CGTEARNNARLMF	CATSGAGSGTDTQYF
TRAV26-2*01	TRBV27*01	CILNGGGSEKLVF	CASSFITSGYNEQFF
TRAV13-1*01	TRBV6-1*01	CAQEKYYQLIW	CASSVPGRRVYEQYF
TRAV29/DV5*01	TRBV11-3*01	CAASEGGNYQLIW	CASSSTSDNEQFF
TRAV27*01	TRBV7-6*01	CAGLKAAGNKLTF	CASSPQEGGELFF
TRAV12-1*01	TRBV13*01	CVVNCRDSSASKIIF	CASSLAGDRYEQYF
TRAV14/DV4*02	TRBV25-1*01	CAMRGHAGGTSYGKLTF	CASSETKNTGELFF
TRAV26-2*01	TRBV15*01	CILTSVLLENNDMRF	CATSRGVYEQYF
TRAV26-1*01	TRBV25-1*01	CIVRVALVYNQGGKLIF	CASEDSSNSPLHF
TRAV8-6*01	TRBV4-1*01	CAVSDPRNSGGSNYKLTF	CASSQDQGAFGETQYF
TRAV19*01	TRBV6-5*01	CALSGSYNNNDMRF	CASSYSGDRGREKLFF
TRAV1-1*01	TRBV12-4*01,TRBV12-3*01	CAVRDGQKLLF	CASTPRTLNTGELFF
TRAV16*01	TRBV30*01	CALSGTFSGGYNKLIF	CAWSVLDGFGTQYF
TRAV3*01	TRBV7-2*01,TRBV7-2*02	CAVRGYLGFKTIF	CASSFQGNTEAFF
TRAV26-1*01	TRBV7-9*05,TRBV7-9*01	CSPRDSGAGSYQLTF	CAGAETTDTQYF
TRAV8-4*01	TRBV3-1*01,TRBV3-2*01,TRBV3-2*02	CAVTQTGYSTLTF	CASSLDRYNEQFF
TRAV13-2*01	TRBV6-5*01	CAEIPLGYQKVTF	CASSYRQHGTGNTIYF
TRAV35*01	TRBV18*01	CAGLRAAGNKLTF	CASSPMSGPSNQPQHF
TRAV1-1*02,TRAV1-1*01	TRBV20-1*03,TRBV20-1*01	CAVVYTGGFKTIF	CSELITDTQYF
TRAV12-2*01,TRAV12-2*03	TRBV4-2*01	CAVNEGGSNYKLTF	CASSQGGTGMNTEAFF
TRAV12-1*01	TRBV20/OR9-2*01,TRBV20-1*01	CVVNMGDTGRRALTF	CSAIGAGGNTIYF
TRAV8-6*01	TRBV3-1*01,TRBV3-2*01,TRBV3-2*02	CAVSASNDYKLSF	CASSPRDMPEAFF
TRAV20*01	TRBV6-5*01	CAVQTSGGYNKLIF	CASSQSHITYNEQFF
TRAV26-2*01	TRBV5-6*01	CIPLLSNAGGTSYGKLTF	CASSLVAAGATQYF
TRAV1-1*02,TRAV1-1*01	TRBV25-1*01	CERNRDDKIIF	CASRDSAPSNEQFF
TRAV27*01	TRBV7-3*01	CAGGFSDGQKLLF	CASSLSGLAGLLGPLYF
TRAV26-2*01	TRBV5-6*01	CILRDVRLMF	CASSPLYNEQFF
TRAV1-2*01	TRBV12-4*01,TRBV12-3*01	CAVTPRGTGFQKLVF	CASSLWGGSNQPQHF
TRAV38-2/DV8*01	TRBV27*01	CAYKGDGNKLVF	CASSFLPGGLEPYEQYF
TRAV13-1*01	TRBV13*01	CAAYISNFGNEKLTF	CASSLGRTSYEQYF
TRAV9-2*01	TRBV4-1*01	CALRVLVPGGSQGNLIF	CASSQTPTSTDTQYF
TRAV1-2*01	TRBV20/OR9-2*01,TRBV20-1*01	CAVRRYNNARLMF	CSARPTSDSYNEQFF
TRAV5*01	TRBV12-4*01,TRBV12-3*01	CAESIGDTGRRALTF	CASRSTWEQYF
TRAV38-2/DV8*01	TRBV20-1*01	CAYRNSRDNYGQNFVF	CSASSGGASDTQYF
TRAV14/DV4*02	TRBV9*01	CAMRSTFKAAGNKLTF	CASSERGYEQYF
TRAV41*01	TRBV9*01	CAVIWGKLIF	CASNGQGNSGSGANVLTF
TRAV14/DV4*02,TRAV14/DV4*01	TRBV11-2*01	CAMGRWMDSSYKLIF	CASSSYIGYNEQFF
TRAV19*01	TRBV5-6*01	CALSEAKGYGNKLVF	CASSWGGRKWYEQYF
TRAV26-1*01	TRBV2*01	CIGAPNTNAGKSTF	CASSKLGTLETQYF
TRAV13-1*01	TRBV7-6*01	CAASIRAGGGNKLTF	CASRRDSGTYNEQFF
TRAV19*01	TRBV6-1*01	CALTYNNNAGNMLTF	CASALGGGQAFF
TRAV13-2*01	TRBV7-9*01	CAEIIGPYTGTASKLTF	CASSLLAQSSYNEQFF
TRAV10*01	TRBV6-5*01	CVVRPLSGGYNKLIF	CASSYSVSGAYGYTF
TRAV8-4*06,TRAV8-4*01	TRBV11-2*01	CAVSVPGGATNKLIF	CASSSEGLMNNEQFF
TRAV8-1*01	TRBV9*01	CAVNYYTGNQFYF	CASSAVQGQPTDTQYF
TRAV16*01	TRBV4-1*01	CALHNAGNNRKLIW	CASSQEDQNNSPLHF
TRAV13-2*01	TRBV20-1*01	CADLHPMDSSYKLIF	CSATLSEQFF
TRAV29/DV5*01	TRBV6-5*01	CAASALEETSGSRLTF	CASSYSGEAGNTIYF
TRAV13-1*01	TRBV4-2*01	CADLITYNFNKFYF	CASSQEYIQYF
TRAV14/DV4*02	TRBV28*01	CAMREDPYGQNFVF	CASSYGDTTYEQYF
TRAV36/DV7*02	TRBV6-2*01	CAVKIGFGNVLHC	CASSPDREEGEKLFF
TRAV14/DV4*01	TRBV3-1*01,TRBV3-2*01,TRBV3-2*02	CAMRPREGDTDKLIF	CASRLAGGPRVQYF
TRAV23/DV6*01	TRBV20-1*03,TRBV20-1*01	CAARSRAQGGSEKLVF	CSASKGNTIYF
TRAV13-1*01	TRBV9*01	CATGTASKLTF	CASSVGVDYEQYF
TRAV29/DV5*01	TRBV2*01	CASYSGGGADGLTF	CANPTEVYGYTF
TRAV39*01	TRBV28*01	CAVVIEYGQKLLF	CASSQGFTDTQYF
TRAV2*01	TRBV27*01	CAVEESYNTDKLIF	CASSSGLAGVKHEQYF
TRAV8-1*01	TRBV6-1*01	CAGSSGNTPLVF	CASSDPRQLSNQPQHF
TRAV35*01	TRBV28*01	CAGQEGSGAGSYQLTF	CASSLNLGGGPEAFF
TRAV26-2*01	TRBV18*01	CILRYNNNDMRF	CASSPNRQGNNEQFF
TRAV6*01	TRBV29-1*01	CALTENTGFQKLVF	CSVDVKGDSPYEQYF
TRAV38-1*01,TRAV38-1*03	TRBV7-7*01	CAFQGYGGSQGNLIF	CASSSHGTSAEQFF
TRAV22*01	TRBV9*01	CAVEDDMRF	CASSVGPNLRELKTEAFF
TRAV16*01	TRBV6-2*01	CALRPSGGTSYGKLTF	CASRTSGSYQETQYF
TRAV13-2*01	TRBV19*02,TRBV19*01	CAPSAYGQNFVF	CASSAGVNTEAFF
TRAV1-2*01	TRBV28*01	CAAPQAGAGSYQLTF	CASRLGTSGTQETQYF
TRAV38-2/DV8*01	TRBV9*01	CASIRNNNARLMF	CASSWGRGPGELFF
TRAV29/DV5*01	TRBV24-1*01	CAATAISSGSARQLTF	CATRGQGASDTQYF
TRAV21*01	TRBV30*01	CASTAQKLVF	CAWSPQDRVYGYTF
TRAV23/DV6*01	TRBV4-1*01	CAAPKRGPARQLTF	CASSQGFDYGYTF
TRAV8-4*06,TRAV8-4*01	TRBV7-2*01,TRBV7-2*02	CAVSSHSGGGADGLTF	CASSLARTGEQYF
TRAV2*01	TRBV6-1*01	CASPRVNRKLTF	CASSEGRNEQFF
TRAV39*01	TRBV7-8*01	CAVLNYGGSQGNLIF	CASSLDPQTGPEIGNTIYF
TRAV3*01	TRBV30*01	CAVRESADSWGKFQF	CAWSFGTQLVNSPLHF
TRAV8-4*06,TRAV8-4*01	TRBV20-1*01	CAVSEVRGTASKLTF	CSASALAGGPHEQYF
TRAV1-1*01	TRBV19*02,TRBV19*01	CAVRDTHSGAGSYQLTF	CASSTRQRRRAFF
TRAV12-2*01,TRAV12-2*03	TRBV7-9*01	CAVTDSGYALNF	CASSFRQPDTQYF
TRAV13-1*01	TRBV6-5*01,TRBV6-1*01	CAASSGSNYQLIW	CASRGGTPLFGNTIYF
TRAV16*01	TRBV19*02,TRBV19*01	CVLLSGAGSYQLTF	CASSIPRRADYGYTF
TRAV8-4*06,TRAV8-4*01	TRBV19*02,TRBV19*01	CAVSDPRSSNTGKLIF	CASSIRQGGGYTF
TRAV3*01	TRBV16*02,TRBV16*01	CAVRGAYNTNAGKSTF	CARSAGNTEAFF
TRAV35*01	TRBV9*01	CAGGLGFGNVLHC	CASSVDLPPGNTIYF
TRAV12-3*01	TRBV20/OR9-2*01,TRBV20-1*01	CAILYRGGSEKLVF	CSARGGKSVYQPQHF
TRAV3*01	TRBV29-1*01	CAVRDLDNNARLMF	CSVLPRTDRGEAFF
TRAV35*01	TRBV20-1*03,TRBV20/OR9-2*01,TRBV20-1*01	CAGQEGGGTSYGKLTF	CSLGLAGTDTQYF
TRAV1-1*01	TRBV6-2*01	CAVRVLYGQNFVF	CASNTGTSGRDPNEQFF
TRAV29/DV5*01	TRBV6-2*01	CAASVQSGYSTLTF	CASSSWSDTQYF
TRAV8-2*01	TRBV7-2*01,TRBV7-2*02	CVVRDSYNNNDMRF	CASSRHRDLAGNTGELFF
TRAV8-1*01	TRBV5-4*01	CAGRGKGNNRLAF	CASSLTGYEQFF
TRAV6*01	TRBV7-3*01	CALSRGIYNQGGKLIF	CASAGGGWADTQYF
TRAV29/DV5*01	TRBV18*01	CAAKGPGNNARLMF	CASSPRAGGWTEAFF
TRAV12-1*01	TRBV28*01	CVVTANDMRF	CASSPTGFGNTIYF
TRAV14/DV4*01	TRBV6-2*01	CALGEGTNFGNEKLTF	CASSYPPGSEAFF
TRAV19*01	TRBV7-6*01	CALSEAGHFIIQGAQKLVF	CASSSGLEYEQYF
TRAV3*01	TRBV6-2*01	CAVSYPGFQKLVF	CASNPGQAQETQYF
TRAV9-2*01	TRBV10-1*01,TRBV10-1*02	CALIGQNNNDMRF	CADTAGGPRNQPQHF
TRAV27*01	TRBV12-4*01,TRBV12-3*01	CAGVRGRNYQLIW	CASTRQGLLTDTQYF
TRAV9-2*01	TRBV6-6*01	CAPPNAGNNRKLIW	CASSSGQGTYEQYF
TRAV19*01	TRBV6-4*01	CALSEAIQGAQKLVF	CASSGRGDAGELFF
TRAV24*01	TRBV9*01	CAPEYGNKLVF	CASSAGLADYNEQFF
TRAV21*01	TRBV21-1*01	CAVYSDSWGKLQF	CASSKGVPYEQYF
TRAV13-1*01	TRBV28*01	CAASIMYRDDKIIF	CASSFARDHTGELFF
TRAV2*01	TRBV19*02,TRBV19*01	CAVEEKQDNQGGKLIF	CASSYGQGVSSYEQYF
TRAV23/DV6*01	TRBV27*01	CAASSGEGGSEKLVF	CASSPKNRSPMGSGKIETQYF
TRAV8-1*01	TRBV11-1*01	CAVNANSGGYQKVTF	CASSPRLAPRQYF
TRAV9-2*01	TRBV11-1*01,TRBV7-9*01	CALSLMLGGGADGLTF	CASSLAGSRDRGLTNTGELFF
TRAV17*01	TRBV12-4*01,TRBV12-3*01	CATGDSGGGADGLTF	CASTFLGSSGGMNTEAFF
TRAV41*01	TRBV12-4*01,TRBV12-3*01	CAPQNTGNQFYF	CASSSGQSGISYEQYF
TRAV13-2*01	TRBV7-9*01	CAENTNSVGSRNTGNQFYF	CASSLTGSPDNEQFF
TRAV29/DV5*01	TRBV6-5*01	CAARANSNSGYALNF	CASSYRGRDRETQYF
TRAV1-2*01	TRBV5-6*01	CAVREGNFNKFYF	CASSYDGGSEQYF
TRAV23/DV6*01	TRBV6-5*01,TRBV6-6*01	CAASRRSARQLTF	CASRPGQKMSDEQFF
TRAV38-2/DV8*01	TRBV28*01	CAYRSAKSGDDKIIF	CASSLWTGGVIVTF
TRAV2*01	TRBV24-1*01	CAVEDRGGGGNKLTF	CATSDYGADTQYF
TRAV22*01	TRBV4-2*01	CAVERRTDSWGKFQF	CASSQTLAGGSGTQYF
TRAV40*01	TRBV3-1*01,TRBV3-2*01,TRBV3-2*02	CLLGDDNNNDMRF	CASSRFVEGLGLAGEEQFF
TRAV29/DV5*01	TRBV7-2*01,TRBV7-2*02	CAASELAPGGFKTIF	CASSLVAETGELFF
TRAV9-2*01	TRBV12-4*01,TRBV12-3*01	CALVGGTYKYIF	CASSLQGWYEQYF
TRAV35*01	TRBV12-4*01,TRBV12-3*01	CAGQPGTKKTSYDKVIF	CASSLLLSQPQHF
TRAV29/DV5*01	TRBV18*01	CAGLYGNKLVF	CASSPPDRAAYNEQFF
TRAV2*01	TRBV5-1*01	CAVEFPGGSYIPTF	CASSSGTSGNTVDEQFF
TRAV38-2/DV8*01	TRBV12-4*01,TRBV12-3*01	CAYRSPLGQNFVF	CASSPGTGNFYEQYF
TRAV1-2*01	TRBV28*01	CAVRANYGQNFVF	CASSRTAGGNQPQHF
TRAV29/DV5*01	TRBV28*01	CAASRTMRSNMLTF	CASSYNYWGQTLVNTQYF
TRAV12-2*01,TRAV12-2*03	TRBV27*01	CAVKGQGGNNRLAF	CATLQGGIEHF
TRAV9-2*01	TRBV5-1*01	CALSEPVYNQGGKLIF	CASSLRGSSGNTIYF
TRAV8-3*01	TRBV27*01	CAVAHRSIGFGNVLHC	CASSVSGSGGEQYF
TRAV20*01	TRBV20/OR9-2*01,TRBV20-1*01	CAAALPGGSYIPTF	CSARAGQGVNSPLHF
TRAV17*01	TRBV15*01	CATDEGVGGGTSYGKLTF	CATSRDRGQETQYF
TRAV23/DV6*01	TRBV6-4*01	CAASRGGNYGQNFVF	CASSDSQPGKNQPQHF
TRAV21*01	TRBV7-2*01,TRBV7-2*02	CAVNENRDDKIIF	CASSPAGELFF
TRAV6*01	TRBV7-9*01	CALDSGNTDKLIF	CASSPVGGPSYEQYF
TRAV8-1*01	TRBV20/OR9-2*01,TRBV20-1*01	CAVSIQGGKLIF	CSASGQGVGLAALYEQYF
TRAV12-3*01	TRBV2*01	CAMMELRFSDGQKLLF	CASSRTGGNYGYTF
TRAV5*01	TRBV7-9*01	CAESRLGGGSQGNLIF	CASSLLGLNTEAFF
TRAV17*01	TRBV20/OR9-2*01,TRBV20-1*01	CATAYSGGSNYKLTF	CSARGGLAGGGEETQYF
TRAV2*01	TRBV7-2*01,TRBV7-2*02	CAVEDVAGANNLFF	CASSLADSKYGYTF
TRAV41*01	TRBV19*02,TRBV19*01	CAVRHSGGGADGLTF	CASSIGTGYSGEQYF
TRAV13-1*01	TRBV20-1*03,TRBV20/OR9-2*01,TRBV20-1*01	CAAPLIQGAQKLVF	CSALPLVNGYEQYF
TRAV40*01	TRBV20-1*03,TRBV20-1*01	CLPPPKEGNRKFTF	CSAQGADGYTF
TRAV5*01	TRBV6-5*01	CAEMGDGGSQGNLIF	CASSGSGRASGELFF
TRAV26-2*01	TRBV7-3*01	CILRSSLGFGNEKLTF	CASSSTQEPGTDTQYF
TRAV1-2*01	TRBV6-6*01	CAVTPQTGANNLFF	CASSWDGSYEQYF
TRAV38-1*01	TRBV3-1*01,TRBV3-2*01,TRBV3-2*02	CAFMKLATNSGNTPLVF	CASSPVLATRTDTQYF
TRAV26-1*01	TRBV6-5*01,TRBV6-6*01	CIVRITNTGNQFYF	CASSYSMRRDSAYNEQFF
TRAV4*01	TRBV4-1*01	CLVGEIYNQGGKLIF	CASSPTPGYEAFF
TRAV29/DV5*01	TRBV2*01	CAAKGGTSGSRLTF	CASSKGKRDTQYF
TRAV14/DV4*02	TRBV4-2*01	CAMREPNAGNMLTF	CASSQARGGNTIYF
TRAV6*01	TRBV6-6*01	CALETSSASKIIF	CASSYSIMNTEAFF
TRAV1-2*01	TRBV30*01	CGRGNTPLVF	CAWKTLSGQGYNEQFF
TRAV19*01	TRBV30*01	CALPTGGTSYGKLTF	CAWSVLAGGYEQYF
TRAV29/DV5*01	TRBV6-5*01	CAASQSSNYGGSQGNLIF	CASSYPGSQETQYF
TRAV21*01	TRBV2*01	CAVLPYSGGYQKVTF	CASSNGPGLSYEQYF
TRAV19*01	TRBV13*01	CAVNYGQNFVF	CASGNRGRIGNEQFF
TRAV8-6*01	TRBV20/OR9-2*01,TRBV20-1*01	CAVKEAGYSTLTF	CSARDPRLDDGYTF
TRAV14/DV4*01	TRBV6-5*01	CAMRGVYNFNKFYF	CASTSTKGPQYF
TRAV14/DV4*01	TRBV20/OR9-2*01,TRBV20-1*01	CALGELENYGQNFVF	CSARDTGVETQYF
TRAV21*01	TRBV5-3*01,TRBV5-3*02	CAVNPQAGTALIF	CARSFLTSGSQTRDEQFF
TRAV3*01	TRBV10-3*01	CAVSRLAGANNLFF	CAISPDRVPYEQYF
TRAV21*01	TRBV28*01	CVHMTSGTYKYIF	CASSPQGGTGELFF
TRAV9-2*01	TRBV12-4*01,TRBV12-3*01	CALSESKAGGSYIPTF	CASSQRGASGGAGDEQFF
TRAV5*01	TRBV20/OR9-2*01,TRBV20-1*01	CAEKGQDSGAGSYQLTF	CSARQVLAGNAEQYF
TRAV17*01	TRBV4-2*01	CATRSGGSNYKLTF	CASSQDRHAYNEQFF
TRAV29/DV5*01	TRBV5-1*01	CAARVTGSARQLTF	CASIAGNYGGNGETQYF
TRAV13-1*01	TRBV7-2*01,TRBV7-2*02	CAAPTLYNQGGKLIF	CASSLAPTGTISYEQYF
TRAV9-2*01	TRBV6-1*01	CALRGENSGGSNYKLTF	CASSDRGTLGETQYF
TRAV41*01	TRBV6-2*01	CASATPNTGNQFYF	CASSGNEETQYF
TRAV12-2*01,TRAV12-2*03	TRBV11-2*01	CAVKLDDKIIF	CASSLERRLAEAFF
TRAV9-2*01	TRBV12-4*01,TRBV12-3*01	CALPGGYGQNFVF	CASSTLVRNQPQHF
TRAV1-2*01	TRBV7-2*01,TRBV7-2*02	CAVKNQGGKLIF	CASSITGRGEAFF
TRAV14/DV4*02,TRAV14/DV4*01	TRBV24-1*01	CAINNNARLMF	CATSDLPAGNTIYF
TRAV19*01	TRBV6-5*01	CALSDLFRARGDSNYQLIW	CASSTDRVSEQYF
TRAV35*01	TRBV9*01	CAGLRPLGGQKLLF	CASSVVGLGRVGNTEAFF
TRAV3*01	TRBV27*01	CAVRDAWGGSYIPTF	CASSLSGSHGTEAFF
TRAV21*01	TRBV30*01	CAVKRRRPSGTYKYIF	CAWSGRTYEQYF
TRAV13-2*01	TRBV5-1*01	CAVVSGGYQKVTF	CASSKTIGNQPQHF
TRAV41*01	TRBV28*01	CAAAGGSARQLTF	CASSLANHNQPQHF
TRAV29/DV5*01	TRBV30*01	CAARRSNTGTASKLTF	CAWGGTYVEAFF
TRAV20*01	TRBV18*01	CAVRNSGAGSYQLTF	CASSRVGQGMIEQYF
TRAV12-3*01	TRBV28*01	CAMRDGGGFKTIF	CASNPSGQSNTEAFF
TRAV9-2*01	TRBV4-1*01	CALNPTGGFKTIF	CASSQGVQSTGELFF
TRAV30*01	TRBV12-4*01,TRBV12-3*01	CGTEAPIYGGSQGNLIF	CASTLGTSYNEQFF
TRAV26-2*01	TRBV3-1*01,TRBV3-2*01,TRBV3-2*02	CILRDLWGGFGNVLHC	CASSQGGRGNEQFF
TRAV19*01	TRBV5-1*01	CALIPGGYQKVTF	CASSLGWMNTEAFF
TRAV10*01	TRBV6-2*01	CVVSLSVDGNNRLAF	CASNLMGLIYEQYF
TRAV12-1*01	TRBV5-4*01	CVVTGSSGSARQLTF	CASSFRESYEQYF
TRAV10*01	TRBV25-1*01	CVVSPQGGGFKTIF	CASSDSNRGVGYEQFF
TRAV17*01	TRBV30*01	CATAVHGSSNTGKLIF	CAWSEGYGKGYTF
TRAV41*01	TRBV18*01	CAHPSGTYKYIF	CASSRGTGAYGYTF
TRAV8-3*01	TRBV6-2*01	CAVAVDGGSQGNLIF	CASRYSGTGYYEQYF
TRAV38-1*01,TRAV38-1*03	TRBV19*02,TRBV19*01	CALKAGGTSYGKLTF	CASSIYGGRSDTEAFF
TRAV13-1*01	TRBV12-4*01,TRBV12-3*01	CAAPGGWNTGNQFYF	CASVPAGKEKLFF
TRAV2*01	TRBV18*01	CAVEDSNGGFKTIF	CASSAAIGQGDTDTQYF
TRAV14/DV4*01	TRBV19*02,TRBV19*01	CAMRGGNMLTF	CASNRGETHYGYTF
TRAV23/DV6*01	TRBV6-2*01	CAASSWDTGNQFYF	CASSYPYNEQFF
TRAV29/DV5*01	TRBV7-3*01	CAARSPGGYNKLIF	CASSRQGSNQPQHF
TRAV16*01	TRBV19*02,TRBV19*01	CALSAPFSNNQGGKLIF	CASSTGLHTEAFF
TRAV3*01	TRBV14*01	CAVRTDTGGFKTIF	CASSQDGYEQYF
TRAV13-1*01	TRBV20-1*01	CAAGFGNEKLTF	CSASGRFYNEQFF
TRAV12-1*01	TRBV10-3*01	CVVTVSNDYKLSF	CAISGRTPSTDTQYF
TRAV34*01	TRBV6-5*01	CGADISRAIIGGSQGNLIF	CASSYAPGGGSYGYTF
TRAV8-4*06,TRAV8-4*01	TRBV4-3*01	CAVNLSSGSARQLTF	CASSQDLAREQYF
TRAV35*01	TRBV29-1*01	CAGRGNNNARLMF	CSAGGTGGNEQFF
TRAV19*01	TRBV24-1*01	CALSEALFSTGANSKLTF	CATSDAQDGATNEKLFF
TRAV16*01	TRBV18*01	CALSGEAGNMLTF	CASSPPGVSGGDTQYF
TRAV19*01	TRBV19*02,TRBV19*01	CALSEEQKWFSDGQKLLF	CASSIDPDGSGANVLTF
TRAV29/DV5*01	TRBV14*01	CAAEINAGKSTF	CASSLVNTEAFF
TRAV14/DV4*02	TRBV13*01	CAMREAFHTGGFKTIF	CASTQGRGSYNEQFF
TRAV8-1*01	TRBV4-3*01	CAVGSGNNNARLMF	CASSQDSFNTEAFF
TRAV26-1*01	TRBV6-2*01	CIVSHYLQGAQKLVF	CASRPQGNYGYTF
TRAV39*01	TRBV24-1*01	CAVSRVNRKLTF	CATSEPGGSNEQFF
TRAV5*01	TRBV20/OR9-2*01,TRBV20-1*01	CAESTYGRTNYQLIW	CSATKGGNLNTEAFF
TRAV8-4*06,TRAV8-4*01	TRBV6-5*01	CAVSDLVHGSGNTGKLIF	CASSTDRGEQYF
TRAV8-1*01	TRBV5-1*01	CARMDSSYKLIF	CASSLATSTGELFF
TRAV8-1*01	TRBV12-5*01	CAVPYFYNNAGNMLTF	CASGEGGNTEAFF
TRAV29/DV5*01	TRBV6-5*01	CAARPNTGTASKLTF	CASSYRNYGYTF
TRAV5*01	TRBV7-8*01	CAEGIRNTGFQKLVF	CASSSREYGYGYTF
TRAV12-1*01	TRBV7-3*01	CVVNPEYKFRDNYGQNFVF	CASSPSGGGIYEQYF
TRAV2*01	TRBV19*02,TRBV19*01	CAVEVPNAGKSTF	CASSMTSGSQFF
TRAV14/DV4*01	TRBV25-1*01	CAMRKGIYNQGGKLIF	CASSESAPGTLTSHSGANVLTF
TRAV10*01	TRBV11-2*01	CVVYKAAGNKLTF	CASSLRGNYIYNEQFF
TRAV13-1*01	TRBV27*01	CAASKKNYGGSQGNLIF	CASSPMAGSTDTQYF
TRAV23/DV6*01	TRBV5-1*01	CAASWSTGGFKTIF	CASTLTGSSYEQYF
TRAV9-2*01	TRBV20/OR9-2*01,TRBV20-1*01	CALQAGTASKLTF	CSARDSSGSSYEQYF
TRAV29/DV5*01	TRBV15*01	CAASRLFNKFYF	CATSSSPGVGYEQYF
TRAV14/DV4*01	TRBV7-9*01	CAMRGPPNFGNEKLTF	CASSFGQTNTEAFF
TRAV8-6*01	TRBV6-6*01	CAVRLNTGTASKLTF	CASSYGGADGYTF
TRAV30*01	TRBV7-9*01	CGTEDGNQFYF	CASSLVRALETQYF
TRAV25*01	TRBV20/OR9-2*01,TRBV20-1*01	CAGPVFNKFYF	CSAMRGNYGYTF
TRAV6*01	TRBV7-7*01	CALVTYYGNNRLAF	CASSLGPGGSTDTQYF
TRAV8-2*01	TRBV6-2*01	CVVSGGKLVF	CASSKTNRAIGELFF
TRAV21*01	TRBV4-1*01	CAASPQGGSEKLVF	CASSQDRGRERYNEQFF
TRAV36/DV7*02	TRBV9*01	CAVAFLQGGSEKLVF	CASSAGLANYEQYF
TRAV2*01	TRBV20/OR9-2*01,TRBV20-1*01	CACDHAGVGRESGGYTTDKLIF	CSARAAGTGSTYEQYF
TRAV35*01	TRBV4-1*01	CAGQLGGTASKLTF	CASSQELVGLYEQYF
TRAV35*01	TRBV27*01	CAGQLGHPVGAGTALIF	CASSRGQGGEKLFF
TRAV25*01	TRBV6-2*01	CVEGVDSNYQLIW	CASSYSAVSYNEQFF
TRAV1-2*01	TRBV12-4*01,TRBV12-3*01	CAVSLNRNAGNMLTF	CASILAGSQETQYF
TRAV13-2*01	TRBV6-5*01	CAETRKGSGSRLTF	CASTSGNSYEQYF
TRAV9-2*01	TRBV27*01	CAWGSGGSNYKLTF	CASSSLAGGPPGELFF
TRAV26-2*01	TRBV6-2*01	CILRSTGFQKLVF	CASSYGLSSGNTIYF
TRAV29/DV5*01	TRBV6-5*01	CAASEHNQGGKLIF	CASSPDRGNQPQHF
TRAV20*01	TRBV5-6*01	CAARNRDDKIIF	CASSSGQFATNEKLFF
TRAV8-4*01	TRBV4-3*01	CAVSDDSGNTPLVF	CASSQASFSSGNTIYF
TRAV8-4*01	TRBV10-3*01	CAVTQNSGYALNF	CAITATPGFPYGYTF
TRAV23/DV6*01	TRBV7-9*01	CAASMVSDGQKLLF	CASSLGESSQEKLFF
TRAV38-1*01,TRAV38-1*03	TRBV7-3*01	CAFRSGNTPLVF	CASSLAGGGVSYNEQFF
TRAV1-2*01	TRBV2*01	CAHLSGYSTLTF	CASSRQGYSGNTIYF
TRAV29/DV5*01	TRBV6-1*01	CAASGIDSGAGSYQLTF	CASSERISNRHYGYTF
TRAV24*01	TRBV7-2*01,TRBV7-2*02	CAPLSGNFNKFYF	CASSPRLAVDTQYF
TRAV9-2*01	TRBV27*01	CALSTDSWGKLQF	CASSLSARSNQPQHF
TRAV13-2*01	TRBV13*01	CAENPLGGAGSYQLTF	CASSSSGSSRVSDTQYF
TRAV26-1*01	TRBV6-1*01	CIVRAIANAGGTSYGKLTF	CASSGTSGRGDTQYF
TRAV29/DV5*01	TRBV6-1*01	CAAAQIQGAQKLVF	CASSGGDRSIALHF
TRAV19*01	TRBV5-1*01	CAPSVRAGGTSYGKLTF	CASSLVADLSYEQYF
TRAV12-3*01	TRBV4-2*01	CAMSANYQLIW	CASSQVLAGTYNEQFF
TRAV27*01	TRBV6-1*01	CAGYLHSGNTPLVF	CASSVVAESGEQYF
TRAV13-1*01	TRBV7-2*01,TRBV7-2*02	CAASRRSSNTGKLIF	CASSLPPGGTYEQYF
TRAV5*01	TRBV27*01	CAERGGAGNMLTF	CASSLGLETGIYGYTF
TRAV13-2*01	TRBV28*01	CAEDPGYSTLTF	CASSSTSGNPSGGPDTQYF
TRAV9-2*01	TRBV19*02,TRBV19*01	CALSVKMEYGNKLVF	CASSTGTLNEQFF
TRAV41*01	TRBV27*01	CAVSLRNTDKLIF	CASSLTGAGANVLTF
TRAV12-1*01	TRBV6-5*01	CVVRSDTDKLIF	CASRDRDRAVGEQFF
TRAV13-1*01	TRBV30*01	CAASISGVVVGGSNYKLTF	CAWSLASGVETQYF
TRAV29/DV5*01	TRBV20-1*01	CAAREDSNYQLIW	CSASFVRGLLTGTDTQYF
TRAV26-1*01	TRBV6-1*01	CIVRERGSQGNLIF	CASRITGSRGEKLFF
TRAV10*01	TRBV20/OR9-2*01,TRBV20-1*01	CVVSINTNAGKSTF	CSARDGLGLAGSTDTQYF
TRAV8-6*01	TRBV5-1*01	CAVMRNNARLMF	CASSLSTGLEQYF
TRAV17*01	TRBV9*01	CATDAVTNAGKSTF	CASNANTGELFF
TRAV35*01	TRBV7-3*01	CAGQSQPGGSNYKLTF	CASSFPGRDNEQFF
TRAV22*01	TRBV3-1*01,TRBV3-2*01,TRBV3-2*02	CAVDHGGSQGNLIF	CASSQAGSGGSYNEQFF
TRAV29/DV5*01	TRBV9*01	CAASGFYSGAGSYQLTF	CASGTNEKLFF
TRAV17*01	TRBV7-9*01	CATERDSSYKLIF	CASSLAPTLGNEKLFF
TRAV3*01	TRBV30*01	CAVRDPYTNAGKSTF	CAWSLGGGAKVSYTF
TRAV35*01	TRBV6-1*01	CAGSSNNAGNMLTF	CASSGVGTSGSWDNEQFF
TRAV9-2*01	TRBV5-1*01	CALKDSWGKLQF	CASSLEYRHLSYNEQFF
TRAV12-1*01	TRBV20-1*03,TRBV20/OR9-2*01,TRBV20-1*01	CVVNLYGGSQGNLIF	CSAGPARGSSYEQYF
TRAV19*01	TRBV5-1*01	CALSGRDTNAGKSTF	CASSPAGGANVLTF
TRAV21*01	TRBV7-9*01	CAVFTSGSRLTF	CASSLVGDTQYF
TRAV23/DV6*01	TRBV6-1*01	CAALGLYNTDKLIF	CASRLWGRGTGELFF
TRAV9-2*01	TRBV7-2*01,TRBV7-2*02	CALRAPLGNEKLTF	CASILIGGAGAPDTQYF
TRAV19*01	TRBV7-3*01	CALSISGTYKYIF	CASSLGPGDQETQYF
TRAV29/DV5*01	TRBV2*01	CAASAAGNYGGSQGNLIF	CASSAQGSDEQYF
TRAV14/DV4*01	TRBV5-6*01	CALGEPPPGTYKYIF	CASSYVAESSYNEQFF
TRAV26-1*01	TRBV5-4*04,TRBV5-4*01,TRBV5-4*02	CIVRAATGNQFYF	CASSRTGESNEQFF
TRAV19*01	TRBV29-1*01	CALRPSSGSARQLTF	CSVPQGSGMNTEAFF
TRAV13-2*01	TRBV6-2*01	CAERWFSDGQKLLF	CASSYSTITFGYNEQFF
TRAV14/DV4*02	TRBV4-1*01	CAMREGPGAQKLVF	CASSPQDGGRTF
TRAV12-3*01	TRBV5-1*01	CAMRANNARLMF	CASSLPDSASTDTQYF
TRAV9-2*01	TRBV20/OR9-2*01,TRBV20-1*01	CALSKIGYQKVTF	CSARLPTYNEQFF
TRAV1-1*01	TRBV5-1*01	CAVRDMGTYKYIF	CASRPNRVTYNEQFF
TRAV12-1*01	TRBV20-1*01	CVVNTVTGKLIF	CSATGLGGYTF
TRAV20*01	TRBV11-3*01	CAVHVLMNSGGYQKVTF	CASSPGGGPTDTQYF
TRAV8-3*01	TRBV27*01	CAVAHSGGYQKVTF	CASSYSGRASYEQYF
TRAV6*01	TRBV20/OR9-2*01,TRBV20-1*01	CALVLYNQGGKLIF	CSARDLQGQGIGELFF
TRAV12-3*01	TRBV30*01	CAPEMNNFNKFYF	CAGSWGVETQYF
TRAV39*01	TRBV4-1*01	CAVDSTQGGSEKLVF	CASSQGLTILRVSYGYTF
TRAV8-3*01	TRBV28*01	CAVGARGSGNTGKLIF	CASSLAWGSSNQPQHF
TRAV26-1*01	TRBV5-1*01	CIVRRTGGTSYGKLTF	CASSLAGDREWSTEAFF
TRAV9-2*01	TRBV10-3*01	CALRARDNARLMF	CAISGDRGPSTDTQYF
TRAV38-2/DV8*01	TRBV28*01	CAYKEGRGFGNEKLTF	CASSSRKFTGTEPQHF
TRAV27*01	TRBV6-2*01	CAGGRGINTDKLIF	CASREEGPSSETQYF
TRAV19*01	TRBV12-4*01,TRBV12-3*01	CALGNNNDMRF	CASSTGSGYNEQFF
TRAV39*01	TRBV19*02,TRBV19*01	CAAPEGNRKFTF	CASSIGEGTGTDTQYF
TRAV8-2*01	TRBV6-1*01	CVVSGGGNQFYF	CASSMIRQETQYF
TRAV24*01	TRBV27*01	CASEGATNKLIF	CASRLERHSTDTQYF
TRAV12-1*01	TRBV7-7*01	CVVPQAGTALIF	CASSSRVLAGEQFF
TRAV13-1*01	TRBV18*01	CAASSPPGNTGKLIF	CASSPGEGNQPQHF
TRAV20*01	TRBV20-1*01	CAVRRTGGFKTIF	CSASASPEQYF
TRAV13-2*01	TRBV3-1*01,TRBV3-2*01,TRBV3-2*02	CAGQGIKAAGNKLTF	CASSVSYYEQYF
TRAV14/DV4*02	TRBV6-5*01	CAMREGERGFKTIF	CASRRSWDTQYF
TRAV14/DV4*02,TRAV14/DV4*01	TRBV20/OR9-2*01,TRBV20-1*01	CAMPTRDNAGNMLTF	CSATRQGAYQPQHF
TRAV26-1*01	TRBV5-6*01	CLDQTGANNLFF	CASSGGLAGVPETQYF
TRAV2*01	TRBV6-2*01	CAARLNAGNNRKLIW	CASSYSAASYEQYF
TRAV12-1*01	TRBV15*01	CVVPNTGFQKLVF	CATSRVTGELFF
TRAV41*01	TRBV6-2*01	CARAYRVNRKLTF	CASSPTVQETQYF
TRAV27*01	TRBV5-6*01	CAGEPYNDMRF	CASSFSGSFSHEQFF
TRAV23/DV6*01	TRBV6-5*01,TRBV6-6*01	CAASIEYNNARLMF	CASSYATGGRYTGELFF
TRAV22*01	TRBV9*01	CAVEKVSGNTPLVF	CASSLTSGRGDTQYF
TRAV1-1*02,TRAV1-1*01	TRBV28*01	CVRADRGFKTIF	CARTGTVQETQYF
TRAV8-1*01	TRBV3-1*01,TRBV3-2*01,TRBV3-2*02	CAVNPRLSSGTYKYIF	CASSYRDRGTAFF
TRAV41*01	TRBV20/OR9-2*01,TRBV20-1*01	CAVSDNYGQNFVF	CSARVGTPYEQYF
TRAV38-1*01,TRAV38-2/DV8*01,TRAV38-1*03,TRAV38-1*02,TRAV14/DV4*01	TRBV5-1*01	CALGEKTTDSWGKLQF	CASSFTAGELFF
TRAV26-1*01	TRBV12-4*01,TRBV12-3*01	CIVKGQGAQKLVF	CASSFRRGGLEQYF
TRAV13-1*01	TRBV24-1*01	CAVERNNDMRF	CATSTGQGWGEQFF
TRAV26-2*01	TRBV27*01	CILRERSYNTDKLIF	CASSFTGVYEQYF
TRAV5*01	TRBV2*01	CAESKSWRSNYQLIW	CASSPLERKPSGLEQYF
TRAV14/DV4*02	TRBV6-5*01	CAMRGGNTGNQFYF	CASTRSGGHYNEQFF
TRAV17*01	TRBV19*02,TRBV19*01	CATDRHSNSNSGYALNF	CASSTDREQPQHF
TRAV39*01	TRBV20/OR9-2*01,TRBV20-1*01	CAVKREGGSEKLVF	CSATGPGLAGGYNEQFF
TRAV38-2/DV8*01	TRBV5-1*01	CAYRASFSGNTPLVF	CASRERQGSGNTIYF
TRAV29/DV5*01	TRBV6-2*01	CASDQGGSEKLVF	CASSWGGVYNEQFF
TRAV10*01	TRBV5-1*01	CVVRNNDMRF	CASWPAPNTEAFF
TRAV2*01	TRBV6-1*01	CVRSNDYKLSF	CASSDSGTGPLLGEQYF
TRAV13-2*01	TRBV9*01	CAERFGNYGGSQGNLIF	CASSVGWLGQGANEQFF
TRAV8-6*01	TRBV20-1*03,TRBV20/OR9-2*01,TRBV20-1*01	CAVSDQGDYKLSF	CSAKTSGLYEQYF
TRAV29/DV5*01	TRBV19*02,TRBV19*01	CAAPGRGGGTSYGKLTF	CASSAWTVSDGYTF
TRAV6*01	TRBV12-4*01,TRBV12-3*01	CALDPKVVPGNNRKLIW	CASSSGAYQETQYF
TRAV21*01	TRBV9*01	CACSGSARQLTF	CASSDGVVEKLFF
TRAV21*01	TRBV15*01	CAVSWGGGADGLTF	CATSRQRLAGGIEQFF
TRAV8-4*06,TRAV8-4*01	TRBV6-1*01	CAVSVRAGNNRKLIW	CASLIEVSSYEQYF
TRAV26-2*01	TRBV18*01	CILVNNNAGNMLTF	CASSTDTWYNQPQHF
TRAV9-2*01	TRBV20/OR9-2*01,TRBV20-1*01	CALSDPGSASGNTGKLIF	CSARLEQGYTGELFF
TRAV26-2*01	TRBV15*01	CILTGTTSGTYKYIF	CATSRDRQTEGNTEAFF
TRAV9-2*01	TRBV14*01	CALIPRGARLMF	CATTAGAGANTEAFF
TRAV4*01	TRBV28*01	CLVGLLGRYSTLTF	CASRESLSNQPQHF
TRAV2*01	TRBV10-3*01	CAVEARDNYGQNFVF	CAAGAADRAYEQYF
TRAV25*01	TRBV9*01	CAGPESGGSNYKLTF	CASSSRGNTEAFF
TRAV39*01	TRBV28*01	CAVDLDIGKGGTSYGKLTF	CASTFRSSYEQYF
TRAV23/DV6*01	TRBV12-2*01	CAASPSDARLMF	CASRLNRGGSYNEQFF
TRAV1-1*01	TRBV9*01	CAVRDRVAAGNKLTF	CASSGWGREGVGELFF
TRAV26-2*01	TRBV27*01	CILRDLSNFNKFYF	CASRPDRGLSSYEQYF
TRAV13-1*01	TRBV5-6*01	CAASSPNDYKLSF	CASSLDGGAGQFF
TRAV23/DV6*01	TRBV24-1*01	CAASWSGNKLVF	CATSDFRGSTGELFF
TRAV8-2*01	TRBV3-1*01,TRBV3-2*01,TRBV3-2*02	CVLSPGGSYIPTF	CASSQLDRDYEQYF
TRAV4*01	TRBV5-1*01	CLVGPHRGWGKLQF	CASSLGGTASSTDTQYF
TRAV19*01	TRBV20-1*03,TRBV20/OR9-2*01,TRBV20-1*01	CALSGGRNAGNNRKLIW	CSVRGGADYEQYF
TRAV8-3*01	TRBV4-3*01	CAVPPNQTGANNLFF	CASSQEPGGANEKLFF
TRAV35*01	TRBV27*01	CAGHPTNDTGNQFYF	CASSFKGPSTDTQYF
TRAV6*01	TRBV6-5*01	CALTYSGAGSYQLTF	CASSRQGYPEKLFF
TRAV41*01	TRBV7-3*01	CAASYSNRDDKIIF	CASSLQGGSTDTQYF
TRAV41*01	TRBV6-5*01,TRBV6-6*01	CAVSRRGSARQLTF	CASRPPHKNTEAFF
TRAV41*01	TRBV2*01	CAVRGVGGADGLTF	CASSEARGRTGELFF
TRAV12-2*01,TRAV12-2*03	TRBV27*01	CAVKGGAQKLVF	CASSLVGGRGNQPQHF
TRAV39*01	TRBV28*01	CAVDHNNDMRF	CASRPGWDYGYTF
TRAV29/DV5*01	TRBV9*01	CAASPARRSGGGADGLTF	CASSVGSPPYEQYF
TRAV8-3*01	TRBV7-2*01,TRBV7-2*02	CAGADNNNDMRF	CASSFRDGYGYTF
TRAV14/DV4*01	TRBV28*01	CAMREGLMNSGNTPLVF	CASSPGTAYGYTF
TRAV22*01	TRBV19*02,TRBV19*01	CAVGANSKLTF	CASSIGLAAYEQYF
TRAV41*01	TRBV3-1*01,TRBV3-2*01,TRBV3-2*02	CAVRWGGSEKLVF	CASSHGSPYNEQFF
TRAV24*01	TRBV7-9*01	CARPPGGGNKLTF	CASSLGDRDIEKLFF
TRAV8-1*01	TRBV7-9*01	CAVKSFYGGSQGNLIF	CASSPPGQGLGDTEAFF
TRAV14/DV4*02	TRBV28*01	CAMKGFENNNDMRF	CATRPLMASGNTIYF
TRAV38-1*01	TRBV6-5*01	CAFMKHGTNTGNQFYF	CASSYSRTGPTGELFF
TRAV14/DV4*02	TRBV4-1*01	CAMRGPFPHKLIF	CASSQEYQRESNEQFF
TRAV38-1*01	TRBV6-2*01	CAFILPQPMNRDDKIIF	CASSYPRDEKVIVTEAFF
TRAV8-6*01	TRBV19*02,TRBV19*01	CAVNSGGYQKVTF	CASSIGDRGSYSNQPQHF
TRAV8-3*01	TRBV7-6*01	CAVGAGRTDKLIF	CASSKTDLEKLFF
TRAV12-1*01	TRBV7-2*01,TRBV7-2*02	CVVKDNSGGYQKVTF	CASSPMTSGETQYF
TRAV21*01	TRBV30*01	CAVGISSGSARQLTF	CAWSVERASRPSYEQYF
TRAV19*01	TRBV7-9*01	CALSDSNYQLIW	CASSLGGGTTEAFF
TRAV8-6*01	TRBV12-4*01,TRBV12-3*01	CAGNTGFQKLVF	CASSTGLAGGTSYNEQFF
TRAV3*01	TRBV7-9*01	CAVSPADGQKLLF	CASSLTRTRDRHTGELFF
TRAV4*01	TRBV5-1*01	CLVSRTAAGNKLTF	CASSLTGQETQYF
TRAV8-6*01	TRBV28*01	CAAIRDGNNRLAF	CASSFFGQGGEMNTEAFF
TRAV9-2*01	TRBV18*01	CALSRNDYKLSF	CASSPGTGVYGYTF
TRAV19*01	TRBV12-4*01,TRBV12-3*01	CAPRNTGGFKTIF	CASSVNRVKTEDGYTF
TRAV20*01	TRBV9*01	CAVSTGTASKLTF	CASSRTSYEQYF
TRAV6*01	TRBV5-1*01	CALGGDKLIF	CASSLSGVPNEQFF
TRAV12-1*01	TRBV28*01	CVVNSLLGGGYNKLIF	CASRELAYNEQFF
TRAV9-2*01	TRBV29-1*01	CALSDAGGFKTIF	CSDRTGATSYNEQFF
TRAV10*01	TRBV7-2*01,TRBV7-2*02	CVVRYELNDYKLSF	CASSSMGAGNEQFF
TRAV38-2/DV8*01	TRBV4-1*01	CAYRASNFGNEKLTF	CASSQFQGLNTEAFF
TRAV24*01	TRBV20-1*03,TRBV20/OR9-2*01,TRBV20-1*01	CAFQRGIGFGNVLHC	CSALSPSGQQPSGANVLTF
TRAV2*01	TRBV11-3*01	CAGAPWGYSSASKIIF	CASSLRDGQETQYF
TRAV12-2*01,TRAV12-2*03	TRBV7-3*01	CAPWEESVGYNKLIF	CASSSTGTEAFYTF
TRAV1-2*01	TRBV30*01	CAVREAGAGNNRKLIW	CAWVGGGIETQYF
TRAV8-6*01	TRBV4-1*01	CAVSVVNPYSSASKIIF	CASSRGVAGRHEQFF
TRAV39*01	TRBV6-2*01	CAVAVSTGTASKLTF	CASSVSTGPVGFF
TRAV5*01	TRBV3-1*01,TRBV3-2*01,TRBV3-2*02	CAERRSGGGADGLTF	CASSPRYGGGTGELFF
TRAV13-1*01	TRBV20-1*03,TRBV20/OR9-2*01,TRBV20-1*01	CAAIGFGNVLHC	CSALGQKVQETQYF
TRAV2*01	TRBV25-1*01	CAVEAPCGGFGNVLHC	CASIASGPYNEQFF
TRAV30*01	TRBV7-8*01	CGTEIGLSLAYSGAGSYQLTF	CASSLTGRSYEQYF
TRAV20*01	TRBV20-1*03,TRBV20/OR9-2*01,TRBV20-1*01	CAVHVTTDSWGKFQF	CSAHGTDSNQPQHF
TRAV29/DV5*01	TRBV3-1*01,TRBV3-2*01,TRBV3-2*02	CAASDRGERGQFYF	CASSLRTLAYSGTEAFF
TRAV1-2*01	TRBV6-5*01,TRBV6-6*01	CAASDPDSWGKLQF	CASSLAVTGLPEKLFF
TRAV10*01	TRBV5-6*01	CVVSLPNNRKLIW	CASSFSGGTVNTGELFF
TRAV8-3*01	TRBV13*01	CAVGPGTGNQFYF	CASSLGLAGAFMLSTDTQYF
TRAV5*01	TRBV6-5*01	CAESTRNYGQNFVF	CASSPGGPEQFF
TRAV8-2*01	TRBV27*01	CVVAGNNRKLIW	CASSSGLAESTDTQYF
TRAV21*01	TRBV7-2*01,TRBV7-2*02	CAVLTDKLIF	CASSLGGTQETQYF
TRAV38-2/DV8*01	TRBV2*01	CAYRRAGGSQGNLIF	CASSERSHEQYF
TRAV29/DV5*01	TRBV18*01	CAALWAGSYQLTF	CASSPVGGRSFDTDTQYF
TRAV8-1*01	TRBV5-1*01	CAVNEGRDDKIIF	CASSSSKGGVDEQFF
TRAV29/DV5*01	TRBV27*01	CAALKGGADGLTF	CASSIPGTGNNEQFF
TRAV2*01	TRBV7-8*01	CAADMNYGGSQGNLIF	CASSVDRGLYF
TRAV2*01	TRBV4-2*01	CAVDNARLMF	CASSQDSGSTGELFF
TRAV9-2*01	TRBV28*01	CALSDQGTNAGKSTF	CASSFPRTSGRRDTQYF
TRAV12-1*01	TRBV28*01	CVVKILSTDSWGKLQF	CASSFFSGNTIYF
TRAV13-2*01	TRBV20/OR9-2*01,TRBV20-1*01	CAENINKFYF	CSARGAWLAGVYYEQYF
TRAV20*01	TRBV12-4*01,TRBV12-3*01	CAVQAYSTLTF	CASSLYSSYEQYF
TRAV41*01	TRBV12-4*01,TRBV12-3*01	CAVKKGRGSNYKLTF	CASSLWGIAKNIQYF
TRAV1-1*02,TRAV1-1*01	TRBV12-4*01,TRBV12-3*01	CAVSDPMTGFQKLVF	CASGGGFNTGELFF
TRAV27*01	TRBV6-2*01	CAGAWSTNAGKSTF	CASRPRGTEAFF
TRAV41*01	TRBV5-6*01,TRBV5-7*01	CAVMAGTASKLTF	CASSLQLTPYEQYF
TRAV14/DV4*01	TRBV5-8*01	CALGGTNAGGTSYGKLTF	CASSTPTGIYGYTF
TRAV14/DV4*01	TRBV6-1*01	CAMREGPSDTGFQKLVF	CGSSEIGNQPQHF
TRAV13-1*01	TRBV7-2*01,TRBV7-2*02	CAANPCEGGGFKTIF	CASSLAATSGSYEQYF
TRAV30*01	TRBV4-3*01	CGTEREPHAGGTSYGKLTF	CASSQGTGGLTGELFF
TRAV1-2*01	TRBV6-2*01	CAATRRVNDYKLSF	CASSYSLRQGHTEAFF
TRAV12-2*01,TRAV12-2*03	TRBV2*01	CAVGEGTNAGKSTF	CASSPFLAGGEQFF
TRAV41*01	TRBV25-1*01	CAALLRGGADGLTF	CASSDLGQGYGYTF
TRAV10*01	TRBV4-2*01	CVVIRMDSNYQLIW	CASSPEALAGTYEQYF
TRAV1-2*01	TRBV12-4*01,TRBV12-3*01	CAVRVENAGGTSYGKLTF	CASSATGIGNYGYTF
TRAV39*01	TRBV27*01	CAVDPYGNKLVF	CASSFTPGTGAHEQYF
TRAV26-2*01	TRBV5-1*01	CINMEYGNKLVF	CASSFSGEQYF
TRAV8-3*01	TRBV4-3*01	CAVALLGGATNKLIF	CASSQVGGIETQYF
TRAV41*01	TRBV30*01	CAVSFEGGGADGLTF	CAWSVLTAGYEQYF
TRAV35*01	TRBV4-1*01	CAGETGTASKLTF	CASSQEGGRDEQFF
TRAV22*01	TRBV11-3*01,TRBV7-2*01,TRBV7-2*02,TRBV11-2*01	CAVPKAAGNKLTF	CASSLGGGNIRSLAGVNEQFF
TRAV13-2*01	TRBV3-1*01,TRBV3-2*01,TRBV3-2*02	CAENPLSGSARQLTF	CASSTLRGHGYTF
TRAV26-1*01	TRBV3-1*01,TRBV3-2*01,TRBV3-2*02	CIVRNMKTSYDKVIF	CASSQVEGGEQYF
TRAV26-2*01	TRBV15*01	CILRDTPDDMRF	CATSREIGSSYEQYF
TRAV4*01	TRBV5-1*01	CPQRGGGATNKLIF	CASSLRLAQRDTQYF
TRAV13-2*01	TRBV27*01	CAEMRYGGSQGNLIF	CASTQGNAYNEQFF
TRAV29/DV5*01	TRBV7-8*01	CAAGLNNAGNMLTF	CASSSRGGLGPYEQYF
TRAV27*01	TRBV4-1*01	CAGVRDSGGSNYKLTF	CASSQGEGVVPYEQYF
TRAV21*01	TRBV7-9*01	CAVSPQRGQKLLF	CASSPGFEARGTQYF
TRAV1-2*01	TRBV3-1*01,TRBV3-2*01,TRBV3-2*02	CAVSPSGGGNKLTF	CASSPPGQGSNGYTF
TRAV8-3*01	TRBV3-1*01,TRBV3-2*01,TRBV3-2*02	CAYSSASKIIF	CASSQPTGFRTEAFF
TRAV26-1*01	TRBV18*01	CIVRPDPKTSYDKVIF	CASSGRTDTQYF
TRAV27*01	TRBV5-4*04,TRBV5-4*01,TRBV5-4*02	CAGATGDNFNKFYF	CASSPIDPDRGLYGYTF
TRAV13-2*01	TRBV30*01	CAENPINKFYF	CAWGDPAYEQYF
TRAV12-1*01	TRBV20/OR9-2*01,TRBV20-1*01	CVVNAGGGNKLTF	CSARDLGEYEQYF
TRAV9-2*01	TRBV2*01	CALITPSSGSARQLTF	CASSDSQLASHHNEQFF
TRAV12-3*01	TRBV27*01	CAMRVTGGGNKLTF	CASSLLAAGPGETQYF
TRAV9-2*01	TRBV6-6*01	CAPTGANSKLTF	CASSYGQGELFF
TRAV14/DV4*01	TRBV18*01	CALGVRNQGGKLIF	CASSPVGGNTGELFF
TRAV35*01	TRBV19*02,TRBV19*01	CAGPLYNQGGKLIF	CATTPGLTDTQYF
TRAV26-1*01	TRBV15*01	CIVPSPNYGGSQGNLIF	CATSHLLAGIYGYTF
TRAV8-6*01	TRBV7-6*01	CAVSDGVSGGGADGLTF	CASSSPELEQYF
TRAV9-2*01,TRAV13-2*01,TRAV9-1*01	TRBV2*01	CALGELTYWGIQGKYTDKLIF	CATWGDYEQYF
TRAV39*01	TRBV9*01	CAVDEYSGYALNF	CASSVVGQGSGTQYF
TRAV21*01	TRBV5-1*01	CAVETNAGKSTF	CASSLERSTDTQYF
TRAV1-2*01	TRBV20-1*03,TRBV20/OR9-2*01,TRBV20-1*01	CAVRDDGNNNARLMF	CSANNRDSNQETQYF
TRAV19*01	TRBV9*01	CALSEVERKGGKLIF	CASSPQGPLDTQYF
TRAV23/DV6*01	TRBV5-1*01	CAASIEDSGYALNF	CASSLDSNYGYTF
TRAV9-2*01	TRBV2*01	CALTPDRGSTLGRLYF	CASSDEHTTLKPQHF
TRAV35*01	TRBV30*01	CAGQIAGFGNVLHC	CAWSVHSNQPQHF
TRAV13-1*01	TRBV7-2*01,TRBV7-2*02	CAATYNNARLMF	CASSFDTDTQYF
TRAV1-2*01	TRBV5-4*04,TRBV5-4*01,TRBV5-4*02	CAVKGNMLTF	CASSQLAMETQYF
TRAV36/DV7*02	TRBV9*01	CAVGSYSSASKIIF	CASTKTGSNTGELFF
TRAV9-2*01	TRBV3-1*01,TRBV3-2*01,TRBV3-2*02	CALMHSGYSTLTF	CASSQNGPNTGELFF
TRAV12-3*01	TRBV20-1*03,TRBV20/OR9-2*01,TRBV20-1*01	CARSGGSYIPTF	CSAASGRAHEQYF
TRAV17*01	TRBV6-2*01	CATDRTSGTYKYIF	CASSRLAGGRTDTQYF
TRAV14/DV4*02	TRBV7-8*01	CAMSSASGGSYIPTF	CASSLVAGGTYNEQFF
TRAV38-2/DV8*01	TRBV9*01	CAIFLTGNQFYF	CASSVGRTSGYEQYF
TRAV19*01	TRBV10-2*01	CGAGTYKYIF	CASGGNTGELFF
TRAV26-2*01	TRBV20/OR9-2*01,TRBV20-1*01	CILRDAIQGAQKLVF	CSAREKTGWYTDTQYF
TRAV30*01	TRBV27*01	CGTGRVGGSEKLVF	CASSLSGMNTEAFF
TRAV36/DV7*02	TRBV5-4*01	CAVINARLMF	CASSSGTSIGYEQYF
TRAV13-2*01	TRBV3-1*01,TRBV3-2*01,TRBV3-2*02	CAENGDSNTGAQKLVF	CASSSGTLQVTQYF
TRAV17*01	TRBV28*01	CVPGGTSYGKLTF	CASYLATDYGYTF
TRAV26-1*01	TRBV19*02,TRBV19*01	CMPLQGGQKVTF	CASSGQGSGANVLTF
TRAV8-2*01	TRBV15*01	CVVIQGGSQGNLIF	CATSRGQGGSTDTQYF
TRAV34*01	TRBV3-1*01,TRBV3-2*01,TRBV3-2*02	CGADGVTQGGSEKLVF	CASSQPGAGTEAFF
TRAV19*01	TRBV6-1*01	CALTRRTSGTYKYIF	CASSVSRGHEETQYF
TRAV1-1*01	TRBV19*02,TRBV19*01	CAVRVRPPLRNARLMF	CASSIMSGETQYF
TRAV3*01	TRBV6-5*01,TRBV6-6*01,TRBV6-1*01	CAVRDGLKGSGYALNF	CASSLISSRQGSYEQYF
TRAV9-2*01	TRBV28*01	CALSAPPNDYKLSF	CASSDQGETNEKLFF
TRAV34*01	TRBV27*01	CGADIGGNTPLVF	CASSPGVDYGYTF
TRAV9-2*01	TRBV28*01	CALKGTSYGKLTF	CASKRTGLGEQYF
TRAV20*01	TRBV6-5*01	CAVRILPNDYKLSF	CASSYLDRRTEAFF
TRAV26-2*01	TRBV7-2*01,TRBV7-2*02	CILSSNAGGTSYGKLTF	CASSLNRGNTGELFF
TRAV3*01	TRBV6-2*01	CAVREPGSSASKIIF	CASSASSGRTSHEQFF
TRAV8-4*01	TRBV28*01	CAVSERRYGNKLVF	CASSLKYDTQYF
TRAV8-3*01	TRBV28*01	CAVGLTGNQFYF	CASRSRSRPLALAGVVNEQFF
TRAV25*01	TRBV6-5*01	CAGVIKAAGNKLTF	CASSPRQNTNQETQYF
TRAV38-2/DV8*01	TRBV28*01	CALSGVAAGNKLTF	CAGGDGTEEKLFF
TRAV13-1*01	TRBV28*01	CAAHTYNNNDMRF	CASSLRAEQYF
TRAV14/DV4*01	TRBV6-5*01	CAMSVDRGSTLGRLYF	CASSSSGLPYEQYF
TRAV1-2*01	TRBV27*01	CAVRDGGDNNARLMF	CASSDSGYEQYF
TRAV14/DV4*01	TRBV7-3*01	CAMREEGRDDKIIF	CASSLSRTSIYEQFF
TRAV6*01	TRBV18*01	CALDDAAGNKLTF	CASSPPGQASYEQYF
TRAV13-1*01	TRBV4-1*01	CAATPYSTLTF	CASSQVGQLNTEAFF
TRAV14/DV4*02	TRBV5-1*01	CAMRDRKDSGGSNYKLTF	CASSPPSTDTQYF
TRAV9-2*01	TRBV7-2*01,TRBV7-2*02	CALTGRKGGGNKLTF	CASSPLDHSGNTIYF
TRAV12-1*01	TRBV7-6*01	CVVNRGSGGSYIPTF	CASINPRKTEAFF
TRAV1-1*01	TRBV20-1*03,TRBV20/OR9-2*01,TRBV20-1*01	CAVRDDPLGGQKLLF	CSASVATGGAGNQPQHF
TRAV8-2*01	TRBV6-2*01	CVVTSSNAGGTSYGKLTF	CASRQDLLSYNEQFF
TRAV6*01	TRBV29-1*01	CALPLGDSGGYQKVTF	CSVVGTEETQYF
TRAV22*01	TRBV20-1*01	CAVVTTDSWGKLQF	CSASTRQGKEKLFF
TRAV10*01	TRBV5-6*01	CVVSATKEYGNKLVF	CASSFLSAGANVLTF
TRAV3*01	TRBV3-1*01,TRBV3-2*01,TRBV3-2*02	CAVSPISGGYNKLIF	CASSQALGPQPYEQYF
TRAV12-1*01	TRBV7-2*01,TRBV7-2*02	CVVNSYSNYQLIW	CASSLGIDNEQFF
TRAV40*01	TRBV6-2*01	CLLGGPGANSKLTF	CASSLGLAGVIEQFF
TRAV29/DV5*01	TRBV6-2*01	CAGVGGSQGNLIF	CASSPGTSGSRETQYF
TRAV8-4*03,TRAV8-4*01	TRBV6-5*01	CATPEFTGRRALTF	CASSRITGNSLRIYGYTF
TRAV13-1*01	TRBV24-1*01	CATMDSSYKLIF	CATSRTGGNYGYTF
TRAV14/DV4*02,TRAV14/DV4*01	TRBV20/OR9-2*01,TRBV20-1*01	CAIWGAPSGAGSYQLTF	CSARGSGRAIETQYF
TRAV19*01	TRBV18*01	CALSGGGEEGNRKFTF	CASSLQGTSEKLFF
TRAV12-1*01	TRBV15*01	CVVDSIYGNKLVF	CATSRQGWGEQFF
TRAV23/DV6*01	TRBV7-8*01	CAASRFGKLIF	CASSQRRTSGTYEQYF
TRAV8-2*01	TRBV4-2*01	CVVSDQIQGAQKLVF	CASSQSGTGYTF
TRAV2*01	TRBV6-5*01,TRBV6-1*01	CAGRDDKIIF	CASKTGAVNSPSPLHF
TRAV13-2*01	TRBV4-2*01	CAEKPGGYNKLIF	CASSQEDRYQETQYF
TRAV10*01	TRBV30*01	CVVSSNYNTDKLIF	CAWSTLTGANTIYF
TRAV26-1*01	TRBV9*01	CIVMGYSGAGSYQLTF	CASSELAGGPADTQYF
TRAV6*01	TRBV9*01	CALDPRDSNYQLIW	CASSLSGRNTIYF
TRAV24*01	TRBV30*01	CAFESSGDKLTF	CAWSAGIGTVYGYTF
TRAV13-2*01	TRBV15*01	CAETPDARLMF	CATSRDKREINEQYF
TRAV13-1*01	TRBV6-1*01	CAAEGDYKLSF	CASSETLLAGGSQFF
TRAV8-4*06,TRAV8-4*01	TRBV7-2*01,TRBV7-2*02	CAVTLSPDSGGGADGLTF	CASSARTANTGELFF
TRAV5*01	TRBV6-2*01	CAEKVGGSQGNLIF	CASRGLVDYNEQFF
TRAV9-2*01	TRBV9*01	CALSHGSSNTGKLIF	CASSKPDNSPLHF
TRAV19*01	TRBV12-4*01,TRBV12-3*01	CALSEPGGTSYGKLTF	CASSLRIRDRGSRETQYF
TRAV29/DV5*01	TRBV7-2*01,TRBV7-2*02	CAAPNNAGNMLTF	CASSLRVDPAHNEQFF
TRAV6*01	TRBV11-2*01	CALVPNAGNMLTF	CASSPWGGKQYF
TRAV41*01	TRBV5-1*01	CAVRVGEYGGATNKLIF	CASSLRPGQPRETQYF
TRAV20*01	TRBV28*01	CAVQEGEVRLTGGGNKLTF	CASTLGGEAYGYTF
TRAV23/DV6*01	TRBV5-1*01	CAAFGNVLHC	CASSLRTETNTEAFF
TRAV26-2*01	TRBV6-6*01	CILRGWNNNDMRF	CASSYRTGLGNTIYF
TRAV9-2*01	TRBV2*01	CALSGVTGNQFYF	CASRGEGGMAQHF
TRAV26-2*01	TRBV29-1*01	CILRALPQTGANNLFF	CSVPGGRGYTF
TRAV13-1*01	TRBV5-4*01	CAASRANDYKLSF	CASSSARGSSPLHF
TRAV38-2/DV8*01	TRBV9*01	CAYRSALTNFGNEKLTF	CASSEPSGSYEQFF
TRAV8-4*06,TRAV8-4*01	TRBV9*01	CAVISSPSGGSYIPTF	CASSGGQGSYNEQFF
TRAV12-3*01	TRBV5-1*01	CAMSVYDLNTGFQKLVF	CASSLASGRIGELFF
TRAV8-6*01	TRBV6-2*01	CAVRRSGTRGSQGNLIF	CASSYEWTGTSEQYF
TRAV20*01	TRBV4-1*01	CAVLGDYGGSQGNLIF	CASSQFGGGRNDEQYF
TRAV29/DV5*01	TRBV12-5*01	CAAKFPRRGGFGNVLHC	CASGLTLPGELFF
TRAV9-2*01	TRBV10-1*01,TRBV10-1*02	CAIKSQGGSEKLVF	CASPMTDAQTSDEQFF
TRAV2*01	TRBV27*01	CAVGKGTYKYIF	CASSFSPTGTGHSYGYTF
TRAV8-4*01	TRBV19*02,TRBV19*01	CAVSDRTGRRALTF	CASLPGTVVSYEQYF
TRAV34*01	TRBV29-1*01	CGAEREYGNKLVF	CSVPMETQYF
TRAV17*01	TRBV15*01	CATDALNFGNEKLTF	CATSRFAGNEQYF
TRAV8-3*01	TRBV7-2*01,TRBV7-2*02	CAVRGIKAAGNKLTF	CASSPLGVGNNEQFF
TRAV8-3*01	TRBV4-2*01	CAVGGTMDTGRRALTF	CASSQASDRAVYEQYF
TRAV12-3*01	TRBV6-2*01	CAMSLIKAAGNKLTF	CASSRLGQDYEQYF
TRAV9-2*01	TRBV3-1*01,TRBV3-2*01,TRBV3-2*02	CALSFSNTGKLIF	CASSQDPGASYEQYF
TRAV17*01	TRBV28*01	CAGPYVNNAGNMLTF	CASSHRRERESDTQYF
TRAV12-2*01,TRAV12-2*03	TRBV4-3*01	CAVKGPGGSYIPTF	CASSQEARGSYNEQFF
TRAV12-1*01	TRBV7-9*01	CVASKDNNDMRF	CASSPFRREATDTQYF
TRAV23/DV6*01	TRBV5-5*01	CAASNERGGSNYKLTF	CASSLSSGGELFF
TRAV40*01	TRBV7-2*01,TRBV7-2*02	CHNNAGNMLTF	CASSTTGAVLLAKNIQYF
TRAV19*01	TRBV28*01	CALTMVTGGGNKLTF	CASRTLHYGYTF
TRAV6*01	TRBV20/OR9-2*01,TRBV20-1*01	CALGDYARLMF	CSARPGTGSSNYGYTF
TRAV5*01	TRBV7-3*01	CAEMKAAGNKLTF	CASSLTYGGRGTGELFF
TRAV38-2/DV8*01	TRBV28*01	CAYRSPGNGANSKLTF	CASSIVAGGGPDTQYF
TRAV12-3*01	TRBV2*01	CAFPSNSGYALNF	CASSGRTRGTEAFF
TRAV23/DV6*01	TRBV20/OR9-2*01,TRBV20-1*01	CAAPALDPGANNLFF	CSARLRTALGEKLFF
TRAV40*01	TRBV6-5*01	CLLGEWDFRGANSKLTF	CASSYGQGSVWEQYF
TRAV13-1*01	TRBV3-1*01,TRBV3-2*01,TRBV3-2*02	CAAINNDYKLSF	CASSHRTGGVAFF
TRAV29/DV5*01	TRBV19*02,TRBV19*01	CAGTLGFGNVLHC	CASSIDPSRGNTEAFF
TRAV4*01	TRBV6-2*01	CLVGRTTSGTYKYIF	CASSPLAVSTDTQYF
TRAV5*01	TRBV12-4*01,TRBV12-3*01	CAESVFSIGFGNVLHC	CASSLRLAWREMAGGVHEQYF
TRAV14/DV4*02	TRBV2*01	CAMRETGGKLIF	CASSEIGTGSYEQYF
TRAV25*01	TRBV29-1*01	CAGPSSGGYQKVTF	CATGATRGEQYF
TRAV24*01	TRBV15*01	CASGGTSYGKLTF	CATSLGGWTYNEQFF
TRAV14/DV4*02	TRBV2*01	CAMREGPRNFNKFYF	CASSGGTGRSGNTIYF
TRAV20*01	TRBV2*01	CAVLRLGGGNKLTF	CASSRRDRTEAFF
TRAV9-2*01	TRBV24-1*01	CALTSGANNLFF	CATSDGGTGDDTQYF
TRAV39*01	TRBV20-1*03,TRBV20/OR9-2*01,TRBV20-1*01	CAVGRETSGSRLTF	CSAFKSGTGGGYTF
TRAV23/DV6*01	TRBV3-1*01,TRBV3-2*01,TRBV3-2*02	CAASLEGFGNVLHC	CASSQELAGLAGGPGTDTQYF
TRAV8-1*01	TRBV18*01	CAAFFNNAGNMLTF	CASSPGTSAPYEQYF
TRAV1-1*02,TRAV1-1*01	TRBV5-1*01	CAALFGNVLHC	CASSLGSENSPLHF
TRAV12-1*01	TRBV20-1*03,TRBV20-1*01	CVVLDSGGYNKLIF	CSGRPNTEAFF
TRAV19*01	TRBV3-1*01,TRBV3-2*01,TRBV3-2*02	CSLPERGWNQGGKLIF	CASSQVKGAGYEQYF
TRAV4*01	TRBV5-1*01	CLVGDPGYQKVTF	CASSLADSNEQYF
TRAV39*01	TRBV6-2*01	CAVDTGKRGGAQKLVF	CASSFPGTGGVGTEAFF
TRAV7*01	TRBV4-2*01	CAVAGDSNYQLIW	CASSPVAGTSQPQHF
TRAV12-3*01	TRBV9*01	CAMCGGSNYKLTF	CASSTHGSSTDTQYF
TRAV34*01	TRBV6-1*01	CGADIGGGADGLTF	CASSDRGSNEKLFF
TRAV38-2/DV8*01	TRBV6-4*01	CAYRNNNDMRF	CASSDSFGGDTQYF
TRAV23/DV6*01	TRBV28*01	CAASMGSSNTGKLIF	CASSLPGGPDYGYTF
TRAV12-1*01	TRBV10-3*01	CVVTAFGGGGNKLTF	CAISDLTKNTGELFF
TRAV2*01	TRBV25-1*01	CAVPHSGGYQKVTF	CASSESIRRTGYEQYF
TRAV9-2*01	TRBV6-5*01,TRBV6-1*01	CALRWVTGGGNKLTF	CASSPGGLAGAETQYF
TRAV8-2*01	TRBV7-2*01,TRBV7-2*02	CVVSDPNNAGNMLTF	CASSLGSSGGYNEQFF
TRAV1-1*02,TRAV1-1*01	TRBV7-9*01	CAVSRGTALIF	CASSLSRTGEGYEQYF
TRAV41*01	TRBV5-1*01	CAVRLNDYKLSF	CASSLRGQGADEQFF
TRAV1-1*01	TRBV11-1*01	CAVRERPGSGNTPLVF	CASSWTSGDYNEQFF
TRAV39*01	TRBV15*01	CAVGSDDMRF	CATGAGNSYEQYF
TRAV2*01	TRBV4-2*01	CAGQYNFNKFYF	CASSLMSGIGQETQYF
TRAV5*01	TRBV6-2*01	CAESIKAAGGGADGLTF	CASSSNYQETQYF
TRAV1-1*02,TRAV1-1*01	TRBV5-6*01	CAVFDYKLSF	CASSLGVFGGQETQYF
TRAV29/DV5*01	TRBV19*02,TRBV19*01	CAASYYNARLMF	CASSIDLWTEAFF
TRAV9-2*01	TRBV9*01	CALSEGGSNYQLIW	CASSARDSTYEQYF
TRAV8-4*01	TRBV27*01	CAVTFSDGQKLLF	CASSLGRDFTEAFF
TRAV29/DV5*01	TRBV4-3*01	CAAWDSGAGSYQLTF	CASSQGSSVIGELFF
TRAV20*01	TRBV7-9*01	CAVQVRRDSWGKLQF	CASSVDPEAFF
TRAV4*01	TRBV30*01	CPGRMDSSYKLIF	CAGTSGSRDTQYF
TRAV19*01	TRBV5-5*01	CALRPADDAGKSTF	CASSLARGREQYF
TRAV5*01	TRBV7-8*01	CAENRGNTPLVF	CASSPRTAMNTEAFF
TRAV13-1*01	TRBV7-9*01	CAASDGNAGKSTF	CASSRDRRAFF
TRAV8-6*01	TRBV6-5*01	CAVSDNTGFQKLVF	CASSYPAGGLRNEQFF
TRAV36/DV7*01	TRBV20-1*01	CAVEIRIPPGGAQKLVF	CSASPVSDTQYF
TRAV26-2*01	TRBV27*01	CILRDLHMRF	CASSPTLSAGLNQPQHF
TRAV5*01	TRBV4-1*01	CAEIGDSSYKLIF	CASSRTSGTTLAETQYF
TRAV17*01	TRBV9*01	CAGVSGAGSYQLTF	CASSGQGATNEKLFF
TRAV2*01	TRBV5-1*01	CALSPYSGNTPLVF	CASSLLGIMNTEAFF
TRAV24*01	TRBV5-1*01	CAFHSWGKLQF	CASSLAGEANEQFF
TRAV5*01	TRBV12-4*01,TRBV12-3*01	CAESITGGYNKLIF	CASSLNSQQYF
TRAV5*01	TRBV4-1*01	CADYSSYKLIF	CASSQVGDSNTNEQFF
TRAV8-3*01	TRBV12-4*01,TRBV12-3*01	CPVENYGQNFVF	CASSLQGVPPYEQYF
TRAV19*01	TRBV29-1*01	CPRGVTNNDMRF	CSVEGNTGELFF
TRAV4*01	TRBV12-4*01,TRBV12-3*01	CLVLLGAGGFKTIF	CASSQSGRNGELFF
TRAV6*01	TRBV29-1*01	CAQFPRGSTLGRLYF	CSVARANYGYTF
TRAV8-2*01	TRBV6-1*01	CVVSVGYGNKLVF	CASSPLGRMNTEAFF
TRAV26-1*01	TRBV19*02,TRBV19*01	CIVMSTNAGKSTF	CASSGGRGGVYEQYF
TRAV22*01	TRBV27*01	CAVEMASGTYKYIF	CASSLDRASYEQYF
TRAV2*01	TRBV5-6*01	CATLGSNQGGKLIF	CASTLTGDGYTF
TRAV36/DV7*02	TRBV6-1*01	CAVECSGYALNF	CASSEAGRGVGTDTQYF
TRAV8-3*01	TRBV20-1*03,TRBV20/OR9-2*01,TRBV20-1*01	CAVSQGGSEKLVF	CSASKSGRNEQFF
TRAV17*01	TRBV7-8*01	CARIYSGAGSYQLTF	CASSFQETQYF
TRAV9-2*01	TRBV7-8*01	CAHRGNTGGFKTIF	CASSSTRTSHIDEQYF
TRAV19*01	TRBV19*02,TRBV19*01	CALSEVDYGQNFVF	CASSIDGRQYEQYF
TRAV8-3*01	TRBV20/OR9-2*01,TRBV20-1*01	CAVGATSSGGFKTIF	CSARDPSKGFGYTF
TRAV13-2*01	TRBV18*01	CAEKSETSYDKVIF	CASSHRAGAHEKLFF
TRAV25*01	TRBV7-9*01	CASFKAAGNKLTF	CASSLAWGEGTEAFF
TRAV12-2*01,TRAV12-2*03	TRBV27*01	CAVMGTPLVF	CASRQGFLSYNEQFF
TRAV23/DV6*01	TRBV30*01	CAAPHSGAGSYQLTF	CAWGTGSPARYF
TRAV26-1*01	TRBV2*01	CIVSGANAGGTSYGKLTF	CASGILAGEVGELFF
TRAV5*01	TRBV2*01	CAGVLYNFNKFYF	CASSAGANTGELFF
TRAV8-2*01	TRBV4-3*01	CVVSDRYNFNKFYF	CASSQVGGNAEAFF
TRAV27*01	TRBV20/OR9-2*01,TRBV20-1*01	CAGVGDNNAGNMLTF	CSARDPSRTYEQYF
TRAV20*01	TRBV30*01	CAVPYSGGYQKVTF	CAWSPAWTVNTEAFF
TRAV19*01	TRBV28*01	CALIPRGGYQKVTF	CASSFRGSTYEQYF
TRAV12-1*01	TRBV4-3*01	CVVNAGLNRDDKIIF	CASSQDRTGSSYNEQFF
TRAV21*01	TRBV9*01	CAVNPLLGSARQLTF	CASSASSRNTEAFF
TRAV19*01	TRBV30*01	CALKGGATNKLIF	CAWSGGGGTEAFF
TRAV6*01	TRBV27*01	CAPLGGSARQLTF	CASSPGTGGPNQPQHF
TRAV23/DV6*01	TRBV6-5*01	CAAKGYGGSQGNLIF	CASTGLLDSPLHF
TRAV29/DV5*01	TRBV6-2*01	CAATLKSGGSYIPTF	CAAGGSSGREPFF
TRAV9-2*01	TRBV24-1*01	CALSPYNQGGKLIF	CATSRRVNEQFF
TRAV9-2*01	TRBV5-4*01	CALVWGGSEKLVF	CASSLFVGTQYF
TRAV14/DV4*01	TRBV4-3*01	CALDCLRCLYWDTDKLIF	CASSPGTSAQETQYF
TRAV26-1*01	TRBV20/OR9-2*01,TRBV20-1*01	CTQAAGNKLTF	CSARGGLTTGELFF
TRAV13-1*01	TRBV20/OR9-2*01,TRBV20-1*01	CAVPFSGGYNKLIF	CSARDEGKRGSGETQYF
TRAV1-2*01	TRBV9*01	CAVLTPYGGSQGNLIF	CASSVGSSGANVLTF
TRAV14/DV4*01	TRBV4-2*01	CAMRGASGGTSYGKLTF	CASSQDRPLGLYEQYF
TRAV13-2*01	TRBV7-3*01	CAEIDNNAGNMLTF	CASSLSTSGKQFF
TRAV12-1*01	TRBV20-1*03,TRBV20/OR9-2*01,TRBV20-1*01	CVVNIGRIFNKFYF	CSAGSRPSYNSPLHF
TRAV23/DV6*01	TRBV20-1*03,TRBV20/OR9-2*01,TRBV20-1*01	CAAAHNKLIF	CSVASANTGELFF
TRAV20*01	TRBV7-9*01	CAVLLRQGGSEKLVF	CASSLVNGYEQYF
TRAV1-2*01	TRBV28*01	CAVIDRDDKIIF	CASSLSTAGAFF
TRAV3*01	TRBV27*01	CAVRVNNTDKLIF	CASSLEGTVPSYEQYF
TRAV12-2*01	TRBV5-4*01	CAVNKGGGNKLTF	CASSSPDRATYEQYF
TRAV36/DV7*01	TRBV30*01	CAVSGGSNYKLTF	CAWSEFLIARTYEQYF
TRAV17*01	TRBV20/OR9-2*01,TRBV20-1*01	CATYTINNARLMF	CSARVGGNLNTEAFF
TRAV25*01	TRBV27*01	CINRFYGGSQGNLIF	CASSSSDTTRGFFREQYF
TRAV13-2*01	TRBV7-9*01	CAEKRTYSGAGSYQLTF	CASSPDGNTEAFF
TRAV21*01	TRBV5-1*01	CAADAPNYGGSQGNLIF	CASSLAGPREDTQYF
TRAV4*01	TRBV15*01	CLVAEAAGNKLTF	CATSRVGLPQYF
TRAV17*01	TRBV6-5*01	CATDAVTTDSWGKLQF	CASTHGGAPYEQYF
TRAV35*01	TRBV4-2*01	CAGENLPNTGNQFYF	CASSQVLAITNYGYTF
TRAV40*01	TRBV5-6*01	CLLGPFTSGTYKYIF	CASSLVGGYNHDGRETQYF
TRAV13-1*01	TRBV5-4*01	CAASGGYIPTF	CASSLAPGQNYEQYF
TRAV4*01	TRBV7-3*01	CLVGPFYGANNLFF	CASSLTPTSQETQYF
TRAV5*01	TRBV20-1*03,TRBV20/OR9-2*01,TRBV20-1*01	CAESKTSNTGKLIF	CSARQFGRDTIYF
TRAV14/DV4*01	TRBV4-3*01	CALGAPRLMF	CASSQGEEETQYF
TRAV29/DV5*01	TRBV29-1*01	CAARAPSGSARQLTF	CSVESGARTDTQYF
TRAV12-1*01	TRBV7-8*01	CVVCFVYSGTYKYIF	CASSLAGGAGASNEKLFF
TRAV19*01	TRBV7-9*01	CALSELNYGGSQGNLIF	CASSKRTSSYEQYF
TRAV26-1*01	TRBV20/OR9-2*01,TRBV20-1*01	CIVRRDNPGANNLFF	CSAREQMGQDYEQYF
TRAV27*01	TRBV20-1*01	CAGEGRRGNRKFTF	CSASVTGLPDTQYF
TRAV26-1*01	TRBV5-5*01	CIGESGNTPLVF	CASSFTSGRLNEQFF
TRAV17*01	TRBV4-3*01	CATDLADNYGQNFVF	CASSHATGTGTYEQYF
TRAV41*01	TRBV29-1*01	CAVQWVRNTGNQFYF	CSGLPGADTQYF
TRAV12-2*01,TRAV12-2*03	TRBV12-4*01,TRBV12-3*01	CAVLPNNNDMRF	CASKLTGERGYTF
TRAV13-2*01	TRBV6-5*01,TRBV6-6*01,TRBV6-1*01	CAERGEYGNKLVF	CASRITGLSLIDNNEQFF
TRAV2*01	TRBV6-5*01	CAVEEKDSNYQLIW	CASSYRQGTNQPQHF
TRAV24*01	TRBV5-6*01	CASSGYSSASKIIF	CASSLGQVHEQYF
TRAV29/DV5*01	TRBV6-5*01	CAASEPWSGGGADGLTF	CASSYSGSNSPLHF
TRAV23/DV6*01	TRBV9*01	CAASFGGGSQGNLIF	CASSVGGTGGGVEYF
TRAV41*01	TRBV9*01	CAVEKADMRF	CASSVAAEIPSVKSRLTSEQFF
TRAV23/DV6*01	TRBV5-1*01	CAASVDNYGQNFVF	CASSYNGAGPHEQFF
TRAV19*01	TRBV14*01	CALSPVVGFGNVLHC	CASSQMGWIGEQYF
TRAV13-1*01	TRBV5-4*01	CAASNPTGGFKTIF	CASSLGGGASYNEQFF
TRAV30*01	TRBV30*01	CGTADNTDKLIF	CAWTKGQSFNYGYTF
TRAV8-3*01	TRBV11-2*01	CAVVDTGGGNKLTF	CASSFSGTYEQYF
TRAV16*01	TRBV20/OR9-2*01,TRBV20-1*01	CALSPEYGNKLVF	CSARRRQDLMNTEAFF
TRAV35*01	TRBV6-1*01	CAGQVEETSGSRLTF	CASSERGATDTQYF
TRAV2*01	TRBV18*01	CAAQISGGYNKLIF	CASSPRDRAYHNYGYTF
TRAV21*01	TRBV30*01	CAAPVNYQLIW	CAWMRMGNNEQFF
TRAV25*01	TRBV7-6*01	CGAASKLTF	CASGRPGTGNTIYF
TRAV24*01	TRBV4-2*01	CASSHERNNNARLMF	CASSREGLGNEQFF
TRAV13-1*01	TRBV29-1*01	CAASLPDSWGKLQF	CSGRTSGQFF
TRAV40*01	TRBV12-4*01,TRBV12-3*01	CLLGVGNKLVF	CASSNRPGETQYF
TRAV27*01	TRBV5-1*01	CAGAGGKGFKTIF	CASSSGTSGDYEQYF
TRAV20*01	TRBV7-9*01	CAVHRTGNTPLVF	CASSLIPESEQYF
TRAV8-3*01	TRBV27*01	CAVGAFTGGGADGLTF	CASSFAQGPFSYNEQFF
TRAV12-1*01	TRBV9*01	CVVPCGSARQLTF	CASSVASSYRGQETQYF
TRAV21*01	TRBV6-5*01,TRBV6-1*01	CAVRWGNTPLVF	CASHPGGEGAGNTIYF
TRAV8-6*01	TRBV27*01	CAVSELNTGFQKLVF	CASSGQNDEKLFF
TRAV38-2/DV8*01	TRBV25-1*01	CAYRSADDNARLMF	CASSENSGAYNEQFF
TRAV27*01	TRBV20/OR9-2*01,TRBV20-1*01	CARVGGATNKLIF	CSARDRAGVYEQYF
TRAV9-2*01	TRBV6-6*01	CALRVIQGAQKLVF	CASSYGGTEAFF
TRAV9-2*01	TRBV27*01	CAFAQGGSEKLVF	CASRGLPLYEQYF
TRAV1-2*01	TRBV28*01	CAVRARRGGYNKLIF	CASSFTGGLGTFF
TRAV9-2*01	TRBV7-9*01	CALRSWDSKLTF	CASSPGTSGQDEQFF
TRAV22*01	TRBV12-4*01,TRBV12-3*01	CAVVPTLKKLVF	CASSSSGTGLGNEQFF
TRAV12-3*01	TRBV6-5*01	CAMSLGGFKTIF	CASSYSDVGLAEAFF
TRAV24*01	TRBV6-4*01	CAFREGQKLLF	CASMLCGDRKNTEAFF
TRAV16*01	TRBV6-1*01	CALAPNSGYSTLTF	CASSEGGTHYNEQFF
TRAV8-6*01	TRBV18*01	CAVLKNRDDKIIF	CASSRASKNTEAFF
TRAV29/DV5*01	TRBV13*01	CAAGAAGNTGNQFYF	CASSLGRAAPHYF
TRAV35*01	TRBV11-3*01	CASPTGYSSASKIIF	CASSLDVQETQYF
TRAV41*01	TRBV30*01	CAVDSNAGGTSYGKLTF	CAWSWGQGPNTEAFF
TRAV20*01	TRBV4-2*01	CAVQGRKNTGFQKLVF	CASSTDAAGGIEQFF
TRAV8-2*01	TRBV5-1*01	CVVSPSNDYKLSF	CASSLEHLQRQETQYF
TRAV3*01	TRBV6-4*01	CAVRDGPGNTGKLIF	CASSEIAGGPFLFF
TRAV19*01	TRBV24-1*01	CALSRTNNNDMRF	CATSDSQGRAGANVLTF
TRAV20*01	TRBV20-1*03,TRBV20-1*01	CAVQARDTGNQFYF	CSAATNEKLFF
TRAV8-3*01	TRBV6-5*01,TRBV6-6*01	CAATPVKTSYDKVIF	CASRTQGLSMNTEAFF
TRAV1-2*01	TRBV12-4*01,TRBV12-3*01	CAVTSNDYKLSF	CASTPPRAEAFF
TRAV1-2*01	TRBV27*01	CAVDNFNKFYF	CASSLSRRAPYEQYF
TRAV26-1*01	TRBV7-9*01	CIVSRSGGTSYGKLTF	CASSLDSDYGYTF
TRAV12-2*01,TRAV12-2*03	TRBV29-1*01	CAVIDSNSGYALNF	CSVEVLAAGELFF
TRAV22*01	TRBV19*02,TRBV19*01	CAVAPRRRSGGGADGLTF	CASSPRDNRQETQYF
TRAV26-1*01	TRBV9*01	CIVTLTGTASKLTF	CASTAGGATGNTIYF
TRAV13-2*01	TRBV7-2*01,TRBV7-2*02	CAENMGGPGAGSYQLTF	CASSPRQGGTEAFF
TRAV21*01	TRBV18*01	CAVGSDYKLSF	CASSPKLASGANVLTF
TRAV8-3*01	TRBV27*01	CAVGAREGSQGNLIF	CASSLRALVLAGGTDTQYF
TRAV38-1*01,TRAV38-1*03,TRAV38-1*02	TRBV6-1*01	CAQADGYSTLTF	CASSEAHGGNTEAFF
TRAV12-2*01,TRAV12-2*03	TRBV18*01	CAVTGNQFYF	CASSGGGFDEKLFF
TRAV5*01	TRBV3-1*01,TRBV3-2*01,TRBV3-2*02	CAESRAGGSYIPTF	CASRHAGQGGYEQYF
TRAV9-2*01	TRBV5-4*01	CALRGSFNKFYF	CASSLVAGPGSYNEQFF
TRAV29/DV5*01	TRBV6-5*01	CAASEDSSNTGKLIF	CASSPRGLAGTGLIQYF
TRAV12-1*01	TRBV20/OR9-2*01,TRBV20-1*01	CVVTSYNFNKFYF	CSARDSAGHLLEAFF
TRAV6*01	TRBV27*01	CALDPGSARQLTF	CASSSYRGGPLAFF
TRAV38-2/DV8*01	TRBV18*01	CAYDGANSKLTF	CASSPGPKETQYF
TRAV14/DV4*02	TRBV27*01	CAMRETRYSTLTF	CASRSTGALTDTQYF
TRAV9-2*01	TRBV5-1*01	CALYAQGAQKLVF	CASSLGPGANTEAFF
TRAV13-2*01	TRBV4-2*01	CAEIQGTNAGKSTF	CASSPGQARTGELFF
TRAV29/DV5*01	TRBV6-6*01	CAAMGGATNKLIF	CASSSRPTVYEQYF
TRAV38-2/DV8*01	TRBV2*01	CAYRSASTGGTSYGKLTF	CASSEIAGDRTDTQYF
TRAV1-2*01	TRBV20/OR9-2*01,TRBV20-1*01	CAVSSFGNVLHC	CSAREGSANQPQHF
TRAV4*01	TRBV15*01	CLVGVGNRDDKIIF	CATSRVARLYPNEKLFF
TRAV1-1*01	TRBV28*01	CAVRDRGGGNKLTF	CASSLGGRSEQYF
TRAV12-2*01,TRAV12-2*03	TRBV20/OR9-2*01,TRBV20-1*01	CAVNEDSSYKLIF	CSARDGRTALQETQYF
TRAV12-1*01	TRBV28*01	CVVNRDRAGSYQLTF	CASLLIGTPDNEQFF
TRAV8-2*01	TRBV4-2*01	CVVSDRWSSASKIIF	CASSQAGDGQLYGYTF
TRAV26-2*01	TRBV6-2*01	CILSDIAMIKAAGNKLTF	CASSYRGEAGVDEQFF
TRAV9-2*01,TRAV13-2*01,TRAV9-1*01	TRBV4-3*01	CALGEYGVDPRGYWGIRTDKLIF	CASSQDEGRGYGYTF
TRAV38-2/DV8*01	TRBV20/OR9-2*01,TRBV20-1*01	CAYRSARTDKLVF	CSARAGAGAQPQHF
TRAV39*01	TRBV2*01	CAVHLERAGSYQLTF	CASSPLRNTEAFF
TRAV39*01	TRBV4-3*01	CAVANYGGSQGNLIF	CASSQASVGSSYEQYF
TRAV10*01	TRBV4-3*01	CVVSAAGANNLFF	CASSQDLLGGYEQYF
TRAV26-1*01	TRBV30*01	CILPGTSGTYKYIF	CAWSGQLTQETQYF
TRAV12-1*01	TRBV6-5*01	CVEGGNTGFQKLVF	CASSSGQAREAFF
TRAV13-1*01	TRBV9*01	CAATSGGGGADGLTF	CASSVEWGGGFSGANVLTF
TRAV12-3*01	TRBV20/OR9-2*01,TRBV20-1*01	CSTYFGNEKLTF	CSARVSGNNEQFF
TRAV26-1*01	TRBV9*01	CIVDDRQGFLGGSQGNLIF	CASTPESGYSYGYTF
TRAV29/DV5*01	TRBV9*01	CAARPTGAGSYQLTF	CASSADWGGGGAETQYF
TRAV35*01	TRBV10-3*01	CAGVVWYSGGGADGLTF	CAIRTDAANYGYTF
TRAV19*01	TRBV6-5*01	CALSEASSGGYQKVTF	CASRTSGSYTF
TRAV41*01	TRBV20-1*03,TRBV20/OR9-2*01,TRBV20-1*01	CAVLDDKIIF	CSAYRGLVYGYTF
TRAV2*01	TRBV19*02,TRBV19*01	CAVNSNTNAGKSTF	CASSIAQRNEQFF
TRAV21*01	TRBV2*01	CAALSHDSNYQLIW	CASSLGQATNEKLFF
TRAV17*01	TRBV19*02,TRBV19*01	CATDAWQGGSEKLVF	CASSVFGNYGYTF
TRAV12-3*01	TRBV5-8*01	CAMSAVGNNRLAF	CASSRVQSNYGYTF
TRAV6*01	TRBV13*01	CALDITRLMF	CASSHMGKLTDTQYF
TRAV21*01	TRBV20-1*03,TRBV20/OR9-2*01,TRBV20-1*01	CAVVSGGSQGNLIF	CSATLHDYQYNEQFF
TRAV23/DV6*01	TRBV12-4*01,TRBV12-3*01	CAASSWNTGNQFYF	CASSATARTLYEQYF
TRAV29/DV5*01	TRBV4-3*01	CAASASAGANSKLTF	CASSQGIGRWDTQYF
TRAV12-3*01	TRBV6-6*01	CAIQAVNAGGTSYGKLTF	CASSYSSTGGSDTQYF
TRAV29/DV5*01	TRBV10-2*01	CAAGPGGGADGLTF	CASGAAAPWNEQFF
TRAV8-6*01	TRBV13*01	CAVRNNNNDMRF	CASSPPSSGGTSYEQYF
TRAV8-3*01	TRBV7-9*01	CAVDPGGTGYGKLTF	CASSSPPVVRYNEQFF
TRAV41*01	TRBV14*01	CAGIFQGAQKLVF	CASSQAGTANYGYTF
TRAV10*01	TRBV4-2*01	CVVSRLYGNNRLAF	CASSRDDQPQHF
TRAV12-3*01	TRBV7-2*01,TRBV7-2*02	CAMRGGSQGNLIF	CASSLVQGYEQYF
TRAV23/DV6*01	TRBV18*01	CAATPEFQGGSEKLVF	CASSPPLGAKNIQYF
TRAV8-6*01	TRBV9*01	CAVSIVGNNRLAF	CASSVAPGYGYTF
TRAV13-1*01	TRBV12-4*01,TRBV12-3*01	CAATQGSNYKLTF	CASWGVDNEQFF
TRAV23/DV6*01	TRBV27*01	CAASMRVGGKLIF	CASSFWGEKLFF
TRAV8-2*01	TRBV4-3*01	CVVSSMDSSYKLIF	CASSYKPATTDTQYF
TRAV14/DV4*02	TRBV27*01	CAMREGNSGGYQKVTF	CASSLYTGGEETQYF
TRAV25*01	TRBV19*02,TRBV19*01	CVNYGGSQGNLIF	CASSLESYGYTF
TRAV8-3*01	TRBV9*01	CAVAGRSGYNKLIF	CASSPRARDTRHEQYF
TRAV9-2*01	TRBV6-5*01	CALIHNTGGFKTIF	CASGPQGLAEMYF
TRAV38-2/DV8*01	TRBV7-9*05,TRBV7-9*01	CAKNSGGSNYKLTF	CASFWRGVSGANVLTF
TRAV29/DV5*01	TRBV7-8*01	CAAQDNYGQNFVF	CASSPWTSGRGNEQFF
TRAV26-1*01	TRBV30*01	CIVRVVGNTGFQKLVF	CAWSVAGNQPQHF
TRAV3*01	TRBV7-9*01	CAVRAYMNTGFQKLVF	CASSPGGERPQHF
TRAV3*01	TRBV27*01	CAVRVPSGGGNKLTF	CASSFGSTGVEQYF
TRAV8-3*01	TRBV27*01	CAAPYQGSQGNLIF	CASSVPSGGRTYNEQFF
TRAV25*01	TRBV7-2*01,TRBV7-2*02	CAGLWTQKLVF	CASSPSTGRGTEAFF
TRAV9-2*01	TRBV6-2*01	CALSDLITDSSYKLIF	CASSYVTGNQPQHF
TRAV13-2*01	TRBV15*01	CAETPWGAQKLVF	CATSRDVGAAKNIQYF
TRAV3*01	TRBV5-4*01	CAVRDLTSGGSYIPTF	CASSFLGSYEQYF
TRAV16*01	TRBV6-4*01	CALTNSGATNKLIF	CASSDLASGSNEQFF
TRAV13-2*01	TRBV4-2*01	CAENFVNAGNMLTF	CASSQDPVAGIDTQYF
TRAV29/DV5*01	TRBV19*02,TRBV19*01	CAASQINNAGNMLTF	CASSIGLAAANTGELFF
TRAV19*01	TRBV9*01	CALISTGANSKLTF	CASSGRNYPYNEQFF
TRAV1-2*01	TRBV27*01	CAVRDREGQNFVF	CASSLGTSVNIQYF
TRAV2*01	TRBV27*01	CAVESPPYNDYKLSF	CASSLSVTGVYNEQFF
TRAV3*01	TRBV2*01	CAVRDENNDYKLSF	CASRTGQGYNEQFF
TRAV23/DV6*01	TRBV6-5*01	CAASMSRETSGSRLTF	CASSDRVTYEQYF
TRAV8-4*01	TRBV10-3*01	CAVSGAGGFKTIF	CATFGPSRNEQFF
TRAV1-1*01	TRBV20/OR9-2*01,TRBV20-1*01	CAVSEGNTPLVF	CSARVFATLNPAGAGTDTQYF
TRAV25*01	TRBV7-9*01	CAREANFGNEKLTF	CASSLGAFYEQYF
TRAV6*01	TRBV6-5*01	CALDMGGYNKLIF	CASRGRGRYEQYF
TRAV8-2*01	TRBV28*01	CVVSDPGSGYALNF	CASGGMGEGADTQYF
TRAV4*01	TRBV6-1*01	CLVGDKRERGATNKLIF	CASTYDRGDGYTF
TRAV29/DV5*01	TRBV5-1*01	CAARDGGTASKLTF	CASRGWQGTSTDTQYF
TRAV8-1*01	TRBV7-3*01	CAVRHNFGNEKLTF	CASSVGQGAGEQYF
TRAV6*01	TRBV12-4*01,TRBV12-3*01	CALGPRMDSSYKLIF	CASSLAHETQYF
TRAV13-1*01	TRBV3-1*01,TRBV3-2*01,TRBV3-2*02	CAARFQMNRDDKIIF	CASSQDLGGEQYF
TRAV13-2*01	TRBV6-5*01,TRBV6-6*01	CAENPLRGYNKLIF	CASGTANTDTQYF
TRAV19*01	TRBV6-5*01,TRBV6-6*01	CALSPPNDYKLSF	CASRHDDRGQREQYF
TRAV26-1*01	TRBV19*02,TRBV19*01	CIVRNPQGGSEKLVF	CASSSLGANSPLHF
TRAV22*01	TRBV7-8*01	CAVVLRNNNARLMF	CASSFGTSGRVQETQYF
TRAV23/DV6*01	TRBV28*01	CAASPVEAGTALIF	CASSLLNGGGPEQFF
TRAV13-2*01	TRBV20/OR9-2*01,TRBV20-1*01	CAENQWGYQKVTF	CSARDSGAVYGYTF
TRAV25*01	TRBV4-3*01	CAGVNNARLMF	CASSPGTGFKNIQYF
TRAV13-1*01	TRBV4-3*01	CAPRWGDYGQNFVF	CASSQGIGYEQYF
TRAV8-6*01	TRBV5-6*01	CAVSRTNFNKFYF	CASSLGLANQETQYF
TRAV38-2/DV8*01	TRBV4-3*01	CAYRSAPRNSGNTPLVF	CASSQPGTGGSLINGELFF
TRAV29/DV5*01	TRBV11-3*01	CAAGADSGNTPLVF	CASSSGLNSRETQYF
TRAV27*01	TRBV20/OR9-2*01,TRBV20-1*01	CAGVPGVGGSYIPTF	CSARGETNEKLFF
TRAV13-1*01	TRBV7-2*01,TRBV7-2*02	CAATVGGNNRLAF	CASSARASGRYYEQYF
TRAV13-2*01	TRBV4-2*01	CAENTYHSGGYNKLIF	CASSQDGLRGEQYF
TRAV13-2*01	TRBV5-1*01	CAESSSGGYNKLIF	CASSLADVYEQYF
TRAV35*01	TRBV27*01	CAGQLRNYGGSQGNLIF	CASSLVQGGEKLFF
TRAV38-1*01	TRBV7-8*01	CAFMKLARFSGNTPLVF	CASSRPTGLAGNGELFF
TRAV8-1*01	TRBV25-1*01	CAVNSGNSGNTPLVF	CASTHLGDNEQFF
TRAV27*01	TRBV23-1*01	CAGVRYSGYALNF	CASTNWHRAGAYGYTF
TRAV23/DV6*01	TRBV7-2*01,TRBV7-2*02	CAAQVTGANNLFF	CASSFTFNEQFF
TRAV26-2*01	TRBV2*01	CIPFRAGNNRKLIW	CASSEVRAGRNTGELFF
TRAV1-2*01	TRBV7-2*01,TRBV7-2*02	CAVRKAGNNRKLIW	CASSAGDRGYGYTF
TRAV20*01	TRBV7-2*01,TRBV7-2*02	CAVQASNSGYALNF	CASSLEASGSSYEQYF
TRAV8-2*01	TRBV6-5*01	CVVSAATGGFKTIF	CASRKVYNEQYF
TRAV1-2*01	TRBV3-1*01,TRBV3-2*01,TRBV3-2*02	CAVRLPLNNNARLMF	CASSQVSNYGYTF
TRAV12-2*01,TRAV12-2*03	TRBV28*01	CAVKGHSGGSNYKLTF	CASSLVSHNQPQHF
TRAV8-6*01	TRBV15*01	CAVRTRAGGGNKLTF	CATSRPGWEYEQYF
TRAV30*01	TRBV7-9*01	CGTEDGNFGNEKLTF	CASSSSGLAGDEQYF
TRAV39*01	TRBV6-2*01	CASWYTGNQFYF	CASTPSSGGYTF
TRAV26-1*01	TRBV11-2*01	CIATYSGAGSYQLTF	CASSLDYRFYGYGYTF
TRAV22*01	TRBV2*01	CAVLNEKLTF	CASNPRDRRYEQYF
TRAV34*01	TRBV2*01	CGADITGANNLFF	CASSEGRGDTGYF
TRAV39*01	TRBV3-1*01,TRBV3-2*01,TRBV3-2*02	CAVDYSQGAQKLVF	CASSQGQAVGQETQYF
TRAV8-4*01	TRBV5-1*01	CAVSDRRSNYQLIW	CASSLSETPYEQYF
TRAV8-2*01	TRBV7-9*05,TRBV7-9*01	CVVTITGGGNKLTF	CAADGSGNTIYF
TRAV5*01	TRBV9*01	CAESWVNKFYF	CASSVGNRPYGYTF
TRAV6*01	TRBV9*01	CAAPREYGNKLVF	CASSVALGGRTEAFF
TRAV26-1*01	TRBV28*01	CIVNGGSGNTGKLIF	CASRKDQPGLAGGIYEQYF
TRAV12-1*01	TRBV10-3*01	CVVNEEKLTF	CAIREDRGMNTEAFF
TRAV21*01	TRBV6-4*01	CGISGGGATNKLIF	CASSDSGGSSTQYF
TRAV17*01	TRBV6-4*01	CATDLLQETSGSRLTF	CASSEWGFGGYTF
TRAV8-2*01	TRBV6-5*01,TRBV6-6*01	CVVSASNDYKLSF	CASRLTGGSYEQYF
TRAV14/DV4*02	TRBV7-8*01	CAMRDFRRNQFYF	CASSLLGLASDNEQFF
TRAV22*01	TRBV6-5*01,TRBV6-6*01	CAQKGTGGFKTIF	CASSLVGHPGDEQYF
TRAV35*01	TRBV29-1*01	CAGRWNNNDMRF	CSVAPGWGMNTEAFF
TRAV23/DV6*01	TRBV27*01	CAASSLTLSF	CASSLGGSRYNEQFF
TRAV21*01	TRBV7-3*01	CAVKPGGTYKYIF	CASSPNPPGPYSYEQYF
TRAV38-1*01,TRAV38-1*03	TRBV9*01	CAFAAIEGSNYQLIW	CASSATTGTSYEQYF
TRAV26-1*01	TRBV6-5*01	CIARPSDKLIF	CASSPQENSPLHF
TRAV16*01	TRBV30*01	CALGSANKLTF	CAWMGLQAATDTQYF
TRAV8-4*01	TRBV12-4*01,TRBV12-3*01	CAVRGNNDMRF	CASRPPRDTDTQYF
TRAV8-3*01	TRBV19*02,TRBV19*01	CAVVSNQAGTALIF	CASSMVQGAYEQYF
TRAV26-1*01	TRBV5-6*01	CIVIPYMNRDDKIIF	CASSLGLALGGYTF
TRAV12-2*01,TRAV12-2*03	TRBV28*01	CALIYNQGGKLIF	CASSLVAPNEQFF
TRAV10*01	TRBV6-5*01	CVVSADPPGGSYIPTF	CASSYTLGQDEKLFF
TRAV19*01	TRBV28*01	CALSGYRGSTLGRLYF	CASTKQGRGYNEQFF
TRAV29/DV5*01	TRBV7-9*01	CAASEVKGNTPLVF	CASSLGGQPAPHGYTF
TRAV38-2/DV8*01	TRBV6-5*01	CAYRSMYNFNKFYF	CASSYSRLAVYNEQFF
TRAV6*01	TRBV4-1*01	CALDHASNTGKLIF	CASSQDLFRGTSSYNSPLHF
TRAV8-2*01	TRBV19*02,TRBV19*01	CVVSDSDMRF	CASSIGDRGLGYEQYF
TRAV24*01	TRBV9*01	CASVLSGSARQLTF	CASSVGRGLDGYTF
TRAV9-2*01	TRBV7-6*01	CALGGTSYGKLTF	CASSLRRDNGYTF
TRAV1-2*01	TRBV6-1*01	CAVRSPQRWGKLQF	CASSYDTFNEQFF
TRAV26-1*01	TRBV7-8*01	CIVSPNMEYGNKLVF	CASSLVSPTTSSYNEQFF
TRAV13-1*01	TRBV28*01	CAVMFTGTASKLTF	CASSSPLGAQYF
TRAV8-4*06,TRAV8-4*01	TRBV7-9*05,TRBV7-9*01	CAVSKSGGGATNKLIF	CAEGPLENEKLFF
TRAV8-4*01	TRBV30*01	CAVSESGNDMRF	CAWRENEKLFF
TRAV1-2*01	TRBV5-1*01	CAVRGSNTGFQKLVF	CASSFALQQGTGELFF
TRAV17*01	TRBV6-2*01	CATVESNLGNEKLTF	CASSYADRDEQYF
TRAV35*01	TRBV2*01	CAGQLTSFGNVLHC	CASIADRANEKLFF
TRAV8-1*01	TRBV11-1*01	CAVHGSGNTGKLIF	CASSLEATAKAFF
TRAV1-2*01	TRBV11-1*01	CAAPDNAGNMLTF	CASSFQGPKGIGLTDTQYF
TRAV25*01	TRBV18*01	CAGGDSGGSNYKLTF	CASSPQESANYGYTF
TRAV29/DV5*01	TRBV11-2*01	CAASPWGATNKLIF	CASSRISGRSVNEQFF
TRAV19*01	TRBV5-4*04,TRBV5-4*01,TRBV5-4*02	CALSEALVQGAQKLVF	CASSPGVDNEQFF
TRAV12-1*01	TRBV5-8*01	CVVKSGTDSWGKLQF	CASSLEVSPLNYGYTF
TRAV8-4*01	TRBV6-1*01	CAVSGYNDMRF	CASSGAGASDEQYF
TRAV25*01	TRBV6-1*01	CAGDSGYSTLTF	CASSELTHPTDTQYF
TRAV12-2*01,TRAV12-2*03	TRBV28*01	CAVPPRARRDDKIIF	CASSFAVQGKRGTGTEAFF
TRAV8-4*06,TRAV8-4*01	TRBV5-6*01	CAVSEGDTNAGKSTF	CASSDGTTYEQYF
TRAV8-6*01	TRBV27*01	CARLMFSGGYNKLIF	CASSLPLTDTQYF
TRAV17*01	TRBV20-1*03,TRBV20/OR9-2*01,TRBV20-1*01	CATDAIVGTALIF	CSAEGEASGYNEQFF
TRAV25*01	TRBV27*01	CAGPAPDTGKLIF	CASSWMRGAGYNEQFF
TRAV29/DV5*01	TRBV27*01	CAAREGIDDYKLSF	CASSPRDRGDTQYF
