,cdr1.alpha,cdr2.alpha,cdr2.5.alpha,cdr3.alpha,v.alpha,cdr1.beta,cdr2.beta,cdr2.5.beta,cdr3.beta,v.beta,species,epitope.seq,v_alpha_rep,v_beta_rep,tcr_info
0,DSS......STY,IFSN...MDM,NKKDKH,CAADSNARFMF,TRAV5*01,DFQ......ATT,SNEG...SKA,A.SLTL,CSARDRVGNTIYF,TRBV20-1*01,HomoSapiens,GLCTLVAML,TRAV5*01,TRBV20-1*01,"(['TRAV5*01'], ['TRBV20-1*01'], 'CAADSNARFMF', 'CSARDRVGNTIYF')"
1,DSS......STY,IFSN...MDM,NKKDKH,CAADSNARLMF,TRAV5*01,DFQ......ATT,SNEG...SKA,A.SLTL,CSARDRVGNTIYF,TRBV20-1*01,HomoSapiens,GLCTLVAML,TRAV5*01,TRBV20-1*01,"(['TRAV5*01'], ['TRBV20-1*01'], 'CAADSNARLMF', 'CSARDRVGNTIYF')"
2,DSA......SNY,IRSN...VGE,NKTAKH,CAAENNNDMRF,TRAV13-1*01,SGH.......VS,FNY....EAQ,P.EGSI,CASSLGTSYEQYF,TRBV7-6*01,HomoSapiens,GILGFVFTL,TRAV13-1*01,TRBV7-6*01,"(['TRAV13-1*01'], ['TRBV7-6*01'], 'CAAENNNDMRF', 'CASSLGTSYEQYF')"
3,VGI.......SA,LSS.....GK,NIQEKH,CAAETTSGTYKYIF,TRAV41*01,SGH.......DN,FVK....ESK,T.GGTY,CASSPIAGSSYEQYF,TRBV14*01,HomoSapiens,GILGFVFTL,TRAV41*01,TRBV14*01,"(['TRAV41*01'], ['TRBV14*01'], 'CAAETTSGTYKYIF', 'CASSPIAGSSYEQYF')"
4,SVF.......SS,VVTG...GEV,GDARKD,CAAGGSQGNLIF,TRAV27*01,LNH.......DA,SHI....VND,E.KKES,CASSIRSSYEQYF,TRBV19*02,HomoSapiens,GILGFVFTL,TRAV27*01,TRBV19*02,"(['TRAV27*01'], ['TRBV19*02'], 'CAAGGSQGNLIF', 'CASSIRSSYEQYF')"
5,SVF.......SS,VVTG...GEV,GDARKD,CAAGGSQGNLIF,TRAV27*01,LNH.......DA,SHI....VND,E.KKES,CASSVRSSYEQYF,TRBV19*02,HomoSapiens,GILGFVFTL,TRAV27*01,TRBV19*02,"(['TRAV27*01'], ['TRBV19*02'], 'CAAGGSQGNLIF', 'CASSVRSSYEQYF')"
6,SVF.......SS,VVTG...GEV,GDARKD,CAAGGSQGNLIF,TRAV27*01,LNH.......DA,SQI....VND,E.KKES,CASSIRSSYEQYF,TRBV19*01,HomoSapiens,GILGFVFTL,TRAV27*01,TRBV19*01,"(['TRAV27*01'], ['TRBV19*01'], 'CAAGGSQGNLIF', 'CASSIRSSYEQYF')"
7,NTA......FDY,IRPD...VSE,NKSAKQ,CAAGYSSASKIIF,TRAV23/DV6*01,SGH.......AT,FQN....NGV,L.KGVD,CASSFSSGTTDTQYF,TRBV11-2*01,HomoSapiens,GLCTLVAML,TRAV23/DV6*01,TRBV11-2*01,"(['TRAV23/DV6*01'], ['TRBV11-2*01'], 'CAAGYSSASKIIF', 'CASSFSSGTTDTQYF')"
8,NSM......FDY,ISSI...KDK,NKSAKH,CAAISDYKLSF,TRAV29/DV5*01,LNH.......DA,SQI....VND,E.KKES,CASSIRSSYEQYF,TRBV19*01,HomoSapiens,GILGFVFTL,TRAV29/DV5*01,TRBV19*01,"(['TRAV29/DV5*01'], ['TRBV19*01'], 'CAAISDYKLSF', 'CASSIRSSYEQYF')"
9,SVF.......SS,VVTG...GEV,GDARKD,CAANYGGSQGNLIF,TRAV27*01,LNH.......DA,SQI....VND,E.KKES,CASSLRSSYEQYF,TRBV19*01,HomoSapiens,GILGFVFTL,TRAV27*01,TRBV19*01,"(['TRAV27*01'], ['TRBV19*01'], 'CAANYGGSQGNLIF', 'CASSLRSSYEQYF')"
10,VTN......FRS,LTSS...GIE,DKKELS,CAAPGAGSYQLTF,TRAV36/DV7*01,MDH.......EN,SYD....VKM,E.KKER,CASTLWSATNEKLFF,TRBV28*01,HomoSapiens,NLVPMVATV,TRAV36/DV7*01,TRBV28*01,"(['TRAV36/DV7*01'], ['TRBV28*01'], 'CAAPGAGSYQLTF', 'CASTLWSATNEKLFF')"
11,DRG......SQS,IYS....NGD,NKASQY,CAAPYSGGGADGLTF,TRAV12-2*01,KGH.......DR,SFD....VKD,Q.AQAK,CATSDYVSGTLQETQYF,TRBV24-1*01,HomoSapiens,GILGFVFTL,TRAV12-2*01,TRBV24-1*01,"(['TRAV12-2*01'], ['TRBV24-1*01'], 'CAAPYSGGGADGLTF', 'CATSDYVSGTLQETQYF')"
12,NSM......FDY,ISSI...KDK,NKSAKH,CAARFDSGYALNF,TRAV29/DV5*01,SGD.......LS,YYN....GEE,F.PDLH,CASSTYSGQSYGYTF,TRBV9*02,HomoSapiens,GLCTLVAML,TRAV29/DV5*01,TRBV9*01,"(['TRAV29/DV5*01'], ['TRBV9*01'], 'CAARFDSGYALNF', 'CASSTYSGQSYGYTF')"
13,NSM......FDY,ISSI...KDK,NKSAKH,CAARFDSGYALNF,TRAV29/DV5*01,SGD.......LS,YYN....GEE,F.PDLH,CASSTYYGQSYGYTF,TRBV9*02,HomoSapiens,GLCTLVAML,TRAV29/DV5*01,TRBV9*01,"(['TRAV29/DV5*01'], ['TRBV9*01'], 'CAARFDSGYALNF', 'CASSTYYGQSYGYTF')"
14,NSM......FDY,ISSI...KDK,NKSAKH,CAARGDTGKLIF,TRAV29/DV5*01,SGH.......VS,FQN....EAQ,P.EGSV,CASSISGDYGYTF,TRBV7-8*01,HomoSapiens,GLCTLVAML,TRAV29/DV5*01,TRBV7-8*01,"(['TRAV29/DV5*01'], ['TRBV7-8*01'], 'CAARGDTGKLIF', 'CASSISGDYGYTF')"
15,NSM......FDY,ISSI...KDK,NKSAKH,CAASAFLGGSEKLVF,TRAV29/DV5*01,LNH.......NV,YYD....KDF,P.NTSF,CATSERGDLNFGTDTQYF,TRBV15*01,HomoSapiens,GILGFVFTL,TRAV29/DV5*01,TRBV15*01,"(['TRAV29/DV5*01'], ['TRBV15*01'], 'CAASAFLGGSEKLVF', 'CATSERGDLNFGTDTQYF')"
16,NSM......FDY,ISSI...KDK,NKSAKH,CAASAGGGSQGNLIF,TRAV29/DV5*01,LNH.......DA,SQI....VND,E.KKES,CASSIRASYEQYF,TRBV19*01,HomoSapiens,GILGFVFTL,TRAV29/DV5*01,TRBV19*01,"(['TRAV29/DV5*01'], ['TRBV19*01'], 'CAASAGGGSQGNLIF', 'CASSIRASYEQYF')"
17,NSM......FDY,ISSI...KDK,NKSAKH,CAASDGAGGTSYGKLTF,TRAV29/DV5*01,SGH.......TS,YDE....GEE,F.PNYS,CASSLWTGSHEQYF,TRBV5-8*01,HomoSapiens,GLCTLVAML,TRAV29/DV5*01,TRBV5-8*01,"(['TRAV29/DV5*01'], ['TRBV5-8*01'], 'CAASDGAGGTSYGKLTF', 'CASSLWTGSHEQYF')"
18,NSM......FDY,ISSI...KDK,NKSAKH,CAASDSNYQLIW,TRAV29/DV5*01,MNH.......NS,SAS....EGT,L.NKRE,CASSEESGRAAEQYF,TRBV6-1*01,HomoSapiens,NLVPMVATV,TRAV29/DV5*01,TRBV6-1*01,"(['TRAV29/DV5*01'], ['TRBV6-1*01'], 'CAASDSNYQLIW', 'CASSEESGRAAEQYF')"
19,NSM......FDY,ISSI...KDK,NKSAKH,CAASEGGGSQGNLIF,TRAV29/DV5*01,LNH.......DA,SQI....VND,E.KKES,CASSIRSSYEQYF,TRBV19*01,HomoSapiens,GILGFVFTL,TRAV29/DV5*01,TRBV19*01,"(['TRAV29/DV5*01'], ['TRBV19*01'], 'CAASEGGGSQGNLIF', 'CASSIRSSYEQYF')"
20,NSM......FDY,ISSI...KDK,NKSAKH,CAASESGGSNYKLTF,TRAV29/DV5*01,MDH.......EN,SYD....VKM,E.KKER,CASSGRWTAYNEQFF,TRBV28*01,HomoSapiens,NLVPMVATV,TRAV29/DV5*01,TRBV28*01,"(['TRAV29/DV5*01'], ['TRBV28*01'], 'CAASESGGSNYKLTF', 'CASSGRWTAYNEQFF')"
21,NSM......FDY,ISSI...KDK,NKSAKH,CAASGGNNNDMRF,TRAV29/DV5*01,MRH.......NA,SNT....AGT,A.NTDD,CASSVTPSSYNEQFF,TRBV6-4*02,HomoSapiens,NLVPMVATV,TRAV29/DV5*01,TRBV6-4*01,"(['TRAV29/DV5*01'], ['TRBV6-4*01'], 'CAASGGNNNDMRF', 'CASSVTPSSYNEQFF')"
22,NSM......FDY,ISSI...KDK,NKSAKH,CAASGGTGNQFYF,TRAV29/DV5*01,LNH.......DA,SQI....VND,E.KKES,CASRLAGSHEQYF,TRBV19*01,HomoSapiens,GILGFVFTL,TRAV29/DV5*01,TRBV19*01,"(['TRAV29/DV5*01'], ['TRBV19*01'], 'CAASGGTGNQFYF', 'CASRLAGSHEQYF')"
23,NSM......FDY,ISSI...KDK,NKSAKH,CAASGSSNAGNMLTF,TRAV29/DV5*01,LNH.......DA,SQI....VND,E.KKES,CASRSGREAFF,TRBV19*01,HomoSapiens,GILGFVFTL,TRAV29/DV5*01,TRBV19*01,"(['TRAV29/DV5*01'], ['TRBV19*01'], 'CAASGSSNAGNMLTF', 'CASRSGREAFF')"
24,DSA......SNY,IRSN...VGE,NKTAKH,CAASRDYKLSF,TRAV13-1*01,SQV.......TM,ANQG...SEA,P.NLTF,CSVGAIMDEQFF,TRBV29-1*01,HomoSapiens,GLCTLVAML,TRAV13-1*01,TRBV29-1*01,"(['TRAV13-1*01'], ['TRBV29-1*01'], 'CAASRDYKLSF', 'CSVGAIMDEQFF')"
25,DSA......SNY,IRSN...VGE,NKTAKH,CAASSNTGKLIF,TRAV13-1*01,LNH.......DA,SHI....VND,E.KKES,CASSSRSSYEQYF,TRBV19*02,HomoSapiens,GILGFVFTL,TRAV13-1*01,TRBV19*02,"(['TRAV13-1*01'], ['TRBV19*02'], 'CAASSNTGKLIF', 'CASSSRSSYEQYF')"
26,DSA......SNY,IRSN...VGE,NKTAKH,CAATDNARLMF,TRAV13-1*01,LNH.......NV,YYD....KDF,P.NTSF,CATSRDLAEVNTEAFF,TRBV15*01,HomoSapiens,NLVPMVATV,TRAV13-1*01,TRBV15*01,"(['TRAV13-1*01'], ['TRBV15*01'], 'CAATDNARLMF', 'CATSRDLAEVNTEAFF')"
27,TTL.......SN,LVKS...GEV,GEAKKN,CACNYGGSQGNLIF,TRAV25*01,LNH.......DA,SQI....VND,E.KKES,CASSIRSTDTQYF,TRBV19*01,HomoSapiens,GILGFVFTL,TRAV25*01,TRBV19*01,"(['TRAV25*01'], ['TRBV19*01'], 'CACNYGGSQGNLIF', 'CASSIRSTDTQYF')"
28,DSS......STY,IFSN...MDM,NKKDKH,CADDNNARLMF,TRAV5*01,DFQ......ATT,SNEG...SKA,A.SLTL,CSARDRTGNGYTF,TRBV20-1*01,HomoSapiens,GLCTLVAML,TRAV5*01,TRBV20-1*01,"(['TRAV5*01'], ['TRBV20-1*01'], 'CADDNNARLMF', 'CSARDRTGNGYTF')"
29,DSS......STY,IFSN...MDM,NKKDKH,CAEDAGNMLTF,TRAV5*01,LGH.......NA,YNF....KEQ,P.NSSH,CASSQAGLAAYNEQFF,TRBV4-2*01,HomoSapiens,GLCTLVAML,TRAV5*01,TRBV4-2*01,"(['TRAV5*01'], ['TRBV4-2*01'], 'CAEDAGNMLTF', 'CASSQAGLAAYNEQFF')"
30,DSS......STY,IFSN...MDM,NKKDKH,CAEDAGNMLTF,TRAV5*01,SQV.......TM,ANQG...SEA,P.NLTF,CSVTGDRRSNQPQHF,TRBV29-1*01,HomoSapiens,GLCTLVAML,TRAV5*01,TRBV29-1*01,"(['TRAV5*01'], ['TRBV29-1*01'], 'CAEDAGNMLTF', 'CSVTGDRRSNQPQHF')"
31,DSS......STY,IFSN...MDM,NKKDKH,CAEDANARLMF,TRAV5*01,DFQ......ATT,SNEG...SKA,A.SLTL,CSARDGTGNGYTF,TRBV20-1*01,HomoSapiens,GLCTLVAML,TRAV5*01,TRBV20-1*01,"(['TRAV5*01'], ['TRBV20-1*01'], 'CAEDANARLMF', 'CSARDGTGNGYTF')"
32,DSS......STY,IFSN...MDM,NKKDKH,CAEDDNARLMF,TRAV5*01,DFQ......ATT,SNEG...SKA,A.SLTL,CSARDRVGNGHTF,TRBV20-1*01,HomoSapiens,GLCTLVAML,TRAV5*01,TRBV20-1*01,"(['TRAV5*01'], ['TRBV20-1*01'], 'CAEDDNARLMF', 'CSARDRVGNGHTF')"
33,DSS......STY,IFSN...MDM,NKKDKH,CAEDDNARLMF,TRAV5*01,DFQ......ATT,SNEG...SKA,A.SLTL,CSARDRVGNGYTF,TRBV20-1*01,HomoSapiens,GLCTLVAML,TRAV5*01,TRBV20-1*01,"(['TRAV5*01'], ['TRBV20-1*01'], 'CAEDDNARLMF', 'CSARDRVGNGYTF')"
34,DSS......STY,IFSN...MDM,NKKDKH,CAEDNNARLMF,TRAV5*01,SNH.......LY,FYN....NEI,P.DGSN,CASSPGSTAPGELFF,TRBV2*01,HomoSapiens,GLCTLVAML,TRAV5*01,TRBV2*01,"(['TRAV5*01'], ['TRBV2*01'], 'CAEDNNARLMF', 'CASSPGSTAPGELFF')"
35,DSS......STY,IFSN...MDM,NKKDKH,CAEDNNARLMF,TRAV5*01,DFQ......ATT,SNEG...SKA,A.SLTL,CSARDATGNGYTF,TRBV20-1*01,HomoSapiens,GLCTLVAML,TRAV5*01,TRBV20-1*01,"(['TRAV5*01'], ['TRBV20-1*01'], 'CAEDNNARLMF', 'CSARDATGNGYTF')"
36,DSS......STY,IFSN...MDM,NKKDKH,CAEDNNARLMF,TRAV5*01,DFQ......ATT,SNEG...SKA,A.SLTL,CSARDGTGNGYTF,TRBV20-1*01,HomoSapiens,GLCTLVAML,TRAV5*01,TRBV20-1*01,"(['TRAV5*01'], ['TRBV20-1*01'], 'CAEDNNARLMF', 'CSARDGTGNGYTF')"
37,DSS......STY,IFSN...MDM,NKKDKH,CAEDNNARLMF,TRAV5*01,DFQ......ATT,SNEG...SKA,A.SLTL,CSARDQTGNGYTF,TRBV20-1*01,HomoSapiens,GLCTLVAML,TRAV5*01,TRBV20-1*01,"(['TRAV5*01'], ['TRBV20-1*01'], 'CAEDNNARLMF', 'CSARDQTGNGYTF')"
38,DSS......STY,IFSN...MDM,NKKDKH,CAEDNNARLMF,TRAV5*01,DFQ......ATT,SNEG...SKA,A.SLTL,CSARDRTGNGYTF,TRBV20-1*01,HomoSapiens,GLCTLVAML,TRAV5*01,TRBV20-1*01,"(['TRAV5*01'], ['TRBV20-1*01'], 'CAEDNNARLMF', 'CSARDRTGNGYTF')"
39,DSS......STY,IFSN...MDM,NKKDKH,CAEDNNARLMF,TRAV5*01,DFQ......ATT,SNEG...SKA,A.SLTL,CSARDSTGNGYTF,TRBV20-1*01,HomoSapiens,GLCTLVAML,TRAV5*01,TRBV20-1*01,"(['TRAV5*01'], ['TRBV20-1*01'], 'CAEDNNARLMF', 'CSARDSTGNGYTF')"
40,DSS......STY,IFSN...MDM,NKKDKH,CAEDNNARLMF,TRAV5*01,DFQ......ATT,SNEG...SKA,A.SLTL,CSARDTTGNGYTF,TRBV20-1*01,HomoSapiens,GLCTLVAML,TRAV5*01,TRBV20-1*01,"(['TRAV5*01'], ['TRBV20-1*01'], 'CAEDNNARLMF', 'CSARDTTGNGYTF')"
41,DSS......STY,IFSN...MDM,NKKDKH,CAEDNNARLMF,TRAV5*01,DFQ......ATT,SNEG...SKA,A.SLTL,CSARDTVGNGYTF,TRBV20-1*01,HomoSapiens,GLCTLVAML,TRAV5*01,TRBV20-1*01,"(['TRAV5*01'], ['TRBV20-1*01'], 'CAEDNNARLMF', 'CSARDTVGNGYTF')"
42,DSS......STY,IFSN...MDM,NKKDKH,CAEDNNARLMF,TRAV5*01,DFQ......ATT,SNEG...SKA,A.SLTL,CSARLRELSGNTIYF,TRBV20-1*01,HomoSapiens,GLCTLVAML,TRAV5*01,TRBV20-1*01,"(['TRAV5*01'], ['TRBV20-1*01'], 'CAEDNNARLMF', 'CSARLRELSGNTIYF')"
43,DSS......STY,IFSN...MDM,NKKDKH,CAEDNNARLMF,TRAV5*01,DFQ......ATT,SNEG...SKA,A.SLTL,CSARLRKLSGNTIYF,TRBV20-1*01,HomoSapiens,GLCTLVAML,TRAV5*01,TRBV20-1*01,"(['TRAV5*01'], ['TRBV20-1*01'], 'CAEDNNARLMF', 'CSARLRKLSGNTIYF')"
44,DSS......STY,IFSN...MDM,NKKDKH,CAEDNNARLMF,TRAV5*01,DFQ......ATT,SNEG...SKA,A.SLTL,CSARVEPGNGYTF,TRBV20-1*01,HomoSapiens,GLCTLVAML,TRAV5*01,TRBV20-1*01,"(['TRAV5*01'], ['TRBV20-1*01'], 'CAEDNNARLMF', 'CSARVEPGNGYTF')"
45,DSS......STY,IFSN...MDM,NKKDKH,CAEDNNARLMF,TRAV5*01,SQV.......TM,ANQG...SEA,P.NLTF,CSVGSGGTNEKLFF,TRBV29-1*01,HomoSapiens,GLCTLVAML,TRAV5*01,TRBV29-1*01,"(['TRAV5*01'], ['TRBV29-1*01'], 'CAEDNNARLMF', 'CSVGSGGTNEKLFF')"
46,DSS......STY,IFSN...MDM,NKKDKH,CAEDNNPRLMF,TRAV5*01,DFQ......ATT,SNEG...SKA,A.SLTL,CSARDSTGNGYTF,TRBV20-1*01,HomoSapiens,GLCTLVAML,TRAV5*01,TRBV20-1*01,"(['TRAV5*01'], ['TRBV20-1*01'], 'CAEDNNPRLMF', 'CSARDSTGNGYTF')"
47,DSS......STY,IFSN...MDM,NKKDKH,CAEDNNTRLMF,TRAV5*01,DFQ......ATT,SNEG...SKA,A.SLTL,CSARDSTGNGYTF,TRBV20-1*01,HomoSapiens,GLCTLVAML,TRAV5*01,TRBV20-1*01,"(['TRAV5*01'], ['TRBV20-1*01'], 'CAEDNNTRLMF', 'CSARDSTGNGYTF')"
48,DSS......STY,IFSN...MDM,NKKDKH,CAEDNYGQNFVF,TRAV5*01,SQV.......TM,ANQG...SEA,P.NLTF,CSGREDSTNEKLFF,TRBV29-1*01,HomoSapiens,GLCTLVAML,TRAV5*01,TRBV29-1*01,"(['TRAV5*01'], ['TRBV29-1*01'], 'CAEDNYGQNFVF', 'CSGREDSTNEKLFF')"
49,NSA......SDY,IRSN...MDK,NKTVKH,CAEEHDRMYSGGGADGLTF,TRAV13-2*01,LNH.......DA,SHI....VND,E.KKES,CASSVRSSYEQYF,TRBV19*02,HomoSapiens,GILGFVFTL,TRAV13-2*01,TRBV19*02,"(['TRAV13-2*01'], ['TRBV19*02'], 'CAEEHDRMYSGGGADGLTF', 'CASSVRSSYEQYF')"
50,DSS......STY,IFSN...MDM,NKKDKH,CAEGGSGGSQGNLIF,TRAV5*01,LNH.......DA,SQI....VND,E.KKES,CASSMRSDEKLFF,TRBV19*01,HomoSapiens,GILGFVFTL,TRAV5*01,TRBV19*01,"(['TRAV5*01'], ['TRBV19*01'], 'CAEGGSGGSQGNLIF', 'CASSMRSDEKLFF')"
51,DSS......STY,IFSN...MDM,NKKDKH,CAEIASGTYKYIF,TRAV5*01,DFQ......ATT,SNEG...SKA,A.SLTL,CSAEISGTQLYNEQFF,TRBV20-1*01,HomoSapiens,GLCTLVAML,TRAV5*01,TRBV20-1*01,"(['TRAV5*01'], ['TRBV20-1*01'], 'CAEIASGTYKYIF', 'CSAEISGTQLYNEQFF')"
52,DSS......STY,IFSN...MDM,NKKDKH,CAEIPNYGGSQGNLIF,TRAV5*01,SGH.......DY,FNN....NVP,P.NASF,CASSFIGGVDGYTF,TRBV12-4*01,HomoSapiens,NLVPMVATV,TRAV5*01,TRBV12-4*01,"(['TRAV5*01'], ['TRBV12-4*01'], 'CAEIPNYGGSQGNLIF', 'CASSFIGGVDGYTF')"
53,DSS......STY,IFSN...MDM,NKKDKH,CAEIQASGGSYIPTF,TRAV5*01,LNH.......NV,YYD....KDF,P.NTSF,CATGRGGKIGEQYF,TRBV15*01,HomoSapiens,NLVPMVATV,TRAV5*01,TRBV15*01,"(['TRAV5*01'], ['TRBV15*01'], 'CAEIQASGGSYIPTF', 'CATGRGGKIGEQYF')"
54,DSS......STY,IFSN...MDM,NKKDKH,CAEIQASGGSYIPTF,TRAV5*01,LNH.......NV,YYD....KDF,P.NTSF,CATGRGGMIGEQYF,TRBV15*01,HomoSapiens,NLVPMVATV,TRAV5*01,TRBV15*01,"(['TRAV5*01'], ['TRBV15*01'], 'CAEIQASGGSYIPTF', 'CATGRGGMIGEQYF')"
55,NSA......SDY,IRSN...MDK,NKTVKH,CAEISSGGSYIPTF,TRAV13-2*01,SGD.......LS,YYN....GEE,F.PDLH,CASSTIEGQGGRHTQYF,TRBV9*01,HomoSapiens,GILGFVFTL,TRAV13-2*01,TRBV9*01,"(['TRAV13-2*01'], ['TRBV9*01'], 'CAEISSGGSYIPTF', 'CASSTIEGQGGRHTQYF')"
56,DSS......STY,IFSN...MDM,NKKDKH,CAEITGGGNKLTF,TRAV5*01,DFQ......ATT,SNEG...SKA,A.SLTL,CSATDVTKGQLISGYTF,TRBV20-1*01,HomoSapiens,NLVPMVATV,TRAV5*01,TRBV20-1*01,"(['TRAV5*01'], ['TRBV20-1*01'], 'CAEITGGGNKLTF', 'CSATDVTKGQLISGYTF')"
57,NSA......SDY,IRSN...MDK,NKTVKH,CAEIWDYGQNFVF,TRAV13-2*01,SGH.......DT,YYE....EEE,F.PNYS,CASSWEGINYGYTF,TRBV5-6*01,HomoSapiens,GILGFVFTL,TRAV13-2*01,TRBV5-6*01,"(['TRAV13-2*01'], ['TRBV5-6*01'], 'CAEIWDYGQNFVF', 'CASSWEGINYGYTF')"
58,DSS......STY,IFSN...MDM,NKKDKH,CAEKGGTALIF,TRAV5*01,DFQ......ATT,SNEG...SKA,A.SLTL,CSARGQGDEQYF,TRBV20-1*01,HomoSapiens,GLCTLVAML,TRAV5*01,TRBV20-1*01,"(['TRAV5*01'], ['TRBV20-1*01'], 'CAEKGGTALIF', 'CSARGQGDEQYF')"
59,DSS......STY,IFSN...MDM,NKKDKH,CAEKGGTALIF,TRAV5*01,SQV.......TM,ANQG...SEA,P.NLTF,CSERGQGDEQYF,TRBV29-1*01,HomoSapiens,GLCTLVAML,TRAV5*01,TRBV29-1*01,"(['TRAV5*01'], ['TRBV29-1*01'], 'CAEKGGTALIF', 'CSERGQGDEQYF')"
60,DSS......STY,IFSN...MDM,NKKDKH,CAELGNDMRF,TRAV5*01,SGH.......DN,FVK....ESK,T.GGTY,CASSQAPGGEQYF,TRBV14*01,HomoSapiens,GLCTLVAML,TRAV5*01,TRBV14*01,"(['TRAV5*01'], ['TRBV14*01'], 'CAELGNDMRF', 'CASSQAPGGEQYF')"
61,DSS......STY,IFSN...MDM,NKKDKH,CAELGNDMRF,TRAV5*01,SGH.......DN,FVK....ESK,T.GGTY,CASSQCPGGEQYF,TRBV14*01,HomoSapiens,GLCTLVAML,TRAV5*01,TRBV14*01,"(['TRAV5*01'], ['TRBV14*01'], 'CAELGNDMRF', 'CASSQCPGGEQYF')"
62,DSS......STY,IFSN...MDM,NKKDKH,CAELGNDMRF,TRAV5*01,SGH.......DN,FVK....ESK,T.GGTY,CASSQSPGGEQYF,TRBV14*01,HomoSapiens,GLCTLVAML,TRAV5*01,TRBV14*01,"(['TRAV5*01'], ['TRBV14*01'], 'CAELGNDMRF', 'CASSQSPGGEQYF')"
63,NSA......SDY,IRSN...MDK,NKTVKH,CAENEGGGSQGNLIF,TRAV13-2*01,LNH.......DA,SQI....VND,E.KKES,CASSIRSAGRAFF,TRBV19*01,HomoSapiens,GILGFVFTL,TRAV13-2*01,TRBV19*01,"(['TRAV13-2*01'], ['TRBV19*01'], 'CAENEGGGSQGNLIF', 'CASSIRSAGRAFF')"
64,NSA......SDY,IRSN...MDK,NKTVKH,CAENGGGSTLGRLYF,TRAV13-2*01,LNH.......DA,SHI....VND,E.KKES,CASSTRSTDTQYF,TRBV19*02,HomoSapiens,GILGFVFTL,TRAV13-2*01,TRBV19*02,"(['TRAV13-2*01'], ['TRBV19*02'], 'CAENGGGSTLGRLYF', 'CASSTRSTDTQYF')"
65,NSA......SDY,IRSN...MDK,NKTVKH,CAENIGGGSQGNLIF,TRAV13-2*01,LNH.......DA,SQI....VND,E.KKES,CASSMRSGETQYF,TRBV19*01,HomoSapiens,GILGFVFTL,TRAV13-2*01,TRBV19*01,"(['TRAV13-2*01'], ['TRBV19*01'], 'CAENIGGGSQGNLIF', 'CASSMRSGETQYF')"
66,NSA......SDY,IRSN...MDK,NKTVKH,CAENMGGGSQGNLIF,TRAV13-2*01,LNH.......DA,SQI....VND,E.KKES,CASSDRAGNEQFF,TRBV19*01,HomoSapiens,GILGFVFTL,TRAV13-2*01,TRBV19*01,"(['TRAV13-2*01'], ['TRBV19*01'], 'CAENMGGGSQGNLIF', 'CASSDRAGNEQFF')"
67,NSA......SDY,IRSN...MDK,NKTVKH,CAENMGGGSQGNLIF,TRAV13-2*01,LNH.......DA,SQI....VND,E.KKES,CASSVRAGETQYF,TRBV19*01,HomoSapiens,GILGFVFTL,TRAV13-2*01,TRBV19*01,"(['TRAV13-2*01'], ['TRBV19*01'], 'CAENMGGGSQGNLIF', 'CASSVRAGETQYF')"
68,NSA......SDY,IRSN...MDK,NKTVKH,CAENNGGGSQGNLIF,TRAV13-2*01,LNH.......DA,SQI....VND,E.KKES,CASSDRSGNEQFF,TRBV19*01,HomoSapiens,GILGFVFTL,TRAV13-2*01,TRBV19*01,"(['TRAV13-2*01'], ['TRBV19*01'], 'CAENNGGGSQGNLIF', 'CASSDRSGNEQFF')"
69,NSA......SDY,IRSN...MDK,NKTVKH,CAENNSGDSSYKLIF,TRAV13-2*01,SGH.......DY,FNN....NVP,P.NASF,CASSFAHLSYNEQFF,TRBV12-4*01,HomoSapiens,NLVPMVATV,TRAV13-2*01,TRBV12-4*01,"(['TRAV13-2*01'], ['TRBV12-4*01'], 'CAENNSGDSSYKLIF', 'CASSFAHLSYNEQFF')"
70,DSS......STY,IFSN...MDM,NKKDKH,CAENRCSTLTF,TRAV5*01,SGD.......LS,YYN....GEE,F.PDLH,CASSVAGGDEQFF,TRBV9*01,HomoSapiens,GLCTLVAML,TRAV5*01,TRBV9*01,"(['TRAV5*01'], ['TRBV9*01'], 'CAENRCSTLTF', 'CASSVAGGDEQFF')"
71,DSS......STY,IFSN...MDM,NKKDKH,CAENRYSTLTF,TRAV5*01,SGD.......LS,YYN....GEE,F.PDLH,CASSVAGGDEQFF,TRBV9*01,HomoSapiens,GLCTLVAML,TRAV5*01,TRBV9*01,"(['TRAV5*01'], ['TRBV9*01'], 'CAENRYSTLTF', 'CASSVAGGDEQFF')"
72,NSA......SDY,IRSN...MDK,NKTVKH,CAENYGGSQGNLIF,TRAV13-2*01,LNH.......DA,SQI....VND,E.KKES,CASSIRSSYEQYF,TRBV19*01,HomoSapiens,GILGFVFTL,TRAV13-2*01,TRBV19*01,"(['TRAV13-2*01'], ['TRBV19*01'], 'CAENYGGSQGNLIF', 'CASSIRSSYEQYF')"
73,DSS......STY,IFSN...MDM,NKKDKH,CAESIGKLIF,TRAV5*01,SQV.......TM,ANQG...SEA,P.NLTF,CSVGAGGTNEKLFF,TRBV29-1*01,HomoSapiens,GLCTLVAML,TRAV5*01,TRBV29-1*01,"(['TRAV5*01'], ['TRBV29-1*01'], 'CAESIGKLIF', 'CSVGAGGTNEKLFF')"
74,DSS......STY,IFSN...MDM,NKKDKH,CAESIGKLIF,TRAV5*01,SQV.......TM,ANQG...SEA,P.NLTF,CSVGSGGTNEKLFF,TRBV29-1*01,HomoSapiens,GLCTLVAML,TRAV5*01,TRBV29-1*01,"(['TRAV5*01'], ['TRBV29-1*01'], 'CAESIGKLIF', 'CSVGSGGTNEKLFF')"
75,DSS......STY,IFSN...MDM,NKKDKH,CAESIGKLIF,TRAV5*01,SQV.......TM,ANQG...SEA,P.NLTF,CSVGTQGTNEKLFF,TRBV29-1*01,HomoSapiens,GLCTLVAML,TRAV5*01,TRBV29-1*01,"(['TRAV5*01'], ['TRBV29-1*01'], 'CAESIGKLIF', 'CSVGTQGTNEKLFF')"
76,DSS......STY,IFSN...MDM,NKKDKH,CAESIGRGSQGNLIF,TRAV5*01,LNH.......DA,SHI....VND,E.KKES,CASSIRSGVEQYF,TRBV19*02,HomoSapiens,GILGFVFTL,TRAV5*01,TRBV19*02,"(['TRAV5*01'], ['TRBV19*02'], 'CAESIGRGSQGNLIF', 'CASSIRSGVEQYF')"
77,DSS......STY,IFSN...MDM,NKKDKH,CAESISGGKLIF,TRAV5*01,SQV.......TM,ANQG...SEA,P.NLTF,CSVGSAGTNEKLFF,TRBV29-1*01,HomoSapiens,GLCTLVAML,TRAV5*01,TRBV29-1*01,"(['TRAV5*01'], ['TRBV29-1*01'], 'CAESISGGKLIF', 'CSVGSAGTNEKLFF')"
78,DSS......STY,IFSN...MDM,NKKDKH,CAESKGNLIF,TRAV5*01,SGH.......DN,FVK....ESK,T.GGTY,CASSQSPGGEQYF,TRBV14*01,HomoSapiens,GLCTLVAML,TRAV5*01,TRBV14*01,"(['TRAV5*01'], ['TRBV14*01'], 'CAESKGNLIF', 'CASSQSPGGEQYF')"
79,DSS......STY,IFSN...MDM,NKKDKH,CAESLDMLTF,TRAV5*01,SGD.......LS,YYN....GEE,F.PDLH,CASSVVGGNEQFF,TRBV9*01,HomoSapiens,GLCTLVAML,TRAV5*01,TRBV9*01,"(['TRAV5*01'], ['TRBV9*01'], 'CAESLDMLTF', 'CASSVVGGNEQFF')"
80,DSS......STY,IFSN...MDM,NKKDKH,CAESNADNNDMRF,TRAV5*01,SQV.......TM,ANQG...SEA,P.NLTF,CSVEAVGDGIYNEQFF,TRBV29-1*01,HomoSapiens,GLCTLVAML,TRAV5*01,TRBV29-1*01,"(['TRAV5*01'], ['TRBV29-1*01'], 'CAESNADNNDMRF', 'CSVEAVGDGIYNEQFF')"
81,DSS......STY,IFSN...MDM,NKKDKH,CAESQGNLIF,TRAV5*01,SGH.......DN,FVK....ESK,T.GGTY,CASSQRPGGQQFF,TRBV14*01,HomoSapiens,GLCTLVAML,TRAV5*01,TRBV14*01,"(['TRAV5*01'], ['TRBV14*01'], 'CAESQGNLIF', 'CASSQRPGGQQFF')"
82,DSS......STY,IFSN...MDM,NKKDKH,CAESQGNLIF,TRAV5*01,SGH.......DN,FVK....ESK,T.GGTY,CASSQSPGGQQFF,TRBV14*01,HomoSapiens,GLCTLVAML,TRAV5*01,TRBV14*01,"(['TRAV5*01'], ['TRBV14*01'], 'CAESQGNLIF', 'CASSQSPGGQQFF')"
83,DSS......STY,IFSN...MDM,NKKDKH,CAESSRGKLIF,TRAV5*01,SQV.......TM,ANQG...SEA,P.NLTF,CSVGTGGTNEKLFF,TRBV29-1*01,HomoSapiens,GLCTLVAML,TRAV5*01,TRBV29-1*01,"(['TRAV5*01'], ['TRBV29-1*01'], 'CAESSRGKLIF', 'CSVGTGGTNEKLFF')"
84,DSS......STY,IFSN...MDM,NKKDKH,CAESTCWGKLQF,TRAV5*01,SQV.......TM,ANQG...SEA,P.NLTF,CSVGAGGTNEKLFF,TRBV29-1*01,HomoSapiens,GLCTLVAML,TRAV5*01,TRBV29-1*01,"(['TRAV5*01'], ['TRBV29-1*01'], 'CAESTCWGKLQF', 'CSVGAGGTNEKLFF')"
85,DSS......STY,IFSN...MDM,NKKDKH,CAESTGKLIF,TRAV5*01,SQV.......TM,ANQG...SEA,P.NLTF,CSVGSDGTNEKLFF,TRBV29-1*01,HomoSapiens,GLCTLVAML,TRAV5*01,TRBV29-1*01,"(['TRAV5*01'], ['TRBV29-1*01'], 'CAESTGKLIF', 'CSVGSDGTNEKLFF')"
86,DSS......STY,IFSN...MDM,NKKDKH,CAESTGKLIF,TRAV5*01,SQV.......TM,ANQG...SEA,P.NLTF,CSVGTGGTNEKLFF,TRBV29-1*01,HomoSapiens,GLCTLVAML,TRAV5*01,TRBV29-1*01,"(['TRAV5*01'], ['TRBV29-1*01'], 'CAESTGKLIF', 'CSVGTGGTNEKLFF')"
87,DSS......STY,IFSN...MDM,NKKDKH,CAESTSRGNTPLVF,TRAV5*01,MGH.......RA,YSY....EKL,P.NSSL,CASSLTTEQQFF,TRBV4-1*01,HomoSapiens,GLCTLVAML,TRAV5*01,TRBV4-1*01,"(['TRAV5*01'], ['TRBV4-1*01'], 'CAESTSRGNTPLVF', 'CASSLTTEQQFF')"
88,DSS......STY,IFSN...MDM,NKKDKH,CAESTSWGKLQF,TRAV5*01,SQV.......TM,ANQG...SEA,P.NLTF,CSVGAGGTNEKLFF,TRBV29-1*01,HomoSapiens,GLCTLVAML,TRAV5*01,TRBV29-1*01,"(['TRAV5*01'], ['TRBV29-1*01'], 'CAESTSWGKLQF', 'CSVGAGGTNEKLFF')"
89,NSA......SDY,IRSN...MDK,NKTVKH,CAETPGPSYDKVIF,TRAV13-2*01,GTS......NPN,SVG.....IG,P.QDRQ,CAWSISDLAKNIQYF,TRBV30*01,HomoSapiens,NLVPMVATV,TRAV13-2*01,TRBV30*01,"(['TRAV13-2*01'], ['TRBV30*01'], 'CAETPGPSYDKVIF', 'CAWSISDLAKNIQYF')"
90,DSS......STY,IFSN...MDM,NKKDKH,CAETRSRDYKLSF,TRAV5*01,MGH.......RA,YSY....EKL,P.NSSL,CASSQEEGPGNQPQHF,TRBV4-1*01,HomoSapiens,NLVPMVATV,TRAV5*01,TRBV4-1*01,"(['TRAV5*01'], ['TRBV4-1*01'], 'CAETRSRDYKLSF', 'CASSQEEGPGNQPQHF')"
91,DSS......STY,IFSN...MDM,NKKDKH,CAEYSSAFKIIF,TRAV5*01,SGH.......DN,FVK....ESK,T.GGTY,CASSQSPGGTQYF,TRBV14*01,HomoSapiens,GLCTLVAML,TRAV5*01,TRBV14*01,"(['TRAV5*01'], ['TRBV14*01'], 'CAEYSSAFKIIF', 'CASSQSPGGTQYF')"
92,DSS......STY,IFSN...MDM,NKKDKH,CAEYSSASKIIF,TRAV5*01,SGH.......DN,FVK....ESK,T.GGTY,CASSQSPGGTQYF,TRBV14*01,HomoSapiens,GLCTLVAML,TRAV5*01,TRBV14*01,"(['TRAV5*01'], ['TRBV14*01'], 'CAEYSSASKIIF', 'CASSQSPGGTQYF')"
93,SSN......FYA,MTLN...GDE,NTKEGY,CAFELILGAQKLVF,TRAV24*01,MNH.......EY,SVG....EGT,L.KKQN,CASSYSWTGSNYGYTF,TRBV6-3*01,HomoSapiens,NLVPMVATV,TRAV24*01,TRBV6-2*01,"(['TRAV24*01'], ['TRBV6-2*01'], 'CAFELILGAQKLVF', 'CASSYSWTGSNYGYTF')"
94,SSN......FYA,MTLN...GDE,NTKEGY,CAFLNAGKSTF,TRAV24*01,MGH.......DK,SYG....VNS,I.RTEH,CASSDAGGGMAEAFF,TRBV25-1*01,HomoSapiens,GILGFVFTL,TRAV24*01,TRBV25-1*01,"(['TRAV24*01'], ['TRBV25-1*01'], 'CAFLNAGKSTF', 'CASSDAGGGMAEAFF')"
95,TSEN.....NYY,QEAY..KQQN,QKAAKS,CAFMIGAGGTSYGKLTF,TRAV38-1*01,LNH.......DA,SHI....VND,E.KKES,CASSIGSYGYTF,TRBV19*02,HomoSapiens,GILGFVFTL,TRAV38-1*01,TRBV19*02,"(['TRAV38-1*01'], ['TRBV19*02'], 'CAFMIGAGGTSYGKLTF', 'CASSIGSYGYTF')"
96,TSEN.....NYY,QEAY..KQQN,QKAAKS,CAFMIGAGGTSYGKLTF,TRAV38-1*01,LNH.......DA,SQI....VND,E.KKES,CASSQGAFGYTF,TRBV19*01,HomoSapiens,GILGFVFTL,TRAV38-1*01,TRBV19*01,"(['TRAV38-1*01'], ['TRBV19*01'], 'CAFMIGAGGTSYGKLTF', 'CASSQGAFGYTF')"
97,TSEN.....NYY,QEAY..KQQN,QKAAKS,CAFMLGAGGTSYGKLTF,TRAV38-1*01,LNH.......DA,SHI....VND,E.KKES,CASSIGYYGYTF,TRBV19*02,HomoSapiens,GILGFVFTL,TRAV38-1*01,TRBV19*02,"(['TRAV38-1*01'], ['TRBV19*02'], 'CAFMLGAGGTSYGKLTF', 'CASSIGYYGYTF')"
98,TSEN.....NYY,QEAY..KQQN,QKAAKS,CAFMSNAGGTSYGKLTF,TRAV38-1*01,LNH.......DA,SQI....VND,E.KKES,CASSIGVYGYTF,TRBV19*01,HomoSapiens,GILGFVFTL,TRAV38-1*01,TRBV19*01,"(['TRAV38-1*01'], ['TRBV19*01'], 'CAFMSNAGGTSYGKLTF', 'CASSIGVYGYTF')"
99,TSEN.....NYY,QEAY..KQQN,QKAAKS,CAFMSSPGGTSYGKLTF,TRAV38-1*01,LNH.......DA,SHI....VND,E.KKES,CASSIGVYGYTF,TRBV19*02,HomoSapiens,GILGFVFTL,TRAV38-1*01,TRBV19*02,"(['TRAV38-1*01'], ['TRBV19*02'], 'CAFMSSPGGTSYGKLTF', 'CASSIGVYGYTF')"
100,SSN......FYA,MTLN...GDE,NTKEGY,CAFPYNNNDMRF,TRAV24*01,MNH.......EY,SMN....VEV,K.EKRN,CASSLEGYTEAFF,TRBV27*01,HomoSapiens,NLVPMVATV,TRAV24*01,TRBV27*01,"(['TRAV24*01'], ['TRBV27*01'], 'CAFPYNNNDMRF', 'CASSLEGYTEAFF')"
101,TSES.....DYY,QEAY..KQQN,QKAAKS,CAFSMEYGNKLVF,TRAV38-2/DV8*01,SGD.......LS,YYN....GEE,F.PDLH,CASSGQGGTEAFF,TRBV9*01,HomoSapiens,GILGFVFTL,TRAV38-2/DV8*01,TRBV9*01,"(['TRAV38-2/DV8*01'], ['TRBV9*01'], 'CAFSMEYGNKLVF', 'CASSGQGGTEAFF')"
102,SSN......FYA,MTLN...GDE,NTKEGY,CAFSSNYQLIW,TRAV24*01,WSH.......SY,SAA....ADI,S.KTEN,CASSLLGGAGTDTQYF,TRBV10-2*01,HomoSapiens,GILGFVFTL,TRAV24*01,TRBV10-2*01,"(['TRAV24*01'], ['TRBV10-2*01'], 'CAFSSNYQLIW', 'CASSLLGGAGTDTQYF')"
103,SSN......FYA,MTLN...GDE,NTKEGY,CAFSSNYQLIW,TRAV24*01,WSH.......SY,SAA....ADI,S.KTEN,CASSLLGRAGTDTQYF,TRBV10-2*01,HomoSapiens,GILGFVFTL,TRAV24*01,TRBV10-2*01,"(['TRAV24*01'], ['TRBV10-2*01'], 'CAFSSNYQLIW', 'CASSLLGRAGTDTQYF')"
104,SVF.......SS,VVTG...GEV,GDARKD,CAGAAGSSNTGKLIF,TRAV27*01,LNH.......DA,SQI....VND,E.KKES,CASSIRSAYEQYF,TRBV19*01,HomoSapiens,GILGFVFTL,TRAV27*01,TRBV19*01,"(['TRAV27*01'], ['TRBV19*01'], 'CAGAAGSSNTGKLIF', 'CASSIRSAYEQYF')"
105,SVF.......SS,VVTG...GEV,GDARKD,CAGADGGSQGNLIF,TRAV27*01,LNH.......DA,SHI....VND,E.KKES,CASSGRAAGELFF,TRBV19*02,HomoSapiens,GILGFVFTL,TRAV27*01,TRBV19*02,"(['TRAV27*01'], ['TRBV19*02'], 'CAGADGGSQGNLIF', 'CASSGRAAGELFF')"
106,SVF.......SS,VVTG...GEV,GDARKD,CAGADGGSQGNLIF,TRAV27*01,LNH.......DA,SQI....VND,E.KKES,CASSGRSAGELFF,TRBV19*01,HomoSapiens,GILGFVFTL,TRAV27*01,TRBV19*01,"(['TRAV27*01'], ['TRBV19*01'], 'CAGADGGSQGNLIF', 'CASSGRSAGELFF')"
107,SVF.......SS,VVTG...GEV,GDARKD,CAGADGGSQGNLIF,TRAV27*01,LNH.......DA,SQI....VND,E.KKES,CASSGRSTDTQYF,TRBV19*01,HomoSapiens,GILGFVFTL,TRAV27*01,TRBV19*01,"(['TRAV27*01'], ['TRBV19*01'], 'CAGADGGSQGNLIF', 'CASSGRSTDTQYF')"
108,SVF.......SS,VVTG...GEV,GDARKD,CAGADGGSQGNLIF,TRAV27*01,LNH.......DA,SQI....VND,E.KKES,CASSSRSAGELFF,TRBV19*01,HomoSapiens,GILGFVFTL,TRAV27*01,TRBV19*01,"(['TRAV27*01'], ['TRBV19*01'], 'CAGADGGSQGNLIF', 'CASSSRSAGELFF')"
109,SVF.......SS,VVTG...GEV,GDARKD,CAGADGGSQGNLIF,TRAV27*01,LNH.......DA,SHI....VND,E.KKES,CASSSRSANEQFF,TRBV19*02,HomoSapiens,GILGFVFTL,TRAV27*01,TRBV19*02,"(['TRAV27*01'], ['TRBV19*02'], 'CAGADGGSQGNLIF', 'CASSSRSANEQFF')"
110,SVF.......SS,VVTG...GEV,GDARKD,CAGAFGSSNTGKLIF,TRAV27*01,LNH.......DA,SQI....VND,E.KKES,CASSIRSSYEQYF,TRBV19*01,HomoSapiens,GILGFVFTL,TRAV27*01,TRBV19*01,"(['TRAV27*01'], ['TRBV19*01'], 'CAGAFGSSNTGKLIF', 'CASSIRSSYEQYF')"
111,SVF.......SS,VVTG...GEV,GDARKD,CAGAFGSSNTGKLIF,TRAV27*01,LNH.......DA,SHI....VND,E.KKES,CASSIRSSYEQYF,TRBV19*02,HomoSapiens,GILGFVFTL,TRAV27*01,TRBV19*02,"(['TRAV27*01'], ['TRBV19*02'], 'CAGAFGSSNTGKLIF', 'CASSIRSSYEQYF')"
112,SVF.......SS,VVTG...GEV,GDARKD,CAGAFGSSNTGKLIF,TRAV27*01,LNH.......DA,SQI....VND,E.KKES,CASSIRSAYEQYF,TRBV19*01,HomoSapiens,GILGFVFTL,TRAV27*01,TRBV19*01,"(['TRAV27*01'], ['TRBV19*01'], 'CAGAFGSSNTGKLIF', 'CASSIRSAYEQYF')"
113,SIF.......NT,LYKA...GEL,GITRKD,CAGAGDGGSQGNLIF,TRAV35*01,LNH.......DA,SQI....VND,E.KKES,CASSMRAGYEQYF,TRBV19*01,HomoSapiens,GILGFVFTL,TRAV35*01,TRBV19*01,"(['TRAV35*01'], ['TRBV19*01'], 'CAGAGDGGSQGNLIF', 'CASSMRAGYEQYF')"
114,SVF.......SS,VVTG...GEV,GDARKD,CAGAGDNTGKLIF,TRAV27*01,LNH.......DA,SHI....VND,E.KKES,CASSVRSSYEQYF,TRBV19*02,HomoSapiens,GILGFVFTL,TRAV27*01,TRBV19*02,"(['TRAV27*01'], ['TRBV19*02'], 'CAGAGDNTGKLIF', 'CASSVRSSYEQYF')"
115,SVF.......SS,VVTG...GEV,GDARKD,CAGAGGGSQGNLIF,TRAV27*01,LNH.......DA,SHI....VND,E.KKES,CASSFRSTDTQYF,TRBV19*02,HomoSapiens,GILGFVFTL,TRAV27*01,TRBV19*02,"(['TRAV27*01'], ['TRBV19*02'], 'CAGAGGGSQGNLIF', 'CASSFRSTDTQYF')"
116,SVF.......SS,VVTG...GEV,GDARKD,CAGAGGGSQGNLIF,TRAV27*01,LNH.......DA,SQI....VND,E.KKES,CASSGRSADTQYF,TRBV19*01,HomoSapiens,GILGFVFTL,TRAV27*01,TRBV19*01,"(['TRAV27*01'], ['TRBV19*01'], 'CAGAGGGSQGNLIF', 'CASSGRSADTQYF')"
117,SVF.......SS,VVTG...GEV,GDARKD,CAGAGGGSQGNLIF,TRAV27*01,LNH.......DA,SQI....VND,E.KKES,CASSGRSTDTQYF,TRBV19*01,HomoSapiens,GILGFVFTL,TRAV27*01,TRBV19*01,"(['TRAV27*01'], ['TRBV19*01'], 'CAGAGGGSQGNLIF', 'CASSGRSTDTQYF')"
118,SVF.......SS,VVTG...GEV,GDARKD,CAGAGGGSQGNLIF,TRAV27*01,LNH.......DA,SQI....VND,E.KKES,CASSIRATGELFF,TRBV19*01,HomoSapiens,GILGFVFTL,TRAV27*01,TRBV19*01,"(['TRAV27*01'], ['TRBV19*01'], 'CAGAGGGSQGNLIF', 'CASSIRATGELFF')"
119,SVF.......SS,VVTG...GEV,GDARKD,CAGAGGGSQGNLIF,TRAV27*01,LNH.......DA,SHI....VND,E.KKES,CASSKRSTDTQYF,TRBV19*02,HomoSapiens,GILGFVFTL,TRAV27*01,TRBV19*02,"(['TRAV27*01'], ['TRBV19*02'], 'CAGAGGGSQGNLIF', 'CASSKRSTDTQYF')"
120,SVF.......SS,VVTG...GEV,GDARKD,CAGAGGGSQGNLIF,TRAV27*01,LNH.......DA,SQI....VND,E.KKES,CASSKRSTGELFF,TRBV19*01,HomoSapiens,GILGFVFTL,TRAV27*01,TRBV19*01,"(['TRAV27*01'], ['TRBV19*01'], 'CAGAGGGSQGNLIF', 'CASSKRSTGELFF')"
121,SVF.......SS,VVTG...GEV,GDARKD,CAGAGGGSQGNLIF,TRAV27*01,LNH.......DA,SQI....VND,E.KKES,CASSRRSTDTQYF,TRBV19*01,HomoSapiens,GILGFVFTL,TRAV27*01,TRBV19*01,"(['TRAV27*01'], ['TRBV19*01'], 'CAGAGGGSQGNLIF', 'CASSRRSTDTQYF')"
122,SVF.......SS,VVTG...GEV,GDARKD,CAGAGGGSQGNLIF,TRAV27*01,LNH.......DA,SQI....VND,E.KKES,CASSSRATGELFF,TRBV19*01,HomoSapiens,GILGFVFTL,TRAV27*01,TRBV19*01,"(['TRAV27*01'], ['TRBV19*01'], 'CAGAGGGSQGNLIF', 'CASSSRATGELFF')"
123,SVF.......SS,VVTG...GEV,GDARKD,CAGAGGGSQGNLIF,TRAV27*01,LNH.......DA,SQI....VND,E.KKES,CASSSRSTDTQYF,TRBV19*01,HomoSapiens,GILGFVFTL,TRAV27*01,TRBV19*01,"(['TRAV27*01'], ['TRBV19*01'], 'CAGAGGGSQGNLIF', 'CASSSRSTDTQYF')"
124,SVF.......SS,VVTG...GEV,GDARKD,CAGAGGGSQGNLIF,TRAV27*01,LNH.......DA,SQI....VND,E.KKES,CASSIRSGYEQYF,TRBV19*01,HomoSapiens,GILGFVFTL,TRAV27*01,TRBV19*01,"(['TRAV27*01'], ['TRBV19*01'], 'CAGAGGGSQGNLIF', 'CASSIRSGYEQYF')"
125,SVF.......SS,VVTG...GEV,GDARKD,CAGAGQGGSQGNLIF,TRAV27*01,LNH.......DA,SQI....VND,E.KKES,CASSFYSNQPQHF,TRBV19*01,HomoSapiens,GILGFVFTL,TRAV27*01,TRBV19*01,"(['TRAV27*01'], ['TRBV19*01'], 'CAGAGQGGSQGNLIF', 'CASSFYSNQPQHF')"
126,SVF.......SS,VVTG...GEV,GDARKD,CAGAGSQGNLIF,TRAV27*01,LNH.......DA,SHI....VND,E.KKES,CASSSRSSYEQYF,TRBV19*02,HomoSapiens,GILGFVFTL,TRAV27*01,TRBV19*02,"(['TRAV27*01'], ['TRBV19*02'], 'CAGAGSQGNLIF', 'CASSSRSSYEQYF')"
127,SVF.......SS,VVTG...GEV,GDARKD,CAGAGSQGNLIF,TRAV27*01,LNH.......DA,SHI....VND,E.KKES,CASSVRSSYEQYF,TRBV19*02,HomoSapiens,GILGFVFTL,TRAV27*01,TRBV19*02,"(['TRAV27*01'], ['TRBV19*02'], 'CAGAGSQGNLIF', 'CASSVRSSYEQYF')"
128,SVF.......SS,VVTG...GEV,GDARKD,CAGAGSQGNLIF,TRAV27*01,LNH.......DA,SQI....VND,E.KKES,CASSSRSAYEQYF,TRBV19*01,HomoSapiens,GILGFVFTL,TRAV27*01,TRBV19*01,"(['TRAV27*01'], ['TRBV19*01'], 'CAGAGSQGNLIF', 'CASSSRSAYEQYF')"
129,SVF.......SS,VVTG...GEV,GDARKD,CAGAGSQGNLIF,TRAV27*01,LNH.......DA,SQI....VND,E.KKES,CASSTRSSYEQYF,TRBV19*01,HomoSapiens,GILGFVFTL,TRAV27*01,TRBV19*01,"(['TRAV27*01'], ['TRBV19*01'], 'CAGAGSQGNLIF', 'CASSTRSSYEQYF')"
130,SVF.......SS,VVTG...GEV,GDARKD,CAGAHGSSNTGKLIF,TRAV27*01,LNH.......DA,SQI....VND,E.KKES,CASSIRSAYEQYF,TRBV19*01,HomoSapiens,GILGFVFTL,TRAV27*01,TRBV19*01,"(['TRAV27*01'], ['TRBV19*01'], 'CAGAHGSSNTGKLIF', 'CASSIRSAYEQYF')"
131,SVF.......SS,VVTG...GEV,GDARKD,CAGAHGSSNTGKLIF,TRAV27*01,LNH.......DA,SHI....VND,E.KKES,CASSIRSAYEQYF,TRBV19*02,HomoSapiens,GILGFVFTL,TRAV27*01,TRBV19*02,"(['TRAV27*01'], ['TRBV19*02'], 'CAGAHGSSNTGKLIF', 'CASSIRSAYEQYF')"
132,SVF.......SS,VVTG...GEV,GDARKD,CAGAIGSSNTGKLIF,TRAV27*01,LNH.......DA,SHI....VND,E.KKES,CASSVRSSYEQYF,TRBV19*02,HomoSapiens,GILGFVFTL,TRAV27*01,TRBV19*02,"(['TRAV27*01'], ['TRBV19*02'], 'CAGAIGSSNTGKLIF', 'CASSVRSSYEQYF')"
133,SVF.......SS,VVTG...GEV,GDARKD,CAGALGGSQGNLIF,TRAV27*01,LNH.......DA,SQI....VND,E.KKES,CASSSRSSYEQYF,TRBV19*01,HomoSapiens,GILGFVFTL,TRAV27*01,TRBV19*01,"(['TRAV27*01'], ['TRBV19*01'], 'CAGALGGSQGNLIF', 'CASSSRSSYEQYF')"
134,SVF.......SS,VVTG...GEV,GDARKD,CAGALGSSNTGKLIF,TRAV27*01,LNH.......DA,SHI....VND,E.KKES,CASSIRSAYEQYF,TRBV19*02,HomoSapiens,GILGFVFTL,TRAV27*01,TRBV19*02,"(['TRAV27*01'], ['TRBV19*02'], 'CAGALGSSNTGKLIF', 'CASSIRSAYEQYF')"
135,SVF.......SS,VVTG...GEV,GDARKD,CAGALTGYGGSQGNLIF,TRAV27*01,LNH.......DA,SQI....VND,E.KKES,CASSIRSSYEQYF,TRBV19*01,HomoSapiens,GILGFVFTL,TRAV27*01,TRBV19*01,"(['TRAV27*01'], ['TRBV19*01'], 'CAGALTGYGGSQGNLIF', 'CASSIRSSYEQYF')"
136,SVF.......SS,VVTG...GEV,GDARKD,CAGALTNAGKSTF,TRAV27*01,LNH.......DA,SQI....VND,E.KKES,CASSIRASYEQYF,TRBV19*01,HomoSapiens,GILGFVFTL,TRAV27*01,TRBV19*01,"(['TRAV27*01'], ['TRBV19*01'], 'CAGALTNAGKSTF', 'CASSIRASYEQYF')"
137,SVF.......SS,VVTG...GEV,GDARKD,CAGAMGGGSQGNLIF,TRAV27*01,LNH.......DA,SQI....VND,E.KKES,CASSIRASYEQYF,TRBV19*01,HomoSapiens,GILGFVFTL,TRAV27*01,TRBV19*01,"(['TRAV27*01'], ['TRBV19*01'], 'CAGAMGGGSQGNLIF', 'CASSIRASYEQYF')"
138,SVF.......SS,VVTG...GEV,GDARKD,CAGAMGSSNTGKLIF,TRAV27*01,LNH.......DA,SQI....VND,E.KKES,CASSIRSAYEQYF,TRBV19*01,HomoSapiens,GILGFVFTL,TRAV27*01,TRBV19*01,"(['TRAV27*01'], ['TRBV19*01'], 'CAGAMGSSNTGKLIF', 'CASSIRSAYEQYF')"
139,SVF.......SS,VVTG...GEV,GDARKD,CAGAPGSSNTGKLIF,TRAV27*01,LNH.......DA,SHI....VND,E.KKES,CASSTRSSYEQYF,TRBV19*02,HomoSapiens,GILGFVFTL,TRAV27*01,TRBV19*02,"(['TRAV27*01'], ['TRBV19*02'], 'CAGAPGSSNTGKLIF', 'CASSTRSSYEQYF')"
140,SVF.......SS,VVTG...GEV,GDARKD,CAGAPRTSGTYKYIF,TRAV27*01,LNH.......DA,SQI....VND,E.KKES,CASSILTGPRTEAFF,TRBV19*01,HomoSapiens,GILGFVFTL,TRAV27*01,TRBV19*01,"(['TRAV27*01'], ['TRBV19*01'], 'CAGAPRTSGTYKYIF', 'CASSILTGPRTEAFF')"
141,SVF.......SS,VVTG...GEV,GDARKD,CAGAPSSSNTGKLIF,TRAV27*01,LNH.......DA,SQI....VND,E.KKES,CASSIRSAYEQYF,TRBV19*01,HomoSapiens,GILGFVFTL,TRAV27*01,TRBV19*01,"(['TRAV27*01'], ['TRBV19*01'], 'CAGAPSSSNTGKLIF', 'CASSIRSAYEQYF')"
142,SVF.......SS,VVTG...GEV,GDARKD,CAGARAGGTSYGKLTF,TRAV27*01,DFQ......ATT,SNEG...SKA,A.SLTL,CSARVRGDVYGYTF,TRBV20-1*01,HomoSapiens,GILGFVFTL,TRAV27*01,TRBV20-1*01,"(['TRAV27*01'], ['TRBV20-1*01'], 'CAGARAGGTSYGKLTF', 'CSARVRGDVYGYTF')"
143,TTL.......SN,LVKS...GEV,GEAKKN,CAGASGGGSQGNLIF,TRAV25*01,LNH.......DA,SQI....VND,E.KKES,CASSGRSTDTQYF,TRBV19*01,HomoSapiens,GILGFVFTL,TRAV25*01,TRBV19*01,"(['TRAV25*01'], ['TRBV19*01'], 'CAGASGGGSQGNLIF', 'CASSGRSTDTQYF')"
144,SVF.......SS,VVTG...GEV,GDARKD,CAGASGNTGKLIF,TRAV27*01,LNH.......DA,SQI....VND,E.KKES,CASSIRSSYEQYF,TRBV19*01,HomoSapiens,GILGFVFTL,TRAV27*01,TRBV19*01,"(['TRAV27*01'], ['TRBV19*01'], 'CAGASGNTGKLIF', 'CASSIRSSYEQYF')"
145,SVF.......SS,VVTG...GEV,GDARKD,CAGASGSSNTGKLIF,TRAV27*01,LNH.......DA,SQI....VND,E.KKES,CASSIRSAYEQYF,TRBV19*01,HomoSapiens,GILGFVFTL,TRAV27*01,TRBV19*01,"(['TRAV27*01'], ['TRBV19*01'], 'CAGASGSSNTGKLIF', 'CASSIRSAYEQYF')"
146,SVF.......SS,VVTG...GEV,GDARKD,CAGASGSSNTGKLIF,TRAV27*01,LNH.......DA,SQI....VND,E.KKES,CASSIRSGWEQYF,TRBV19*01,HomoSapiens,GILGFVFTL,TRAV27*01,TRBV19*01,"(['TRAV27*01'], ['TRBV19*01'], 'CAGASGSSNTGKLIF', 'CASSIRSGWEQYF')"
147,SVF.......SS,VVTG...GEV,GDARKD,CAGASGSSNTGKLIF,TRAV27*01,LNH.......DA,SHI....VND,E.KKES,CASSIRSSYEQYF,TRBV19*02,HomoSapiens,GILGFVFTL,TRAV27*01,TRBV19*02,"(['TRAV27*01'], ['TRBV19*02'], 'CAGASGSSNTGKLIF', 'CASSIRSSYEQYF')"
148,SVF.......SS,VVTG...GEV,GDARKD,CAGATGGSQGNLIF,TRAV27*01,LNH.......DA,SQI....VND,E.KKES,CASSIRSDYEQYF,TRBV19*01,HomoSapiens,GILGFVFTL,TRAV27*01,TRBV19*01,"(['TRAV27*01'], ['TRBV19*01'], 'CAGATGGSQGNLIF', 'CASSIRSDYEQYF')"
149,SVF.......SS,VVTG...GEV,GDARKD,CAGATGNTGKLIF,TRAV27*01,LNH.......DA,SHI....VND,E.KKES,CASSTRSGYEQYF,TRBV19*02,HomoSapiens,GILGFVFTL,TRAV27*01,TRBV19*02,"(['TRAV27*01'], ['TRBV19*02'], 'CAGATGNTGKLIF', 'CASSTRSGYEQYF')"
150,SVF.......SS,VVTG...GEV,GDARKD,CAGAVGSSNTGKLIF,TRAV27*01,LNH.......DA,SHI....VND,E.KKES,CASSIRSGYEQYF,TRBV19*02,HomoSapiens,GILGFVFTL,TRAV27*01,TRBV19*02,"(['TRAV27*01'], ['TRBV19*02'], 'CAGAVGSSNTGKLIF', 'CASSIRSGYEQYF')"
151,SVF.......SS,VVTG...GEV,GDARKD,CAGAVGSSNTGKLIF,TRAV27*01,LNH.......DA,SQI....VND,E.KKES,CASSIRSSYEQYF,TRBV19*01,HomoSapiens,GILGFVFTL,TRAV27*01,TRBV19*01,"(['TRAV27*01'], ['TRBV19*01'], 'CAGAVGSSNTGKLIF', 'CASSIRSSYEQYF')"
152,SVF.......SS,VVTG...GEV,GDARKD,CAGAVGSSNTGKLIF,TRAV27*01,LNH.......DA,SHI....VND,E.KKES,CASSIRSSYEQYF,TRBV19*02,HomoSapiens,GILGFVFTL,TRAV27*01,TRBV19*02,"(['TRAV27*01'], ['TRBV19*02'], 'CAGAVGSSNTGKLIF', 'CASSIRSSYEQYF')"
153,SVF.......SS,VVTG...GEV,GDARKD,CAGAVGSSNTGKLIF,TRAV27*01,LNH.......DA,SQI....VND,E.KKES,CASSIRSAYEQYF,TRBV19*01,HomoSapiens,GILGFVFTL,TRAV27*01,TRBV19*01,"(['TRAV27*01'], ['TRBV19*01'], 'CAGAVGSSNTGKLIF', 'CASSIRSAYEQYF')"
154,SVF.......SS,VVTG...GEV,GDARKD,CAGAYGGSQGNLIF,TRAV27*01,LNH.......DA,SHI....VND,E.KKES,CASSIRSTGELFF,TRBV19*02,HomoSapiens,GILGFVFTL,TRAV27*01,TRBV19*02,"(['TRAV27*01'], ['TRBV19*02'], 'CAGAYGGSQGNLIF', 'CASSIRSTGELFF')"
155,SVF.......SS,VVTG...GEV,GDARKD,CAGDLVIYGGSQGNLIF,TRAV27*01,LNH.......DA,SHI....VND,E.KKES,CASSIRSSYEQYF,TRBV19*02,HomoSapiens,GILGFVFTL,TRAV27*01,TRBV19*02,"(['TRAV27*01'], ['TRBV19*02'], 'CAGDLVIYGGSQGNLIF', 'CASSIRSSYEQYF')"
156,SVF.......SS,VVTG...GEV,GDARKD,CAGDNNARLMF,TRAV27*01,MNH.......EY,SMN....VEV,K.EKRN,CASSSDPSGGGYNEQFF,TRBV27*01,HomoSapiens,NLVPMVATV,TRAV27*01,TRBV27*01,"(['TRAV27*01'], ['TRBV27*01'], 'CAGDNNARLMF', 'CASSSDPSGGGYNEQFF')"
157,SVF.......SS,VVTG...GEV,GDARKD,CAGEGGGSQGNLIF,TRAV27*01,LNH.......DA,SQI....VND,E.KKES,CASSIRSSYEQYF,TRBV19*01,HomoSapiens,GILGFVFTL,TRAV27*01,TRBV19*01,"(['TRAV27*01'], ['TRBV19*01'], 'CAGEGGGSQGNLIF', 'CASSIRSSYEQYF')"
158,SVF.......SS,VVTG...GEV,GDARKD,CAGEGGGSQGNLIF,TRAV27*01,LNH.......DA,SHI....VND,E.KKES,CASSIRSSYEQYF,TRBV19*02,HomoSapiens,GILGFVFTL,TRAV27*01,TRBV19*02,"(['TRAV27*01'], ['TRBV19*02'], 'CAGEGGGSQGNLIF', 'CASSIRSSYEQYF')"
159,SVF.......SS,VVTG...GEV,GDARKD,CAGGDGGSQGNLIF,TRAV27*01,LNH.......DA,SHI....VND,E.KKES,CASSIRSTGELFF,TRBV19*02,HomoSapiens,GILGFVFTL,TRAV27*01,TRBV19*02,"(['TRAV27*01'], ['TRBV19*02'], 'CAGGDGGSQGNLIF', 'CASSIRSTGELFF')"
160,SVF.......SS,VVTG...GEV,GDARKD,CAGGGNGGSQGNLIF,TRAV27*01,LNH.......DA,SQI....VND,E.KKES,CASSIRSSYEQYF,TRBV19*01,HomoSapiens,GILGFVFTL,TRAV27*01,TRBV19*01,"(['TRAV27*01'], ['TRBV19*01'], 'CAGGGNGGSQGNLIF', 'CASSIRSSYEQYF')"
161,DRG......SQS,IYS....NGD,NKASQY,CAGGGSQGNLIF,TRAV12-2*01,LNH.......DA,SQI....VND,E.KKES,CASSIRSQVEQFF,TRBV19*01,HomoSapiens,GILGFVFTL,TRAV12-2*01,TRBV19*01,"(['TRAV12-2*01'], ['TRBV19*01'], 'CAGGGSQGNLIF', 'CASSIRSQVEQFF')"
162,SVF.......SS,VVTG...GEV,GDARKD,CAGGGSQGNLIF,TRAV27*01,LNH.......DA,SQI....VND,E.KKES,CAPLKGSSYEQYF,TRBV19*01,HomoSapiens,GILGFVFTL,TRAV27*01,TRBV19*01,"(['TRAV27*01'], ['TRBV19*01'], 'CAGGGSQGNLIF', 'CAPLKGSSYEQYF')"
163,SVF.......SS,VVTG...GEV,GDARKD,CAGGGSQGNLIF,TRAV27*01,LNH.......DA,SQI....VND,E.KKES,CASIIRSSYEQYF,TRBV19*01,HomoSapiens,GILGFVFTL,TRAV27*01,TRBV19*01,"(['TRAV27*01'], ['TRBV19*01'], 'CAGGGSQGNLIF', 'CASIIRSSYEQYF')"
164,SVF.......SS,VVTG...GEV,GDARKD,CAGGGSQGNLIF,TRAV27*01,LNH.......DA,SHI....VND,E.KKES,CASSIRSSYEQFF,TRBV19*02,HomoSapiens,GILGFVFTL,TRAV27*01,TRBV19*02,"(['TRAV27*01'], ['TRBV19*02'], 'CAGGGSQGNLIF', 'CASSIRSSYEQFF')"
165,SVF.......SS,VVTG...GEV,GDARKD,CAGGGSQGNLIF,TRAV27*01,LNH.......DA,SQI....VND,E.KKES,CASSIRSSYEQYF,TRBV19*01,HomoSapiens,GILGFVFTL,TRAV27*01,TRBV19*01,"(['TRAV27*01'], ['TRBV19*01'], 'CAGGGSQGNLIF', 'CASSIRSSYEQYF')"
166,SVF.......SS,VVTG...GEV,GDARKD,CAGGGSQGNLIF,TRAV27*01,LNH.......DA,SHI....VND,E.KKES,CASSIRSSYEQYF,TRBV19*02,HomoSapiens,GILGFVFTL,TRAV27*01,TRBV19*02,"(['TRAV27*01'], ['TRBV19*02'], 'CAGGGSQGNLIF', 'CASSIRSSYEQYF')"
167,SVF.......SS,VVTG...GEV,GDARKD,CAGGGSQGNLIF,TRAV27*01,LNH.......DA,SQI....VND,E.KKES,CASSVRSSYEQYF,TRBV19*01,HomoSapiens,GILGFVFTL,TRAV27*01,TRBV19*01,"(['TRAV27*01'], ['TRBV19*01'], 'CAGGGSQGNLIF', 'CASSVRSSYEQYF')"
168,SVF.......SS,VVTG...GEV,GDARKD,CAGGGSSNTGKLIF,TRAV27*01,LNH.......DA,SQI....VND,E.KKES,CASSIRSAYEQYF,TRBV19*01,HomoSapiens,GILGFVFTL,TRAV27*01,TRBV19*01,"(['TRAV27*01'], ['TRBV19*01'], 'CAGGGSSNTGKLIF', 'CASSIRSAYEQYF')"
169,SVF.......SS,VVTG...GEV,GDARKD,CAGGGSSNTGKLIF,TRAV27*01,LNH.......DA,SQI....VND,E.KKES,CASSIRSSYEQYF,TRBV19*01,HomoSapiens,GILGFVFTL,TRAV27*01,TRBV19*01,"(['TRAV27*01'], ['TRBV19*01'], 'CAGGGSSNTGKLIF', 'CASSIRSSYEQYF')"
170,SVF.......SS,VVTG...GEV,GDARKD,CAGGRQTGANNLFF,TRAV27*01,MNH.......EY,SVG....EGT,L.KKQN,CASSYLEGSETQETQYF,TRBV6-3*01,HomoSapiens,GILGFVFTL,TRAV27*01,TRBV6-2*01,"(['TRAV27*01'], ['TRBV6-2*01'], 'CAGGRQTGANNLFF', 'CASSYLEGSETQETQYF')"
171,SVF.......SS,VVTG...GEV,GDARKD,CAGGTGGSQGNLIF,TRAV27*01,LNH.......DA,SQI....VND,E.KKES,CASSIRSGYEQYF,TRBV19*01,HomoSapiens,GILGFVFTL,TRAV27*01,TRBV19*01,"(['TRAV27*01'], ['TRBV19*01'], 'CAGGTGGSQGNLIF', 'CASSIRSGYEQYF')"
172,TSG......FNG,NVL....DGL,SRSKGY,CAGIDNYGQNFVF,TRAV1-2*01,SGH.......NT,YYR....EEE,F.PNYS,CASSGGRNQPQHF,TRBV5-4*01,HomoSapiens,GILGFVFTL,TRAV1-2*01,TRBV5-4*01,"(['TRAV1-2*01'], ['TRBV5-4*01'], 'CAGIDNYGQNFVF', 'CASSGGRNQPQHF')"
173,TTL.......SN,LVKS...GEV,GEAKKN,CAGKTSYDKVIF,TRAV25*01,MGH.......DK,SYG....VNS,I.RTEH,CATEQGMHEQYF,TRBV25-1*01,HomoSapiens,NLVPMVATV,TRAV25*01,TRBV25-1*01,"(['TRAV25*01'], ['TRBV25-1*01'], 'CAGKTSYDKVIF', 'CATEQGMHEQYF')"
174,SSV......PPY,YTSA..ATLV,KKSETS,CAGLSGGSYIPTF,TRAV8-4*01,SGH.......DN,FVK....ESK,T.GGTY,CASSQDWGAGTQYF,TRBV14*01,HomoSapiens,GILGFVFTL,TRAV8-4*01,TRBV14*01,"(['TRAV8-4*01'], ['TRBV14*01'], 'CAGLSGGSYIPTF', 'CASSQDWGAGTQYF')"
175,TTL.......SN,LVKS...GEV,GEAKKN,CAGNYGGSQGNLIF,TRAV25*01,LNH.......DA,SQI....VND,E.KKES,CASSLRSTDTQYF,TRBV19*01,HomoSapiens,GILGFVFTL,TRAV25*01,TRBV19*01,"(['TRAV25*01'], ['TRBV19*01'], 'CAGNYGGSQGNLIF', 'CASSLRSTDTQYF')"
176,SVF.......SS,VVTG...GEV,GDARKD,CAGNYGGSQGNLIF,TRAV27*01,LNH.......DA,SQI....VND,E.KKES,CASSSRASYEQYF,TRBV19*01,HomoSapiens,GILGFVFTL,TRAV27*01,TRBV19*01,"(['TRAV27*01'], ['TRBV19*01'], 'CAGNYGGSQGNLIF', 'CASSSRASYEQYF')"
177,SIF.......NT,LYKA...GEL,GITRKD,CAGNYGGSQGNLIF,TRAV35*01,LNH.......DA,SQI....VND,E.KKES,CASSIRGSGEQYF,TRBV19*01,HomoSapiens,GILGFVFTL,TRAV35*01,TRBV19*01,"(['TRAV35*01'], ['TRBV19*01'], 'CAGNYGGSQGNLIF', 'CASSIRGSGEQYF')"
178,SIF.......NT,LYKA...GEL,GITRKD,CAGPDGSSNTGKLIF,TRAV35*01,MNH.......EY,SMN....VEV,K.EKRN,CASSLIFPSGEQYF,TRBV27*01,HomoSapiens,GILGFVFTL,TRAV35*01,TRBV27*01,"(['TRAV35*01'], ['TRBV27*01'], 'CAGPDGSSNTGKLIF', 'CASSLIFPSGEQYF')"
179,SIF.......NT,LYKA...GEL,GITRKD,CAGPDTYRDGGSQGNLIF,TRAV35*01,LNH.......DA,SQI....VND,E.KKES,CASSPRSGNEQFF,TRBV19*01,HomoSapiens,GILGFVFTL,TRAV35*01,TRBV19*01,"(['TRAV35*01'], ['TRBV19*01'], 'CAGPDTYRDGGSQGNLIF', 'CASSPRSGNEQFF')"
180,TTL.......SN,LVKS...GEV,GEAKKN,CAGPEDGGSQGNLIF,TRAV25*01,LNH.......DA,SQI....VND,E.KKES,CASSIRSSGPQFF,TRBV19*01,HomoSapiens,GILGFVFTL,TRAV25*01,TRBV19*01,"(['TRAV25*01'], ['TRBV19*01'], 'CAGPEDGGSQGNLIF', 'CASSIRSSGPQFF')"
181,SVF.......SS,VVTG...GEV,GDARKD,CAGPEGGYSGAGSYQLTF,TRAV27*01,SGD.......LS,YYN....GEE,F.PDLH,CASSVSGATADTQYF,TRBV9*01,HomoSapiens,GILGFVFTL,TRAV27*01,TRBV9*01,"(['TRAV27*01'], ['TRBV9*01'], 'CAGPEGGYSGAGSYQLTF', 'CASSVSGATADTQYF')"
182,SVF.......SS,VVTG...GEV,GDARKD,CAGPFGRLMF,TRAV27*01,MNH.......EY,SMN....VEV,K.EKRN,CASSLFPGFGEQYF,TRBV27*01,HomoSapiens,GILGFVFTL,TRAV27*01,TRBV27*01,"(['TRAV27*01'], ['TRBV27*01'], 'CAGPFGRLMF', 'CASSLFPGFGEQYF')"
183,SIF.......NT,LYKA...GEL,GITRKD,CAGPMKTSYDKVIF,TRAV35*01,SGH.......DY,FNN....NVP,P.NASF,CASASANYGYTF,TRBV12-4*01,HomoSapiens,NLVPMVATV,TRAV35*01,TRBV12-4*01,"(['TRAV35*01'], ['TRBV12-4*01'], 'CAGPMKTSYDKVIF', 'CASASANYGYTF')"
184,SIF.......NT,LYKA...GEL,GITRKD,CAGPMKTSYDKVIF,TRAV35*01,SGH.......DY,FNN....NVP,P.NASF,CASSSANYGYTF,TRBV12-4*01,HomoSapiens,GILGFVFTL,TRAV35*01,TRBV12-4*01,"(['TRAV35*01'], ['TRBV12-4*01'], 'CAGPMKTSYDKVIF', 'CASSSANYGYTF')"
185,SIF.......NT,LYKA...GEL,GITRKD,CAGPRETSYDKVIF,TRAV35*01,SGH.......DY,FNN....NVP,P.NASF,CASASANYGYTF,TRBV12-4*01,HomoSapiens,NLVPMVATV,TRAV35*01,TRBV12-4*01,"(['TRAV35*01'], ['TRBV12-4*01'], 'CAGPRETSYDKVIF', 'CASASANYGYTF')"
186,SIF.......NT,LYKA...GEL,GITRKD,CAGPRETSYDKVIF,TRAV35*01,SGH.......DY,FNN....NVP,P.NASF,CASSSAYYGYTF,TRBV12-4*01,HomoSapiens,NLVPMVATV,TRAV35*01,TRBV12-4*01,"(['TRAV35*01'], ['TRBV12-4*01'], 'CAGPRETSYDKVIF', 'CASSSAYYGYTF')"
187,SIF.......NT,LYKA...GEL,GITRKD,CAGQASQGNLIF,TRAV35*01,SGH.......DY,FNN....NVP,P.NASF,CASSIQALLTF,TRBV12-4*01,HomoSapiens,NLVPMVATV,TRAV35*01,TRBV12-4*01,"(['TRAV35*01'], ['TRBV12-4*01'], 'CAGQASQGNLIF', 'CASSIQALLTF')"
188,SIF.......NT,LYKA...GEL,GITRKD,CAGQLGGGSQGNLIF,TRAV35*01,LNH.......DA,SQI....VND,E.KKES,CASSIRSSETQYF,TRBV19*01,HomoSapiens,GILGFVFTL,TRAV35*01,TRBV19*01,"(['TRAV35*01'], ['TRBV19*01'], 'CAGQLGGGSQGNLIF', 'CASSIRSSETQYF')"
189,SIF.......NT,LYKA...GEL,GITRKD,CAGRDGGSQGNLIF,TRAV35*01,SGH.......DT,YYE....EEE,F.PNYS,CASSSRSRQYRGSSYEQYF,TRBV5-6*01,HomoSapiens,GILGFVFTL,TRAV35*01,TRBV5-6*01,"(['TRAV35*01'], ['TRBV5-6*01'], 'CAGRDGGSQGNLIF', 'CASSSRSRQYRGSSYEQYF')"
190,SVF.......SS,VVTG...GEV,GDARKD,CAGSDGGSQGNLIF,TRAV27*01,LNH.......DA,SQI....VND,E.KKES,CASSMRSTDTQYF,TRBV19*01,HomoSapiens,GILGFVFTL,TRAV27*01,TRBV19*01,"(['TRAV27*01'], ['TRBV19*01'], 'CAGSDGGSQGNLIF', 'CASSMRSTDTQYF')"
191,TTL.......SN,LVKS...GEV,GEAKKN,CAGSGTASKLTF,TRAV25*01,LNH.......DA,SQI....VND,E.KKES,CASGEGGELFF,TRBV19*01,HomoSapiens,NLVPMVATV,TRAV25*01,TRBV19*01,"(['TRAV25*01'], ['TRBV19*01'], 'CAGSGTASKLTF', 'CASGEGGELFF')"
192,SVF.......SS,VVTG...GEV,GDARKD,CAGSQNYGGSQGNLIF,TRAV27*01,LNH.......DA,SQI....VND,E.KKES,CASSWVSLDTQYF,TRBV19*01,HomoSapiens,GILGFVFTL,TRAV27*01,TRBV19*01,"(['TRAV27*01'], ['TRBV19*01'], 'CAGSQNYGGSQGNLIF', 'CASSWVSLDTQYF')"
193,SVF.......SS,VVTG...GEV,GDARKD,CAGSSGGSQGNLIF,TRAV27*01,LNH.......DA,SQI....VND,E.KKES,CASSYRSSYEQYF,TRBV19*01,HomoSapiens,GILGFVFTL,TRAV27*01,TRBV19*01,"(['TRAV27*01'], ['TRBV19*01'], 'CAGSSGGSQGNLIF', 'CASSYRSSYEQYF')"
194,SIF.......NT,LYKA...GEL,GITRKD,CAGTGFQKLVF,TRAV35*01,SGH.......DY,FNN....NVP,P.NASF,CASSLGDRPSTDTQYF,TRBV12-4*01,HomoSapiens,GILGFVFTL,TRAV35*01,TRBV12-4*01,"(['TRAV35*01'], ['TRBV12-4*01'], 'CAGTGFQKLVF', 'CASSLGDRPSTDTQYF')"
195,SVF.......SS,VVTG...GEV,GDARKD,CAGVDGGSQGNLIF,TRAV27*01,LNH.......DA,SQI....VND,E.KKES,CASSTRSAYEQYF,TRBV19*01,HomoSapiens,GILGFVFTL,TRAV27*01,TRBV19*01,"(['TRAV27*01'], ['TRBV19*01'], 'CAGVDGGSQGNLIF', 'CASSTRSAYEQYF')"
196,SVF.......SS,VVTG...GEV,GDARKD,CAGVEYGGSQGNLIF,TRAV27*01,LNH.......DA,SQI....VND,E.KKES,CASSIRSSVEQFF,TRBV19*01,HomoSapiens,GILGFVFTL,TRAV27*01,TRBV19*01,"(['TRAV27*01'], ['TRBV19*01'], 'CAGVEYGGSQGNLIF', 'CASSIRSSVEQFF')"
197,SVF.......SS,VVTG...GEV,GDARKD,CAGVGGGSQGNLIF,TRAV27*01,LNH.......DA,SQI....VND,E.KKES,CASSIRASYEQYF,TRBV19*01,HomoSapiens,GILGFVFTL,TRAV27*01,TRBV19*01,"(['TRAV27*01'], ['TRBV19*01'], 'CAGVGGGSQGNLIF', 'CASSIRASYEQYF')"
198,SVF.......SS,VVTG...GEV,GDARKD,CAGVGGGSQGNLIF,TRAV27*01,LNH.......DA,SQI....VND,E.KKES,CASSIRSSYEQYF,TRBV19*01,HomoSapiens,GILGFVFTL,TRAV27*01,TRBV19*01,"(['TRAV27*01'], ['TRBV19*01'], 'CAGVGGGSQGNLIF', 'CASSIRSSYEQYF')"
199,SIF.......NT,LYKA...GEL,GITRKD,CAGVTYGGSQGNLIF,TRAV35*01,LNH.......DA,SQI....VND,E.KKES,CASSLRSSYEQYF,TRBV19*01,HomoSapiens,GILGFVFTL,TRAV35*01,TRBV19*01,"(['TRAV35*01'], ['TRBV19*01'], 'CAGVTYGGSQGNLIF', 'CASSLRSSYEQYF')"
200,SVF.......SS,VVTG...GEV,GDARKD,CAGVYGGSQGNLIF,TRAV27*01,LNH.......DA,SQI....VND,E.KKES,CASSIRSAHEQYF,TRBV19*01,HomoSapiens,GILGFVFTL,TRAV27*01,TRBV19*01,"(['TRAV27*01'], ['TRBV19*01'], 'CAGVYGGSQGNLIF', 'CASSIRSAHEQYF')"
201,DSS......STY,IFSN...MDM,NKKDKH,CAHDNNARLMF,TRAV5*01,DFQ......ATT,SNEG...SKA,A.SLTL,CSARDGTGNGYTF,TRBV20-1*01,HomoSapiens,GLCTLVAML,TRAV5*01,TRBV20-1*01,"(['TRAV5*01'], ['TRBV20-1*01'], 'CAHDNNARLMF', 'CSARDGTGNGYTF')"
202,DSS......STY,IFSN...MDM,NKKDKH,CAHDNNARLMF,TRAV5*01,DFQ......ATT,SNEG...SKA,A.SLTL,CSARDRTGNGYTF,TRBV20-1*01,HomoSapiens,GLCTLVAML,TRAV5*01,TRBV20-1*01,"(['TRAV5*01'], ['TRBV20-1*01'], 'CAHDNNARLMF', 'CSARDRTGNGYTF')"
203,DRG......SQS,IYS....NGD,NKASQY,CAHGGSQGNLIF,TRAV12-2*01,LNH.......DA,SQI....VND,E.KKES,CASSIRSSYEQYF,TRBV19*01,HomoSapiens,GILGFVFTL,TRAV12-2*01,TRBV19*01,"(['TRAV12-2*01'], ['TRBV19*01'], 'CAHGGSQGNLIF', 'CASSIRSSYEQYF')"
204,DSS......STY,IFSN...MDM,NKKDKH,CAHLGGSSNTGKLIF,TRAV5*01,MDH.......EN,SYD....VKM,E.KKER,CAVNGGSNYGYTF,TRBV28*01,HomoSapiens,NLVPMVATV,TRAV5*01,TRBV28*01,"(['TRAV5*01'], ['TRBV28*01'], 'CAHLGGSSNTGKLIF', 'CAVNGGSNYGYTF')"
205,NYS......PAY,IREN...EKE,DTTLKQ,CAIDTGGFKTIF,TRAV6*01,MNH.......NS,SAS....EGT,L.NKRE,CASSGTDSNQPQHF,TRBV6-1*01,HomoSapiens,NLVPMVATV,TRAV6*01,TRBV6-1*01,"(['TRAV6*01'], ['TRBV6-1*01'], 'CAIDTGGFKTIF', 'CASSGTDSNQPQHF')"
206,NTA......FDY,IRPD...VSE,NKSAKQ,CALAGSQGNLIF,TRAV23/DV6*01,LNH.......DA,SHI....VND,E.KKES,CASSIRASYEQYF,TRBV19*02,HomoSapiens,GILGFVFTL,TRAV23/DV6*01,TRBV19*02,"(['TRAV23/DV6*01'], ['TRBV19*02'], 'CALAGSQGNLIF', 'CASSIRASYEQYF')"
207,NYS......PAY,IREN...EKE,DTTLKQ,CALDMGGGSQGNLIF,TRAV6*01,LNH.......DA,SHI....VND,E.KKES,CASSARSTDTQYF,TRBV19*02,HomoSapiens,GILGFVFTL,TRAV6*01,TRBV19*02,"(['TRAV6*01'], ['TRBV19*02'], 'CALDMGGGSQGNLIF', 'CASSARSTDTQYF')"
208,NYS......PAY,IREN...EKE,DTTLKQ,CALDMGGGSQGNLIF,TRAV6*01,LNH.......DA,SHI....VND,E.KKES,CASSIRAADTQYF,TRBV19*02,HomoSapiens,GILGFVFTL,TRAV6*01,TRBV19*02,"(['TRAV6*01'], ['TRBV19*02'], 'CALDMGGGSQGNLIF', 'CASSIRAADTQYF')"
209,NYS......PAY,IREN...EKE,DTTLKQ,CALDMGGGSQGNLIF,TRAV6*01,LNH.......DA,SHI....VND,E.KKES,CASSIRSTDTQYF,TRBV19*02,HomoSapiens,GILGFVFTL,TRAV6*01,TRBV19*02,"(['TRAV6*01'], ['TRBV19*02'], 'CALDMGGGSQGNLIF', 'CASSIRSTDTQYF')"
210,TRDT.....TYY,RNSF..DEQN,QKSTSS,CALDSSDGQKLLF,TRAV19*01,MNH.......EY,SMN....VEV,K.EKRN,CASSPLIGEQYF,TRBV27*01,HomoSapiens,GILGFVFTL,TRAV19*01,TRBV27*01,"(['TRAV19*01'], ['TRBV27*01'], 'CALDSSDGQKLLF', 'CASSPLIGEQYF')"
211,TSDQ.....SYG,QGSY..DEQN,QKARKS,CALHSGGYQKVTF,TRAV14/DV4*02,MNH.......EY,SMN....VEV,K.EKRN,CASSPTRPVEQYF,TRBV27*01,HomoSapiens,GILGFVFTL,TRAV14/DV4*02,TRBV27*01,"(['TRAV14/DV4*02'], ['TRBV27*01'], 'CALHSGGYQKVTF', 'CASSPTRPVEQYF')"
212,ATG......YPS,ATKA...DDK,RKETTS,CALIAGANSKLTF,TRAV9-2*01,LNH.......DA,SHI....VND,E.KKES,CASSIAPTDTQYF,TRBV19*02,HomoSapiens,GILGFVFTL,TRAV9-2*01,TRBV19*02,"(['TRAV9-2*01'], ['TRBV19*02'], 'CALIAGANSKLTF', 'CASSIAPTDTQYF')"
213,TRDT.....TYY,RNSF..DEQN,QKSTSS,CALLYARLMF,TRAV19*01,LNH.......DA,SHI....VND,E.KKES,CASSIRSSYEQYF,TRBV19*02,HomoSapiens,GILGFVFTL,TRAV19*01,TRBV19*02,"(['TRAV19*01'], ['TRBV19*02'], 'CALLYARLMF', 'CASSIRSSYEQYF')"
214,VSG......NPY,YITG..DNLV,NKSQTS,CALNDYKLSF,TRAV3*01,MNH.......NS,SAS....EGT,L.NKRE,CASSEAISGAWDEQFF,TRBV6-1*01,HomoSapiens,GILGFVFTL,TRAV3*01,TRBV6-1*01,"(['TRAV3*01'], ['TRBV6-1*01'], 'CALNDYKLSF', 'CASSEAISGAWDEQFF')"
215,TRDT.....TYY,RNSF..DEQN,QKSTSS,CALNPTGGGNKLTF,TRAV19*01,KGH.......SH,LQK....ENI,P.KEGP,CASSPVSGSSYEQYF,TRBV18*01,HomoSapiens,GLCTLVAML,TRAV19*01,TRBV18*01,"(['TRAV19*01'], ['TRBV18*01'], 'CALNPTGGGNKLTF', 'CASSPVSGSSYEQYF')"
216,NYS......PAY,IREN...EKE,DTTLKQ,CALPMNRDDKIIF,TRAV6*01,SGH.......AT,FQN....NGV,L.KGVD,CASSYAYDGSYEQYF,TRBV11-2*01,HomoSapiens,GLCTLVAML,TRAV6*01,TRBV11-2*01,"(['TRAV6*01'], ['TRBV11-2*01'], 'CALPMNRDDKIIF', 'CASSYAYDGSYEQYF')"
217,YSG......SPE,HI......SR,NKGETS,CALRCFGNEKLTF,TRAV16*01,SQV.......TM,ANQG...SEA,P.NLTF,CSVPGTVQETQYF,TRBV29-1*01,HomoSapiens,GLCTLVAML,TRAV16*01,TRBV29-1*01,"(['TRAV16*01'], ['TRBV29-1*01'], 'CALRCFGNEKLTF', 'CSVPGTVQETQYF')"
218,YSG......SPE,HI......SR,NKGETS,CALRCFGNEKLTF,TRAV16*01,SQV.......TM,ANQG...SEA,P.NLTF,CSVPITVQETQYF,TRBV29-1*01,HomoSapiens,GLCTLVAML,TRAV16*01,TRBV29-1*01,"(['TRAV16*01'], ['TRBV29-1*01'], 'CALRCFGNEKLTF', 'CSVPITVQETQYF')"
219,YSG......SPE,HI......SR,NKGETS,CALRCFGNEKLTF,TRAV16*01,SQV.......TM,ANQG...SEA,P.NLTF,CSVPSTVQETQYF,TRBV29-1*01,HomoSapiens,GLCTLVAML,TRAV16*01,TRBV29-1*01,"(['TRAV16*01'], ['TRBV29-1*01'], 'CALRCFGNEKLTF', 'CSVPSTVQETQYF')"
220,YSG......SPE,HI......SR,NKGETS,CALRVMNRDDKIIF,TRAV16*01,LNH.......DA,SQI....VND,E.KKES,CASSTKDGGTGELFF,TRBV19*01,HomoSapiens,GILGFVFTL,TRAV16*01,TRBV19*01,"(['TRAV16*01'], ['TRBV19*01'], 'CALRVMNRDDKIIF', 'CASSTKDGGTGELFF')"
221,YSG......SPE,HI......SR,NKGETS,CALRVMNRDDKIIF,TRAV16*01,LNH.......DA,SQI....VND,E.KKES,CASSTKEGGTGELFF,TRBV19*01,HomoSapiens,GILGFVFTL,TRAV16*01,TRBV19*01,"(['TRAV16*01'], ['TRBV19*01'], 'CALRVMNRDDKIIF', 'CASSTKEGGTGELFF')"
222,YSG......SPE,HI......SR,NKGETS,CALRVMNRDDKIIF,TRAV16*01,LNH.......DA,SHI....VND,E.KKES,CASSTKEGGTGEQFF,TRBV19*02,HomoSapiens,GILGFVFTL,TRAV16*01,TRBV19*02,"(['TRAV16*01'], ['TRBV19*02'], 'CALRVMNRDDKIIF', 'CASSTKEGGTGEQFF')"
223,YSG......SPE,HI......SR,NKGETS,CALRVMNRDDKIIF,TRAV16*01,LNH.......DA,SQI....VND,E.KKES,CASSTKVGGTGELFF,TRBV19*01,HomoSapiens,GILGFVFTL,TRAV16*01,TRBV19*01,"(['TRAV16*01'], ['TRBV19*01'], 'CALRVMNRDDKIIF', 'CASSTKVGGTGELFF')"
224,TRDT.....TYY,RNSF..DEQN,QKSTSS,CALSDAYNFNKFYF,TRAV19*01,PRH.......DT,FYE....KMQ,F.SDYH,CASSDDRVRYGYTF,TRBV13*01,HomoSapiens,NLVPMVATV,TRAV19*01,TRBV13*01,"(['TRAV19*01'], ['TRBV13*01'], 'CALSDAYNFNKFYF', 'CASSDDRVRYGYTF')"
225,TRDT.....TYY,RNSF..DEQN,QKSTSS,CALSDLNQAGTALIF,TRAV19*01,SGH.......VS,FQN....EAQ,P.EGSV,CASSYGIAGKETQYF,TRBV7-8*01,HomoSapiens,GILGFVFTL,TRAV19*01,TRBV7-8*01,"(['TRAV19*01'], ['TRBV7-8*01'], 'CALSDLNQAGTALIF', 'CASSYGIAGKETQYF')"
226,TRDT.....TYY,RNSF..DEQN,QKSTSS,CALSDSGGSNYKLTF,TRAV19*01,LNH.......DA,SHI....VND,E.KKES,CASSIFSGGQNIQYF,TRBV19*02,HomoSapiens,GILGFVFTL,TRAV19*01,TRBV19*02,"(['TRAV19*01'], ['TRBV19*02'], 'CALSDSGGSNYKLTF', 'CASSIFSGGQNIQYF')"
227,TRDT.....TYY,RNSF..DEQN,QKSTSS,CALSDVGMNRDDKIIF,TRAV19*01,MGH.......RA,YSY....EKL,P.NSSL,CASSQGLGREGASEQFF,TRBV4-1*01,HomoSapiens,NLVPMVATV,TRAV19*01,TRBV4-1*01,"(['TRAV19*01'], ['TRBV4-1*01'], 'CALSDVGMNRDDKIIF', 'CASSQGLGREGASEQFF')"
228,TRDT.....TYY,RNSF..DEQN,QKSTSS,CALSEAGKTSYDKVIF,TRAV19*01,MGH.......RA,YSY....EKL,P.NSSL,CASSQVEAFYEQYF,TRBV4-1*01,HomoSapiens,GILGFVFTL,TRAV19*01,TRBV4-1*01,"(['TRAV19*01'], ['TRBV4-1*01'], 'CALSEAGKTSYDKVIF', 'CASSQVEAFYEQYF')"
229,TRDT.....TYY,RNSF..DEQN,QKSTSS,CALSEAGRGGSYIPTF,TRAV19*01,LNH.......DA,SQI....VND,E.KKES,CASSIFGGAEAFF,TRBV19*01,HomoSapiens,GILGFVFTL,TRAV19*01,TRBV19*01,"(['TRAV19*01'], ['TRBV19*01'], 'CALSEAGRGGSYIPTF', 'CASSIFGGAEAFF')"
230,TRDT.....TYY,RNSF..DEQN,QKSTSS,CALSEALVTGGGNKLTF,TRAV19*01,MNH.......EY,SMN....VEV,K.EKRN,CASSLSRRGPNYGYTF,TRBV27*01,HomoSapiens,GILGFVFTL,TRAV19*01,TRBV27*01,"(['TRAV19*01'], ['TRBV27*01'], 'CALSEALVTGGGNKLTF', 'CASSLSRRGPNYGYTF')"
231,TRDT.....TYY,RNSF..DEQN,QKSTSS,CALSEASGNAGNMLTF,TRAV19*01,MNH.......EY,SMN....VEV,K.EKRN,CASSSPTSGDYEQYF,TRBV27*01,HomoSapiens,GILGFVFTL,TRAV19*01,TRBV27*01,"(['TRAV19*01'], ['TRBV27*01'], 'CALSEASGNAGNMLTF', 'CASSSPTSGDYEQYF')"
232,TRDT.....TYY,RNSF..DEQN,QKSTSS,CALSEATSGTYKYIF,TRAV19*01,SGH.......TA,FQG....NSA,T.GGSV,CASSRGQLYEQYF,TRBV7-2*01,HomoSapiens,GILGFVFTL,TRAV19*01,TRBV7-2*01,"(['TRAV19*01'], ['TRBV7-2*01'], 'CALSEATSGTYKYIF', 'CASSRGQLYEQYF')"
233,TRDT.....TYY,RNSF..DEQN,QKSTSS,CALSGDDYKLSF,TRAV19*01,SGD.......LS,YYN....GEE,F.PDLH,CASSVASGRAHEQYF,TRBV9*01,HomoSapiens,NLVPMVATV,TRAV19*01,TRBV9*01,"(['TRAV19*01'], ['TRBV9*01'], 'CALSGDDYKLSF', 'CASSVASGRAHEQYF')"
234,TRDT.....TYY,RNSF..DEQN,QKSTSS,CALSGETSGSRLTF,TRAV19*01,LGH.......NT,FRN....RAP,P.DATL,CASGLVPEGLVYEQYF,TRBV12-5*01,HomoSapiens,GILGFVFTL,TRAV19*01,TRBV12-5*01,"(['TRAV19*01'], ['TRBV12-5*01'], 'CALSGETSGSRLTF', 'CASGLVPEGLVYEQYF')"
235,TRDT.....TYY,RNSF..DEQN,QKSTSS,CALSGETSGSRLTF,TRAV19*01,LGH.......NT,FRN....RAP,P.DATL,CASGLVPGGLVYEQYF,TRBV12-5*01,HomoSapiens,GILGFVFTL,TRAV19*01,TRBV12-5*01,"(['TRAV19*01'], ['TRBV12-5*01'], 'CALSGETSGSRLTF', 'CASGLVPGGLVYEQYF')"
236,TRDT.....TYY,RNSF..DEQN,QKSTSS,CALSGETSGSRLTF,TRAV19*01,LGH.......NT,FRN....RAP,P.DATL,CASGLVPGGVVYEQYF,TRBV12-5*01,HomoSapiens,GILGFVFTL,TRAV19*01,TRBV12-5*01,"(['TRAV19*01'], ['TRBV12-5*01'], 'CALSGETSGSRLTF', 'CASGLVPGGVVYEQYF')"
237,TRDT.....TYY,RNSF..DEQN,QKSTSS,CALSGSDYKLSF,TRAV19*01,DFQ......ATT,SNEG...SKA,A.SLTL,CSARGGDSVLRVGEQYF,TRBV20-1*01,HomoSapiens,GILGFVFTL,TRAV19*01,TRBV20-1*01,"(['TRAV19*01'], ['TRBV20-1*01'], 'CALSGSDYKLSF', 'CSARGGDSVLRVGEQYF')"
238,TRDT.....TYY,RNSF..DEQN,QKSTSS,CALSGSSVGAAGNKLTF,TRAV19*01,SGD.......LS,YYN....GEE,F.PDLH,CASSVVASSYNEQFF,TRBV9*01,HomoSapiens,GILGFVFTL,TRAV19*01,TRBV9*01,"(['TRAV19*01'], ['TRBV9*01'], 'CALSGSSVGAAGNKLTF', 'CASSVVASSYNEQFF')"
239,ATG......YPS,ATKA...DDK,RKETTS,CALSRAGGTSYGKLTF,TRAV9-2*01,PRH.......DT,FYE....KMQ,F.SDYH,CASSSRQGAANEKLFF,TRBV13*01,HomoSapiens,GILGFVFTL,TRAV9-2*01,TRBV13*01,"(['TRAV9-2*01'], ['TRBV13*01'], 'CALSRAGGTSYGKLTF', 'CASSSRQGAANEKLFF')"
240,TTL.......SN,LVKS...GEV,GEAKKN,CAMNYGGSQGNLIF,TRAV25*01,LNH.......DA,SQI....VND,E.KKES,CASSTRSTDTQYF,TRBV19*01,HomoSapiens,GILGFVFTL,TRAV25*01,TRBV19*01,"(['TRAV25*01'], ['TRBV19*01'], 'CAMNYGGSQGNLIF', 'CASSTRSTDTQYF')"
241,TSDP.....SYG,QGSY..DQQN,QKARKS,CAMRDSQGGSEKLVF,TRAV14/DV4*01,MNH.......EY,SVG....EGT,L.KKQN,CASSYGLEQFF,TRBV6-3*01,HomoSapiens,GILGFVFTL,TRAV14/DV4*01,TRBV6-2*01,"(['TRAV14/DV4*01'], ['TRBV6-2*01'], 'CAMRDSQGGSEKLVF', 'CASSYGLEQFF')"
242,TSDP.....SYG,QGSY..DQQN,QKARKS,CAMREVMDSNYQLIW,TRAV14/DV4*01,SGD.......LS,YYN....GEE,F.PDLH,CASSVAQLAGGTDTQYF,TRBV9*01,HomoSapiens,GLCTLVAML,TRAV14/DV4*01,TRBV9*01,"(['TRAV14/DV4*01'], ['TRBV9*01'], 'CAMREVMDSNYQLIW', 'CASSVAQLAGGTDTQYF')"
243,TSDP.....SYG,QGSY..DQQN,QKARKS,CAMRGDAGGTSYGKLTF,TRAV14/DV4*01,LNH.......DA,SQI....VND,E.KKES,CASRIDSNQPQHF,TRBV19*01,HomoSapiens,GILGFVFTL,TRAV14/DV4*01,TRBV19*01,"(['TRAV14/DV4*01'], ['TRBV19*01'], 'CAMRGDAGGTSYGKLTF', 'CASRIDSNQPQHF')"
244,TSDP.....SYG,QGSY..DQQN,QKARKS,CAMRGDAGGTSYGKLTF,TRAV14/DV4*01,LNH.......DA,SHI....VND,E.KKES,CASSIDSNQPQHF,TRBV19*02,HomoSapiens,GILGFVFTL,TRAV14/DV4*01,TRBV19*02,"(['TRAV14/DV4*01'], ['TRBV19*02'], 'CAMRGDAGGTSYGKLTF', 'CASSIDSNQPQHF')"
245,TSDQ.....SYG,QGSY..DEQN,QKARKS,CAMRGDPGGTSYGKLTF,TRAV14/DV4*02,LNH.......DA,SHI....VND,E.KKES,CASSILSNTEAFF,TRBV19*02,HomoSapiens,GILGFVFTL,TRAV14/DV4*02,TRBV19*02,"(['TRAV14/DV4*02'], ['TRBV19*02'], 'CAMRGDPGGTSYGKLTF', 'CASSILSNTEAFF')"
246,NSA......FQY,TYS....SGN,DKSSKY,CAMSERNKARLMF,TRAV12-3*01,LNH.......DA,SQI....VND,E.KKES,CASGAGGPLNEQFF,TRBV19*01,HomoSapiens,GILGFVFTL,TRAV12-3*01,TRBV19*01,"(['TRAV12-3*01'], ['TRBV19*01'], 'CAMSERNKARLMF', 'CASGAGGPLNEQFF')"
247,NSA......FQY,TYS....SGN,DKSSKY,CAMSERNKARLMF,TRAV12-3*01,MRH.......NA,SNT....AGT,A.NTDD,CASSDHPGSRELWKHHIF,TRBV6-4*02,HomoSapiens,GILGFVFTL,TRAV12-3*01,TRBV6-4*01,"(['TRAV12-3*01'], ['TRBV6-4*01'], 'CAMSERNKARLMF', 'CASSDHPGSRELWKHHIF')"
248,NSA......FQY,TYS....SGN,DKSSKY,CAMSERNNARLMF,TRAV12-3*01,LNH.......DA,SQI....VND,E.KKES,CASGAGGPLNEQFF,TRBV19*01,HomoSapiens,GILGFVFTL,TRAV12-3*01,TRBV19*01,"(['TRAV12-3*01'], ['TRBV19*01'], 'CAMSERNNARLMF', 'CASGAGGPLNEQFF')"
249,NSA......FQY,TYS....SGN,DKSSKY,CAMSERNNARLMF,TRAV12-3*01,MRH.......NA,SNT....AGT,A.NTDD,CASSDHPGSRELWKHHIF,TRBV6-4*02,HomoSapiens,GILGFVFTL,TRAV12-3*01,TRBV6-4*01,"(['TRAV12-3*01'], ['TRBV6-4*01'], 'CAMSERNNARLMF', 'CASSDHPGSRELWKHHIF')"
250,NSA......FQY,TYS....SGN,DKSSKY,CAMSGDGGSQGNLIF,TRAV12-3*01,LNH.......DA,SQI....VND,E.KKES,CASSIRASYEQYF,TRBV19*01,HomoSapiens,GILGFVFTL,TRAV12-3*01,TRBV19*01,"(['TRAV12-3*01'], ['TRBV19*01'], 'CAMSGDGGSQGNLIF', 'CASSIRASYEQYF')"
251,NSA......FQY,TYS....SGN,DKSSKY,CAMSGEGGSQGNLIF,TRAV12-3*01,LNH.......DA,SHI....VND,E.KKES,CASSMRSAGELFF,TRBV19*02,HomoSapiens,GILGFVFTL,TRAV12-3*01,TRBV19*02,"(['TRAV12-3*01'], ['TRBV19*02'], 'CAMSGEGGSQGNLIF', 'CASSMRSAGELFF')"
252,TSDP.....SYG,QGSY..DQQN,QKARKS,CAMSLYSGGGADGLTF,TRAV14/DV4*01,MDH.......EN,SYD....VKM,E.KKER,CASRPPPAGQKETQYF,TRBV28*01,HomoSapiens,GILGFVFTL,TRAV14/DV4*01,TRBV28*01,"(['TRAV14/DV4*01'], ['TRBV28*01'], 'CAMSLYSGGGADGLTF', 'CASRPPPAGQKETQYF')"
253,SSN......FYA,MTLN...GDE,NTKEGY,CAQGDGGSQGNLIF,TRAV24*01,LNH.......DA,SQI....VND,E.KKES,CASSGRSTDTQYF,TRBV19*01,HomoSapiens,GILGFVFTL,TRAV24*01,TRBV19*01,"(['TRAV24*01'], ['TRBV19*01'], 'CAQGDGGSQGNLIF', 'CASSGRSTDTQYF')"
254,SSN......FYA,MTLN...GDE,NTKEGY,CARNTGNQFYF,TRAV24*01,MNH.......EY,SVG....AGI,S.TTED,CASSAQTGASYGYTF,TRBV6-5*01,HomoSapiens,NLVPMVATV,TRAV24*01,TRBV6-5*01,"(['TRAV24*01'], ['TRBV6-5*01'], 'CARNTGNQFYF', 'CASSAQTGASYGYTF')"
255,SSN......FYA,MTLN...GDE,NTKEGY,CARNTGNQFYF,TRAV24*01,MNH.......EY,SVG....AGI,S.TTED,CASSKQTGTGNYGYTF,TRBV6-5*01,HomoSapiens,GILGFVFTL,TRAV24*01,TRBV6-5*01,"(['TRAV24*01'], ['TRBV6-5*01'], 'CARNTGNQFYF', 'CASSKQTGTGNYGYTF')"
256,SSN......FYA,MTLN...GDE,NTKEGY,CARNTGNQFYF,TRAV24*01,MNH.......EY,SVG....AGI,S.TTED,CASSPSTGVTFYGYTF,TRBV6-5*01,HomoSapiens,NLVPMVATV,TRAV24*01,TRBV6-5*01,"(['TRAV24*01'], ['TRBV6-5*01'], 'CARNTGNQFYF', 'CASSPSTGVTFYGYTF')"
257,SSN......FYA,MTLN...GDE,NTKEGY,CARNTGNQFYF,TRAV24*01,MNH.......EY,SVG....AGI,S.TTED,CASSWKTGTGGTGYTF,TRBV6-5*01,HomoSapiens,NLVPMVATV,TRAV24*01,TRBV6-5*01,"(['TRAV24*01'], ['TRBV6-5*01'], 'CARNTGNQFYF', 'CASSWKTGTGGTGYTF')"
258,SSN......FYA,MTLN...GDE,NTKEGY,CARNTGNQFYF,TRAV24*01,MNH.......EY,SVG....AGI,S.TTED,CASSYQTGTGVYGYTF,TRBV6-5*01,HomoSapiens,NLVPMVATV,TRAV24*01,TRBV6-5*01,"(['TRAV24*01'], ['TRBV6-5*01'], 'CARNTGNQFYF', 'CASSYQTGTGVYGYTF')"
259,SSN......FYA,MTLN...GDE,NTKEGY,CARNTGNQFYF,TRAV24*01,GTS......NPN,SVG.....IG,P.QDRQ,CAWSISDLAKNIQYF,TRBV30*01,HomoSapiens,NLVPMVATV,TRAV24*01,TRBV30*01,"(['TRAV24*01'], ['TRBV30*01'], 'CARNTGNQFYF', 'CAWSISDLAKNIQYF')"
260,DSS......STY,IFSN...MDM,NKKDKH,CASDNNARLMF,TRAV5*01,DFQ......ATT,SNEG...SKA,A.SLTL,CSARDSTGNGYTF,TRBV20-1*01,HomoSapiens,GLCTLVAML,TRAV5*01,TRBV20-1*01,"(['TRAV5*01'], ['TRBV20-1*01'], 'CASDNNARLMF', 'CSARDSTGNGYTF')"
261,DRG......SQS,IYS....NGD,NKASQY,CASGGSQGNLIF,TRAV12-2*01,LNH.......DA,SHI....VND,E.KKES,CASSSRSAYEQYF,TRBV19*02,HomoSapiens,GILGFVFTL,TRAV12-2*01,TRBV19*02,"(['TRAV12-2*01'], ['TRBV19*02'], 'CASGGSQGNLIF', 'CASSSRSAYEQYF')"
262,NSM......FDY,ISSI...KDK,NKSAKH,CASGGSQGNLIF,TRAV29/DV5*01,MNH.......EY,SMN....VEV,K.EKRN,CASSFGTFETQYF,TRBV27*01,HomoSapiens,GLCTLVAML,TRAV29/DV5*01,TRBV27*01,"(['TRAV29/DV5*01'], ['TRBV27*01'], 'CASGGSQGNLIF', 'CASSFGTFETQYF')"
263,NSM......FDY,ISSI...KDK,NKSAKH,CASGGSQGNLIF,TRAV29/DV5*01,MNH.......EY,SMN....VEV,K.EKRN,CASSIGTFETQYF,TRBV27*01,HomoSapiens,GLCTLVAML,TRAV29/DV5*01,TRBV27*01,"(['TRAV29/DV5*01'], ['TRBV27*01'], 'CASGGSQGNLIF', 'CASSIGTFETQYF')"
264,TTL.......SN,LVKS...GEV,GEAKKN,CASPGDGGSQGNLIF,TRAV25*01,LNH.......DA,SQI....VND,E.KKES,CASSPRSTDTQYF,TRBV19*01,HomoSapiens,GILGFVFTL,TRAV25*01,TRBV19*01,"(['TRAV25*01'], ['TRBV19*01'], 'CASPGDGGSQGNLIF', 'CASSPRSTDTQYF')"
265,ATG......YPS,ATKA...DDK,RKETTS,CASSSVNEQYF,TRAV9-2*01,MNH.......EY,SVG....AGI,S.TTED,CASSPITGTGAYGYTF,TRBV6-5*01,HomoSapiens,NLVPMVATV,TRAV9-2*01,TRBV6-5*01,"(['TRAV9-2*01'], ['TRBV6-5*01'], 'CASSSVNEQYF', 'CASSPITGTGAYGYTF')"
266,TSI.......NN,IRSN...ERE,DTSKKS,CATDAIPSDMRF,TRAV17*01,LNH.......DA,SHI....VND,E.KKES,CASSFRSTDTQYF,TRBV19*02,HomoSapiens,GILGFVFTL,TRAV17*01,TRBV19*02,"(['TRAV17*01'], ['TRBV19*02'], 'CATDAIPSDMRF', 'CASSFRSTDTQYF')"
267,TSI.......NN,IRSN...ERE,DTSKKS,CATDALGNGNEKLTF,TRAV17*01,LNH.......DA,SQI....VND,E.KKES,CATQGDNTYEQYF,TRBV19*01,HomoSapiens,GILGFVFTL,TRAV17*01,TRBV19*01,"(['TRAV17*01'], ['TRBV19*01'], 'CATDALGNGNEKLTF', 'CATQGDNTYEQYF')"
268,TSI.......NN,IRSN...ERE,DTSKKS,CATDAPSNYQLIW,TRAV17*01,SNH.......LY,FYN....NEI,P.DGSN,CASSSSGRDYEQYF,TRBV2*01,HomoSapiens,NLVPMVATV,TRAV17*01,TRBV2*01,"(['TRAV17*01'], ['TRBV2*01'], 'CATDAPSNYQLIW', 'CASSSSGRDYEQYF')"
269,TSI.......NN,IRSN...ERE,DTSKKS,CATDGEYAGGTSYGKLTF,TRAV17*01,SNH.......LY,FYN....NEI,P.DGSN,CASSVRTGYTEAFF,TRBV2*01,HomoSapiens,GILGFVFTL,TRAV17*01,TRBV2*01,"(['TRAV17*01'], ['TRBV2*01'], 'CATDGEYAGGTSYGKLTF', 'CASSVRTGYTEAFF')"
270,SVF.......SS,VVTG...GEV,GDARKD,CATGGSQGNLIF,TRAV27*01,LNH.......DA,SQI....VND,E.KKES,CASSIRSSYEQYF,TRBV19*01,HomoSapiens,GILGFVFTL,TRAV27*01,TRBV19*01,"(['TRAV27*01'], ['TRBV19*01'], 'CATGGSQGNLIF', 'CASSIRSSYEQYF')"
271,SVF.......SS,VVTG...GEV,GDARKD,CATGGSQGNLIF,TRAV27*01,LNH.......DA,SQI....VND,E.KKES,CASSTRSSYEQYF,TRBV19*01,HomoSapiens,GILGFVFTL,TRAV27*01,TRBV19*01,"(['TRAV27*01'], ['TRBV19*01'], 'CATGGSQGNLIF', 'CASSTRSSYEQYF')"
272,SVF.......SS,VVTG...GEV,GDARKD,CATGGSQGNLIF,TRAV27*01,LNH.......DA,SQI....VND,E.KKES,CASSVRSSYEQYF,TRBV19*01,HomoSapiens,GILGFVFTL,TRAV27*01,TRBV19*01,"(['TRAV27*01'], ['TRBV19*01'], 'CATGGSQGNLIF', 'CASSVRSSYEQYF')"
273,DSV.......NN,IPS.....GT,VATERY,CAVADTGNQFYF,TRAV22*01,SGH.......DY,FNN....NVP,P.NASF,CATAITSTQYF,TRBV12-4*01,HomoSapiens,NLVPMVATV,TRAV22*01,TRBV12-4*01,"(['TRAV22*01'], ['TRBV12-4*01'], 'CAVADTGNQFYF', 'CATAITSTQYF')"
274,YGA......TPY,YFSG..DTLV,KRSQSS,CAVAFGNQFYF,TRAV8-3*01,MNH.......EY,SMN....VEV,K.EKRN,CASSMTSGALYNEQFF,TRBV27*01,HomoSapiens,NLVPMVATV,TRAV8-3*01,TRBV27*01,"(['TRAV8-3*01'], ['TRBV27*01'], 'CAVAFGNQFYF', 'CASSMTSGALYNEQFF')"
275,YGA......TPY,YFSG..DTLV,KRSQSS,CAVAFGNQLYF,TRAV8-3*01,MNH.......EY,SMN....VEV,K.EKRN,CASSMTSGALYNEQFF,TRBV27*01,HomoSapiens,NLVPMVATV,TRAV8-3*01,TRBV27*01,"(['TRAV8-3*01'], ['TRBV27*01'], 'CAVAFGNQLYF', 'CASSMTSGALYNEQFF')"
276,VSG......LRG,LYSA...GEE,TK..KE,CAVAPTGNVLHC,TRAV20*01,LNH.......DA,SHI....VND,E.KKES,CASSIRSTGELFF,TRBV19*02,HomoSapiens,GILGFVFTL,TRAV20*01,TRBV19*02,"(['TRAV20*01'], ['TRBV19*02'], 'CAVAPTGNVLHC', 'CASSIRSTGELFF')"
277,VGI.......SA,LSS.....GK,NIQEKH,CAVDDLYSNYQLIW,TRAV41*01,LNH.......DA,SHI....VND,E.KKES,CASSLSGGINEQFF,TRBV19*02,HomoSapiens,GLCTLVAML,TRAV41*01,TRBV19*02,"(['TRAV41*01'], ['TRBV19*02'], 'CAVDDLYSNYQLIW', 'CASSLSGGINEQFF')"
278,VGI.......SA,LSS.....GK,NIQEKH,CAVDDLYSNYQLIW,TRAV41*01,LNH.......DA,SHI....VND,E.KKES,CASSLWGGINEQFF,TRBV19*02,HomoSapiens,GLCTLVAML,TRAV41*01,TRBV19*02,"(['TRAV41*01'], ['TRBV19*02'], 'CAVDDLYSNYQLIW', 'CASSLWGGINEQFF')"
279,TSG......FYG,NAL....DGL,SRSDSY,CAVDDTGGGNKLTF,TRAV1-1*01,SNH.......LY,FYN....NEI,P.DGSN,CASSAGQVSPGELFF,TRBV2*01,HomoSapiens,GLCTLVAML,TRAV1-1*01,TRBV2*01,"(['TRAV1-1*01'], ['TRBV2*01'], 'CAVDDTGGGNKLTF', 'CASSAGQVSPGELFF')"
280,YGA......TPY,YFSG..DTLV,KRSQSS,CAVDDTNAGKSTF,TRAV8-3*01,LNH.......DA,SHI....VND,E.KKES,CASSLRSTDTQYF,TRBV19*02,HomoSapiens,GILGFVFTL,TRAV8-3*01,TRBV19*02,"(['TRAV8-3*01'], ['TRBV19*02'], 'CAVDDTNAGKSTF', 'CASSLRSTDTQYF')"
281,DSV.......NN,IPS.....GT,VATERY,CAVDGGGGSQGNLIF,TRAV22*01,LNH.......DA,SQI....VND,E.KKES,CASSIRSSYEQFF,TRBV19*01,HomoSapiens,GILGFVFTL,TRAV22*01,TRBV19*01,"(['TRAV22*01'], ['TRBV19*01'], 'CAVDGGGGSQGNLIF', 'CASSIRSSYEQFF')"
282,DSV.......NN,IPS.....GT,VATERY,CAVDGGGGSQGNLIF,TRAV22*01,LNH.......DA,SQI....VND,E.KKES,CASSIRSSYEQYF,TRBV19*01,HomoSapiens,GILGFVFTL,TRAV22*01,TRBV19*01,"(['TRAV22*01'], ['TRBV19*01'], 'CAVDGGGGSQGNLIF', 'CASSIRSSYEQYF')"
283,SSV......SVY,YLSG..STLV,NKSQTS,CAVDGSQGNLIF,TRAV8-6*02,LNH.......DA,SQI....VND,E.KKES,CASSPRGGMTQHF,TRBV19*01,HomoSapiens,GILGFVFTL,TRAV8-6*01,TRBV19*01,"(['TRAV8-6*01'], ['TRBV19*01'], 'CAVDGSQGNLIF', 'CASSPRGGMTQHF')"
284,VTN......FRS,LTSS...GIE,DKKELS,CAVEAREYGNKLVF,TRAV36/DV7*01,SGH.......NT,YYR....EEE,F.PNYS,CASSSEASGENF,TRBV5-4*01,HomoSapiens,GILGFVFTL,TRAV36/DV7*01,TRBV5-4*01,"(['TRAV36/DV7*01'], ['TRBV5-4*01'], 'CAVEAREYGNKLVF', 'CASSSEASGENF')"
285,VTN......FRS,LTSS...GIE,DKKELS,CAVEDYGQNFVF,TRAV36/DV7*01,DFQ......ATT,SNEG...SKA,A.SLTL,CSARDRNTQGPETQYF,TRBV20-1*01,HomoSapiens,NLVPMVATV,TRAV36/DV7*01,TRBV20-1*01,"(['TRAV36/DV7*01'], ['TRBV20-1*01'], 'CAVEDYGQNFVF', 'CSARDRNTQGPETQYF')"
286,DSV.......NN,IPS.....GT,VATERY,CAVGEDSSYKLIF,TRAV22*01,DFQ......ATT,SNEG...SKA,A.SLTL,CSAEPETSGGLQYF,TRBV20-1*01,HomoSapiens,GLCTLVAML,TRAV22*01,TRBV20-1*01,"(['TRAV22*01'], ['TRBV20-1*01'], 'CAVGEDSSYKLIF', 'CSAEPETSGGLQYF')"
287,DSV.......NN,IPS.....GT,VATERY,CAVGEDSSYKLIF,TRAV22*01,DFQ......ATT,SNEG...SKA,A.SLTL,CSAEPGTSGGLQYF,TRBV20-1*01,HomoSapiens,GLCTLVAML,TRAV22*01,TRBV20-1*01,"(['TRAV22*01'], ['TRBV20-1*01'], 'CAVGEDSSYKLIF', 'CSAEPGTSGGLQYF')"
288,YGA......TPY,YFSG..DTLV,KRSQSS,CAVGGDGGSQGNLIF,TRAV8-3*01,LNH.......DA,SQI....VND,E.KKES,CASSVRSSYEQYF,TRBV19*01,HomoSapiens,GILGFVFTL,TRAV8-3*01,TRBV19*01,"(['TRAV8-3*01'], ['TRBV19*01'], 'CAVGGDGGSQGNLIF', 'CASSVRSSYEQYF')"
289,SSV......SVY,YLSG..STLV,NKSQTS,CAVGGSQGNLIF,TRAV8-6*02,LNH.......DA,SQI....VND,E.KKES,CASSIRSSYEQYF,TRBV19*01,HomoSapiens,GILGFVFTL,TRAV8-6*01,TRBV19*01,"(['TRAV8-6*01'], ['TRBV19*01'], 'CAVGGSQGNLIF', 'CASSIRSSYEQYF')"
290,DSA......IYN,IQSS...QRE,DKSSGR,CAVGGTTDSWGKLQF,TRAV21*01,MNH.......EY,SMN....VEV,K.EKRN,CASRGSLNQPQHF,TRBV27*01,HomoSapiens,GILGFVFTL,TRAV21*01,TRBV27*01,"(['TRAV21*01'], ['TRBV27*01'], 'CAVGGTTDSWGKLQF', 'CASRGSLNQPQHF')"
291,SSV......SVY,YLSG..STLV,NKSQTS,CAVGGYGGSQGNLIF,TRAV8-6*01,LNH.......DA,SHI....VND,E.KKES,CASSIRSSYEQYF,TRBV19*02,HomoSapiens,GILGFVFTL,TRAV8-6*01,TRBV19*02,"(['TRAV8-6*01'], ['TRBV19*02'], 'CAVGGYGGSQGNLIF', 'CASSIRSSYEQYF')"
292,DRG......SQS,IYS....NGD,NKASQY,CAVHLSAYSGAGSYQLTF,TRAV12-2*01,MGH.......RA,YSY....EKL,P.NSSL,CASSQDKGRAYEQYF,TRBV4-1*01,HomoSapiens,GILGFVFTL,TRAV12-2*01,TRBV4-1*01,"(['TRAV12-2*01'], ['TRBV4-1*01'], 'CAVHLSAYSGAGSYQLTF', 'CASSQDKGRAYEQYF')"
293,YGG......TVN,YFSG..DPLV,IKSKFS,CAVIGEGGKLTF,TRAV8-1*01,MDH.......EN,SYD....VKM,E.KKER,CASSLLVSGVSSTDTQYF,TRBV28*01,HomoSapiens,GILGFVFTL,TRAV8-1*01,TRBV28*01,"(['TRAV8-1*01'], ['TRBV28*01'], 'CAVIGEGGKLTF', 'CASSLLVSGVSSTDTQYF')"
294,VSG......LRG,LYSA...GEE,TK..KE,CAVINQAGTALIF,TRAV20*01,MDH.......EN,SYD....VKM,E.KKER,CASSLERNTYEQYF,TRBV28*01,HomoSapiens,GILGFVFTL,TRAV20*01,TRBV28*01,"(['TRAV20*01'], ['TRBV28*01'], 'CAVINQAGTALIF', 'CASSLERNTYEQYF')"
295,DSV.......NN,IPS.....GT,VATERY,CAVKPGTASKLTF,TRAV22*01,LGH.......NA,YSL....EER,P.NSSH,CASSQDLTSEAFF,TRBV4-3*01,HomoSapiens,GILGFVFTL,TRAV22*01,TRBV4-3*01,"(['TRAV22*01'], ['TRBV4-3*01'], 'CAVKPGTASKLTF', 'CASSQDLTSEAFF')"
296,NSM......FDY,ISSI...KDK,NKSAKH,CAVLRGGADGLTF,TRAV29/DV5*01,MNH.......EY,SMN....VEV,K.EKRN,CASSSGAGLDEQFF,TRBV27*01,HomoSapiens,GLCTLVAML,TRAV29/DV5*01,TRBV27*01,"(['TRAV29/DV5*01'], ['TRBV27*01'], 'CAVLRGGADGLTF', 'CASSSGAGLDEQFF')"
297,YGG......TVN,YFSG..DPLV,IKSKFS,CAVNAAGNDYKLSF,TRAV8-1*01,SEH.......NR,FQN....EAQ,P.KGSF,CASSTRTGQETQYF,TRBV7-9*01,HomoSapiens,NLVPMVATV,TRAV8-1*01,TRBV7-9*01,"(['TRAV8-1*01'], ['TRBV7-9*01'], 'CAVNAAGNDYKLSF', 'CASSTRTGQETQYF')"
298,YGG......TVN,YFSG..DPLV,IKSKFS,CAVNAGGGSQGNLIF,TRAV8-1*01,LNH.......DA,SQI....VND,E.KKES,CASSIRASYEQYF,TRBV19*01,HomoSapiens,GILGFVFTL,TRAV8-1*01,TRBV19*01,"(['TRAV8-1*01'], ['TRBV19*01'], 'CAVNAGGGSQGNLIF', 'CASSIRASYEQYF')"
299,DRG......SQS,IYS....NGD,NKASQY,CAVNGGGGSQGNLIF,TRAV12-2*01,LNH.......DA,SQI....VND,E.KKES,CASSTRAAYEQYF,TRBV19*01,HomoSapiens,GILGFVFTL,TRAV12-2*01,TRBV19*01,"(['TRAV12-2*01'], ['TRBV19*01'], 'CAVNGGGGSQGNLIF', 'CASSTRAAYEQYF')"
300,DRG......SQS,IYS....NGD,NKASQY,CAVNIDNMDSNYQLIW,TRAV12-2*01,SGD.......LS,YYN....GEE,F.PDLH,CASSVGGEAYEQYF,TRBV9*01,HomoSapiens,GLCTLVAML,TRAV12-2*01,TRBV9*01,"(['TRAV12-2*01'], ['TRBV9*01'], 'CAVNIDNMDSNYQLIW', 'CASSVGGEAYEQYF')"
301,DRG......SQS,IYS....NGD,NKASQY,CAVNIDTMDSNYQLIW,TRAV12-2*01,SGD.......LS,YYN....GEE,F.PDLH,CASSVGGEAYEQYF,TRBV9*01,HomoSapiens,GLCTLVAML,TRAV12-2*01,TRBV9*01,"(['TRAV12-2*01'], ['TRBV9*01'], 'CAVNIDTMDSNYQLIW', 'CASSVGGEAYEQYF')"
302,VSG......NPY,YITG..DNLV,NKSQTS,CAVNLNEKLTF,TRAV3*01,DFQ......ATT,SNEG...SKA,A.SLTL,CSARDGTRAHYEQFF,TRBV20-1*01,HomoSapiens,GILGFVFTL,TRAV3*01,TRBV20-1*01,"(['TRAV3*01'], ['TRBV20-1*01'], 'CAVNLNEKLTF', 'CSARDGTRAHYEQFF')"
303,DRG......SQS,IYS....NGD,NKASQY,CAVNNYGQNFVF,TRAV12-2*01,SGD.......LS,YYN....GEE,F.PDLH,CASSVEDYGSVSYGYTF,TRBV9*01,HomoSapiens,GILGFVFTL,TRAV12-2*01,TRBV9*01,"(['TRAV12-2*01'], ['TRBV9*01'], 'CAVNNYGQNFVF', 'CASSVEDYGSVSYGYTF')"
304,DRG......SQS,IYS....NGD,NKASQY,CAVNPAEYGNKLVF,TRAV12-2*01,KGH.......SH,LQK....ENI,P.KEGP,CASSRVGTTYEQYF,TRBV18*01,HomoSapiens,GILGFVFTL,TRAV12-2*01,TRBV18*01,"(['TRAV12-2*01'], ['TRBV18*01'], 'CAVNPAEYGNKLVF', 'CASSRVGTTYEQYF')"
305,DRG......SQS,IYS....NGD,NKASQY,CAVNPSNTGKLIF,TRAV12-2*01,LNH.......DA,SHI....VND,E.KKES,CASSSRSSYEQYF,TRBV19*02,HomoSapiens,GILGFVFTL,TRAV12-2*01,TRBV19*02,"(['TRAV12-2*01'], ['TRBV19*02'], 'CAVNPSNTGKLIF', 'CASSSRSSYEQYF')"
306,DSS......STY,IFSN...MDM,NKKDKH,CAVPAEGGYNKLIF,TRAV5*01,DFQ......ATT,SNEG...SKA,A.SLTL,CSARDSTGNGYTF,TRBV20-1*01,HomoSapiens,GLCTLVAML,TRAV5*01,TRBV20-1*01,"(['TRAV5*01'], ['TRBV20-1*01'], 'CAVPAEGGYNKLIF', 'CSARDSTGNGYTF')"
307,YGA......TPY,YFSG..DTLV,KRSQSS,CAVPKGSQGNLIF,TRAV8-3*01,LNH.......DA,SHI....VND,E.KKES,CASSIRSSYEQYF,TRBV19*02,HomoSapiens,GILGFVFTL,TRAV8-3*01,TRBV19*02,"(['TRAV8-3*01'], ['TRBV19*02'], 'CAVPKGSQGNLIF', 'CASSIRSSYEQYF')"
308,DSA......IYN,IQSS...QRE,DKSSGR,CAVPNTNAGKSTF,TRAV21*01,LNH.......DA,SHI....VND,E.KKES,CASSSRSGNEKLFF,TRBV19*02,HomoSapiens,GILGFVFTL,TRAV21*01,TRBV19*02,"(['TRAV21*01'], ['TRBV19*02'], 'CAVPNTNAGKSTF', 'CASSSRSGNEKLFF')"
309,VSG......NPY,YITG..DNLV,NKSQTS,CAVPPDSWGKLQF,TRAV3*01,SGH.......DN,FVK....ESK,T.GGTY,CASSQDLAGEGTDTQYF,TRBV14*01,HomoSapiens,GILGFVFTL,TRAV3*01,TRBV14*01,"(['TRAV3*01'], ['TRBV14*01'], 'CAVPPDSWGKLQF', 'CASSQDLAGEGTDTQYF')"
310,DSS......STY,IFSN...MDM,NKKDKH,CAVPPEGGYNKLIF,TRAV5*01,DFQ......ATT,SNEG...SKA,A.SLTL,CSARDSTGNGYTF,TRBV20-1*01,HomoSapiens,GLCTLVAML,TRAV5*01,TRBV20-1*01,"(['TRAV5*01'], ['TRBV20-1*01'], 'CAVPPEGGYNKLIF', 'CSARDSTGNGYTF')"
311,DSS......STY,IFSN...MDM,NKKDKH,CAVPVEGGYNKLIF,TRAV5*01,DFQ......ATT,SNEG...SKA,A.SLTL,CSARDSTGNGYTF,TRBV20-1*01,HomoSapiens,GLCTLVAML,TRAV5*01,TRBV20-1*01,"(['TRAV5*01'], ['TRBV20-1*01'], 'CAVPVEGGYNKLIF', 'CSARDSTGNGYTF')"
312,DSA......SNY,IRSN...VGE,NKTAKH,CAVPYGNKLVF,TRAV13-1*01,MNH.......NY,SVG....AGI,S.TTED,CASTTGTVNTEAFF,TRBV6-6*01,HomoSapiens,GILGFVFTL,TRAV13-1*01,TRBV6-6*01,"(['TRAV13-1*01'], ['TRBV6-6*01'], 'CAVPYGNKLVF', 'CASTTGTVNTEAFF')"
313,DRG......SQS,IYS....NGD,NKASQY,CAVPYSGGGADGLTF,TRAV12-2*01,KGH.......DR,SFD....VKD,Q.AQAK,CATSDFPPGVRGAPQETQYF,TRBV24-1*01,HomoSapiens,GILGFVFTL,TRAV12-2*01,TRBV24-1*01,"(['TRAV12-2*01'], ['TRBV24-1*01'], 'CAVPYSGGGADGLTF', 'CATSDFPPGVRGAPQETQYF')"
314,VGI.......SA,LSS.....GK,NIQEKH,CAVRANFGNEKLTF,TRAV41*01,MNH.......EY,SVG....EGT,L.KKQN,CASSYPLLYSGANTGELFF,TRBV6-3*01,HomoSapiens,GILGFVFTL,TRAV41*01,TRBV6-2*01,"(['TRAV41*01'], ['TRBV6-2*01'], 'CAVRANFGNEKLTF', 'CASSYPLLYSGANTGELFF')"
315,TSG......FNG,NVL....DGL,SRSKGY,CAVRATDSSYKLIF,TRAV1-2*01,SEH.......NR,FQN....EAQ,P.KGSF,CASSFPKDGSTYEQYF,TRBV7-9*01,HomoSapiens,NLVPMVATV,TRAV1-2*01,TRBV7-9*01,"(['TRAV1-2*01'], ['TRBV7-9*01'], 'CAVRATDSSYKLIF', 'CASSFPKDGSTYEQYF')"
316,TSG......FYG,NAL....DGL,SRSDSY,CAVRCFGNEKLTF,TRAV1-1*01,SQV.......TM,ANQG...SEA,P.NLTF,CSVPIAVQETQYF,TRBV29-1*01,HomoSapiens,GLCTLVAML,TRAV1-1*01,TRBV29-1*01,"(['TRAV1-1*01'], ['TRBV29-1*01'], 'CAVRCFGNEKLTF', 'CSVPIAVQETQYF')"
317,TSG......FYG,NAL....DGL,SRSDSY,CAVRCFGNEKLTF,TRAV1-1*01,SQV.......TM,ANQG...SEA,P.NLTF,CSVPITVQETQYF,TRBV29-1*01,HomoSapiens,GLCTLVAML,TRAV1-1*01,TRBV29-1*01,"(['TRAV1-1*01'], ['TRBV29-1*01'], 'CAVRCFGNEKLTF', 'CSVPITVQETQYF')"
318,TSG......FYG,NAL....DGL,SRSDSY,CAVRCFGNEKLTF,TRAV1-1*01,SQV.......TM,ANQG...SEA,P.NLTF,CSVPSTVQETQYF,TRBV29-1*01,HomoSapiens,GLCTLVAML,TRAV1-1*01,TRBV29-1*01,"(['TRAV1-1*01'], ['TRBV29-1*01'], 'CAVRCFGNEKLTF', 'CSVPSTVQETQYF')"
319,VSG......NPY,YITG..DNLV,NKSQTS,CAVRDGTGANNLFF,TRAV3*01,LNH.......DA,SHI....VND,E.KKES,CASSISSTGELFF,TRBV19*02,HomoSapiens,GILGFVFTL,TRAV3*01,TRBV19*02,"(['TRAV3*01'], ['TRBV19*02'], 'CAVRDGTGANNLFF', 'CASSISSTGELFF')"
320,VSG......NPY,YITG..DNLV,NKSQTS,CAVRDGTGANNLFF,TRAV3*01,LNH.......DA,SQI....VND,E.KKES,CASSPPPGAVETQYF,TRBV19*01,HomoSapiens,GILGFVFTL,TRAV3*01,TRBV19*01,"(['TRAV3*01'], ['TRBV19*01'], 'CAVRDGTGANNLFF', 'CASSPPPGAVETQYF')"
321,VSG......NPY,YITG..DNLV,NKSQTS,CAVRDIGEYGNKLVF,TRAV3*01,LNH.......DA,SQI....VND,E.KKES,CASGGLVHEQFF,TRBV19*01,HomoSapiens,GILGFVFTL,TRAV3*01,TRBV19*01,"(['TRAV3*01'], ['TRBV19*01'], 'CAVRDIGEYGNKLVF', 'CASGGLVHEQFF')"
322,TSG......FYG,NAL....DGL,SRSDSY,CAVRDNFITGGFKTIF,TRAV1-1*01,SNH.......LY,FYN....NEI,P.DGSN,CASSYFDEKLFF,TRBV2*01,HomoSapiens,NLVPMVATV,TRAV1-1*01,TRBV2*01,"(['TRAV1-1*01'], ['TRBV2*01'], 'CAVRDNFITGGFKTIF', 'CASSYFDEKLFF')"
323,VSG......NPY,YITG..DNLV,NKSQTS,CAVRDNQAGTALIF,TRAV3*01,SGD.......LS,YYN....GEE,F.PDLH,CASSAGSGSGYNEQFF,TRBV9*01,HomoSapiens,NLVPMVATV,TRAV3*01,TRBV9*01,"(['TRAV3*01'], ['TRBV9*01'], 'CAVRDNQAGTALIF', 'CASSAGSGSGYNEQFF')"
324,TSG......FYG,NAL....DGL,SRSDSY,CAVRDNSITGGFKTIF,TRAV1-1*01,SNH.......LY,FYN....NEI,P.DGSN,CASSYFDEKLFF,TRBV2*01,HomoSapiens,NLVPMVATV,TRAV1-1*01,TRBV2*01,"(['TRAV1-1*01'], ['TRBV2*01'], 'CAVRDNSITGGFKTIF', 'CASSYFDEKLFF')"
325,TSG......FNG,NVL....DGL,SRSKGY,CAVRDSNYQLIW,TRAV1-2*01,MNH.......NS,SAS....EGT,L.NKRE,CASSDAENTEAFF,TRBV6-1*01,HomoSapiens,NLVPMVATV,TRAV1-2*01,TRBV6-1*01,"(['TRAV1-2*01'], ['TRBV6-1*01'], 'CAVRDSNYQLIW', 'CASSDAENTEAFF')"
326,TSG......FNG,NVL....DGL,SRSKGY,CAVRDSNYQLIW,TRAV1-2*01,MNH.......EY,SVG....AGI,S.TTED,CASSKGEVTEAFF,TRBV6-5*01,HomoSapiens,NLVPMVATV,TRAV1-2*01,TRBV6-5*01,"(['TRAV1-2*01'], ['TRBV6-5*01'], 'CAVRDSNYQLIW', 'CASSKGEVTEAFF')"
327,TSG......FNG,NVL....DGL,SRSKGY,CAVREDNAGNMLTF,TRAV1-2*01,SGH.......DY,FNN....NVP,P.NASF,CASGPLLLMTNEQFF,TRBV12-4*01,HomoSapiens,NLVPMVATV,TRAV1-2*01,TRBV12-4*01,"(['TRAV1-2*01'], ['TRBV12-4*01'], 'CAVREDNAGNMLTF', 'CASGPLLLMTNEQFF')"
328,TSG......FNG,NVL....DGL,SRSKGY,CAVREGGQKLLF,TRAV1-2*01,KGH.......DR,SFD....VKD,Q.AQAK,CATSDRTSATEAFF,TRBV24-1*01,HomoSapiens,NLVPMVATV,TRAV1-2*01,TRBV24-1*01,"(['TRAV1-2*01'], ['TRBV24-1*01'], 'CAVREGGQKLLF', 'CATSDRTSATEAFF')"
329,VSG......NPY,YITG..DNLV,NKSQTS,CAVREVEYGNKLVF,TRAV3*01,LNH.......DA,SHI....VND,E.KKES,CASSIGYYGYTF,TRBV19*02,HomoSapiens,GILGFVFTL,TRAV3*01,TRBV19*02,"(['TRAV3*01'], ['TRBV19*02'], 'CAVREVEYGNKLVF', 'CASSIGYYGYTF')"
330,VGI.......SA,LSS.....GK,NIQEKH,CAVRKFGNEKLTF,TRAV41*01,LNH.......DA,SHI....VND,E.KKES,CASSIGLYGYTF,TRBV19*02,HomoSapiens,GILGFVFTL,TRAV41*01,TRBV19*02,"(['TRAV41*01'], ['TRBV19*02'], 'CAVRKFGNEKLTF', 'CASSIGLYGYTF')"
331,VSG......NPY,YITG..DNLV,NKSQTS,CAVRNNNARLMF,TRAV3*01,SGH.......DY,FNN....NVP,P.NASF,CASSIVNEAFF,TRBV12-4*01,HomoSapiens,NLVPMVATV,TRAV3*01,TRBV12-4*01,"(['TRAV3*01'], ['TRBV12-4*01'], 'CAVRNNNARLMF', 'CASSIVNEAFF')"
332,VSG......NPY,YITG..DNLV,NKSQTS,CAVRNNNARLMF,TRAV3*01,SGH.......DY,FNN....NVP,P.NASF,CASSVVNEAFF,TRBV12-4*01,HomoSapiens,NLVPMVATV,TRAV3*01,TRBV12-4*01,"(['TRAV3*01'], ['TRBV12-4*01'], 'CAVRNNNARLMF', 'CASSVVNEAFF')"
333,VSG......NPY,YITG..DNLV,NKSQTS,CAVRPGYSSASKIIF,TRAV3*01,MNH.......NS,SAS....EGT,L.NKRE,CASSETSGRSPYEQYF,TRBV6-1*01,HomoSapiens,NLVPMVATV,TRAV3*01,TRBV6-1*01,"(['TRAV3*01'], ['TRBV6-1*01'], 'CAVRPGYSSASKIIF', 'CASSETSGRSPYEQYF')"
334,VSG......NPY,YITG..DNLV,NKSQTS,CAVRQDYQLIW,TRAV3*01,MNH.......EY,SVG....AGI,S.TTED,CASGPGTSATDTQYF,TRBV6-5*01,HomoSapiens,NLVPMVATV,TRAV3*01,TRBV6-5*01,"(['TRAV3*01'], ['TRBV6-5*01'], 'CAVRQDYQLIW', 'CASGPGTSATDTQYF')"
335,VSG......NPY,YITG..DNLV,NKSQTS,CAVRQGYQLIW,TRAV3*01,MNH.......EY,SVG....AGI,S.TTED,CASGPGTSATDTQYF,TRBV6-5*01,HomoSapiens,NLVPMVATV,TRAV3*01,TRBV6-5*01,"(['TRAV3*01'], ['TRBV6-5*01'], 'CAVRQGYQLIW', 'CASGPGTSATDTQYF')"
336,VGI.......SA,LSS.....GK,NIQEKH,CAVRSWSTDKLIF,TRAV41*01,SGD.......LS,YYN....GEE,F.PDLH,CASSVEGTSGRSYNEQFF,TRBV9*01,HomoSapiens,NLVPMVATV,TRAV41*01,TRBV9*01,"(['TRAV41*01'], ['TRBV9*01'], 'CAVRSWSTDKLIF', 'CASSVEGTSGRSYNEQFF')"
337,VGI.......SA,LSS.....GK,NIQEKH,CAVRVLMEYGNKLVF,TRAV41*01,MNH.......EY,SVG....EGT,L.KKQN,CASSPGLASPYSYNEQFF,TRBV6-3*01,HomoSapiens,NLVPMVATV,TRAV41*01,TRBV6-2*01,"(['TRAV41*01'], ['TRBV6-2*01'], 'CAVRVLMEYGNKLVF', 'CASSPGLASPYSYNEQFF')"
338,TSG......FNG,NVL....DGL,SRSKGY,CAVRVPDQTGANNLFF,TRAV1-2*01,SGH.......DY,FNN....NVP,P.NASF,CASSLRVSYNEQFF,TRBV12-4*01,HomoSapiens,GILGFVFTL,TRAV1-2*01,TRBV12-4*01,"(['TRAV1-2*01'], ['TRBV12-4*01'], 'CAVRVPDQTGANNLFF', 'CASSLRVSYNEQFF')"
339,SSV......PPY,YTSA..ATLV,KKSETS,CAVSDDNDMRF,TRAV8-4*01,SGH.......DY,FNN....NVP,P.NASF,CASSQTYEQYF,TRBV12-4*01,HomoSapiens,GILGFVFTL,TRAV8-4*01,TRBV12-4*01,"(['TRAV8-4*01'], ['TRBV12-4*01'], 'CAVSDDNDMRF', 'CASSQTYEQYF')"
340,SSV......SVY,YLSG..STLV,NKSQTS,CAVSDSGTGNQFYF,TRAV8-6*02,MDH.......EN,SYD....VKM,E.KKER,CASSQMTGLNTEAFF,TRBV28*01,HomoSapiens,GILGFVFTL,TRAV8-6*01,TRBV28*01,"(['TRAV8-6*01'], ['TRBV28*01'], 'CAVSDSGTGNQFYF', 'CASSQMTGLNTEAFF')"
341,SSV......SVY,YLSG..STLV,NKSQTS,CAVSGSQGNLIF,TRAV8-6*01,LNH.......DA,SHI....VND,E.KKES,CASSMRSSYEQYF,TRBV19*02,HomoSapiens,GILGFVFTL,TRAV8-6*01,TRBV19*02,"(['TRAV8-6*01'], ['TRBV19*02'], 'CAVSGSQGNLIF', 'CASSMRSSYEQYF')"
342,SSV......SVY,YLSG..STLV,NKSQTS,CAVSGSQGNLIF,TRAV8-6*02,LNH.......DA,SQI....VND,E.KKES,CASSSRSSYEQYF,TRBV19*01,HomoSapiens,GILGFVFTL,TRAV8-6*01,TRBV19*01,"(['TRAV8-6*01'], ['TRBV19*01'], 'CAVSGSQGNLIF', 'CASSSRSSYEQYF')"
343,SSV......SVY,YLSG..STLV,NKSQTS,CAVSGSQGNLIF,TRAV8-6*02,LNH.......DA,SQI....VND,E.KKES,CASSVRSSYEQYF,TRBV19*01,HomoSapiens,GILGFVFTL,TRAV8-6*01,TRBV19*01,"(['TRAV8-6*01'], ['TRBV19*01'], 'CAVSGSQGNLIF', 'CASSVRSSYEQYF')"
344,SSV......PPY,YTSA..ATLV,KKSETS,CAVSGSYNTDKLIF,TRAV8-4*01,DFQ......ATT,SNEG...SKA,A.SLTL,CSARDGLAGHYEQYF,TRBV20-1*01,HomoSapiens,NLVPMVATV,TRAV8-4*01,TRBV20-1*01,"(['TRAV8-4*01'], ['TRBV20-1*01'], 'CAVSGSYNTDKLIF', 'CSARDGLAGHYEQYF')"
345,SSV......PPY,YTSA..ATLV,KKSETS,CAVSGSYNTDKLIF,TRAV8-4*01,DFQ......ATT,SNEG...SKA,A.SLTL,CSARDGLTGHYEQYF,TRBV20-1*01,HomoSapiens,NLVPMVATV,TRAV8-4*01,TRBV20-1*01,"(['TRAV8-4*01'], ['TRBV20-1*01'], 'CAVSGSYNTDKLIF', 'CSARDGLTGHYEQYF')"
346,SSV......SVY,YLSG..STLV,NKSQTS,CAVSPVSNFGNEKLTF,TRAV8-6*02,SGH.......DT,YYE....EEE,F.PNYS,CASSPLSLGSPYNEQFF,TRBV5-6*01,HomoSapiens,GILGFVFTL,TRAV8-6*01,TRBV5-6*01,"(['TRAV8-6*01'], ['TRBV5-6*01'], 'CAVSPVSNFGNEKLTF', 'CASSPLSLGSPYNEQFF')"
347,SSV......SVY,YLSG..STLV,NKSQTS,CAVSVRMDSSYKLIF,TRAV8-6*02,MGH.......RA,YSY....EKL,P.NSSL,CASSQDPGYEQYF,TRBV4-1*01,HomoSapiens,GILGFVFTL,TRAV8-6*01,TRBV4-1*01,"(['TRAV8-6*01'], ['TRBV4-1*01'], 'CAVSVRMDSSYKLIF', 'CASSQDPGYEQYF')"
348,VSG......NPY,YITG..DNLV,NKSQTS,CAVSYGGSQGNLIF,TRAV3*01,LNH.......DA,SQI....VND,E.KKES,CASSIRSSYEQYF,TRBV19*01,HomoSapiens,GILGFVFTL,TRAV3*01,TRBV19*01,"(['TRAV3*01'], ['TRBV19*01'], 'CAVSYGGSQGNLIF', 'CASSIRSSYEQYF')"
349,VSG......NPY,YITG..DNLV,NKSQTS,CAVTGGGSQGNLIF,TRAV3*01,LNH.......DA,SQI....VND,E.KKES,CASSFRSSYEQYF,TRBV19*01,HomoSapiens,GILGFVFTL,TRAV3*01,TRBV19*01,"(['TRAV3*01'], ['TRBV19*01'], 'CAVTGGGSQGNLIF', 'CASSFRSSYEQYF')"
350,VSG......NPY,YITG..DNLV,NKSQTS,CAVTPGGGSQGNLIF,TRAV3*01,LNH.......DA,SHI....VND,E.KKES,CASSPRASLEQYF,TRBV19*02,HomoSapiens,GILGFVFTL,TRAV3*01,TRBV19*02,"(['TRAV3*01'], ['TRBV19*02'], 'CAVTPGGGSQGNLIF', 'CASSPRASLEQYF')"
351,DSV.......NN,IPS.....GT,VATERY,CAVTPPPSYDKVIF,TRAV22*01,SGH.......DY,FNN....NVP,P.NASF,CASSSVSGYTF,TRBV12-4*01,HomoSapiens,NLVPMVATV,TRAV22*01,TRBV12-4*01,"(['TRAV22*01'], ['TRBV12-4*01'], 'CAVTPPPSYDKVIF', 'CASSSVSGYTF')"
352,DRG......SQS,IYS....NGD,NKASQY,CAVTPSNTGKLIF,TRAV12-2*01,LNH.......DA,SHI....VND,E.KKES,CASSIRSAYEQYF,TRBV19*02,HomoSapiens,GILGFVFTL,TRAV12-2*01,TRBV19*02,"(['TRAV12-2*01'], ['TRBV19*02'], 'CAVTPSNTGKLIF', 'CASSIRSAYEQYF')"
353,VSG......NPY,YITG..DNLV,NKSQTS,CAVTSNTGKLIF,TRAV3*01,LNH.......DA,SQI....VND,E.KKES,CASSIRSSYEQYF,TRBV19*01,HomoSapiens,GILGFVFTL,TRAV3*01,TRBV19*01,"(['TRAV3*01'], ['TRBV19*01'], 'CAVTSNTGKLIF', 'CASSIRSSYEQYF')"
354,TSG......FYG,NAL....DGL,SRSDSY,CAVVASNTGKLIF,TRAV1-1*01,MGH.......RA,YSY....EKL,P.NSSL,CASSPRDGQETQYF,TRBV4-1*01,HomoSapiens,GILGFVFTL,TRAV1-1*01,TRBV4-1*01,"(['TRAV1-1*01'], ['TRBV4-1*01'], 'CAVVASNTGKLIF', 'CASSPRDGQETQYF')"
355,VSG......LRG,LYSA...GEE,TK..KE,CAVVDQAGTALIF,TRAV20*01,MGH.......RA,YSY....EKL,P.NSSL,CASSAGGGSYNEQFF,TRBV4-1*01,HomoSapiens,NLVPMVATV,TRAV20*01,TRBV4-1*01,"(['TRAV20*01'], ['TRBV4-1*01'], 'CAVVDQAGTALIF', 'CASSAGGGSYNEQFF')"
356,DSA......IYN,IQSS...QRE,DKSSGR,CAVYSNSGYALNF,TRAV21*01,KGH.......SH,LQK....ENI,P.KEGP,CASSPDREGGDRGYNEQFF,TRBV18*01,HomoSapiens,GLCTLVAML,TRAV21*01,TRBV18*01,"(['TRAV21*01'], ['TRBV18*01'], 'CAVYSNSGYALNF', 'CASSPDREGGDRGYNEQFF')"
357,DSA......IYN,IQSS...QRE,DKSSGR,CAVYSNSGYALNF,TRAV21*01,SQV.......TM,ANQG...SEA,P.NLTF,CSVGTGGTNEKLFF,TRBV29-1*01,HomoSapiens,GLCTLVAML,TRAV21*01,TRBV29-1*01,"(['TRAV21*01'], ['TRBV29-1*01'], 'CAVYSNSGYALNF', 'CSVGTGGTNEKLFF')"
358,TSES.....DYY,QEAY..KQQN,QKAAKS,CAWGHNAGGTSYGKLTF,TRAV38-2/DV8*01,LNH.......DA,SHI....VND,E.KKES,CASSIGLYGYTF,TRBV19*02,HomoSapiens,GILGFVFTL,TRAV38-2/DV8*01,TRBV19*02,"(['TRAV38-2/DV8*01'], ['TRBV19*02'], 'CAWGHNAGGTSYGKLTF', 'CASSIGLYGYTF')"
359,TSES.....DYY,QEAY..KQQN,QKAAKS,CAYEVRDDKIIF,TRAV38-2/DV8*01,MNH.......EY,SVG....AGI,S.TTED,CASSYSGHVNTEAFF,TRBV6-5*01,HomoSapiens,GILGFVFTL,TRAV38-2/DV8*01,TRBV6-5*01,"(['TRAV38-2/DV8*01'], ['TRBV6-5*01'], 'CAYEVRDDKIIF', 'CASSYSGHVNTEAFF')"
360,SVF.......SS,VVTG...GEV,GDARKD,CAYGGSQGNLIF,TRAV27*01,LNH.......DA,SHI....VND,E.KKES,CASSIRSSYEQYF,TRBV19*02,HomoSapiens,GILGFVFTL,TRAV27*01,TRBV19*02,"(['TRAV27*01'], ['TRBV19*02'], 'CAYGGSQGNLIF', 'CASSIRSSYEQYF')"
361,SVF.......SS,VVTG...GEV,GDARKD,CAYGGSQGNLIF,TRAV27*01,LNH.......DA,SQI....VND,E.KKES,CASSIRSSYEQYF,TRBV19*01,HomoSapiens,GILGFVFTL,TRAV27*01,TRBV19*01,"(['TRAV27*01'], ['TRBV19*01'], 'CAYGGSQGNLIF', 'CASSIRSSYEQYF')"
362,TSES.....DYY,QEAY..KQQN,QKAAKS,CAYSPGAGGTSYGKLTF,TRAV38-2/DV8*01,LNH.......DA,SHI....VND,E.KKES,CASSIGLYGYTF,TRBV19*02,HomoSapiens,GILGFVFTL,TRAV38-2/DV8*01,TRBV19*02,"(['TRAV38-2/DV8*01'], ['TRBV19*02'], 'CAYSPGAGGTSYGKLTF', 'CASSIGLYGYTF')"
363,TSES.....DYY,QEAY..KQQN,QKAAKS,CAYSTNAGGTSYGKLTF,TRAV38-2/DV8*01,LNH.......DA,SHI....VND,E.KKES,CASSLGIYGYTF,TRBV19*02,HomoSapiens,GILGFVFTL,TRAV38-2/DV8*01,TRBV19*02,"(['TRAV38-2/DV8*01'], ['TRBV19*02'], 'CAYSTNAGGTSYGKLTF', 'CASSLGIYGYTF')"
364,TSES.....DYY,QEAY..KQQN,QKAAKS,CAYSVNAGGTSYGKLTF,TRAV38-2/DV8*01,LNH.......DA,SHI....VND,E.KKES,CASSIGTYGYTF,TRBV19*02,HomoSapiens,GILGFVFTL,TRAV38-2/DV8*01,TRBV19*02,"(['TRAV38-2/DV8*01'], ['TRBV19*02'], 'CAYSVNAGGTSYGKLTF', 'CASSIGTYGYTF')"
365,TSES.....DYY,QEAY..KQQN,QKAAKS,CAYSYGGSQGNLIF,TRAV38-2/DV8*01,MNH.......NS,SAS....EGT,L.NKRE,CASSDGTGGILYEQYF,TRBV6-1*01,HomoSapiens,GILGFVFTL,TRAV38-2/DV8*01,TRBV6-1*01,"(['TRAV38-2/DV8*01'], ['TRBV6-1*01'], 'CAYSYGGSQGNLIF', 'CASSDGTGGILYEQYF')"
366,TTL.......SN,LVKS...GEV,GEAKKN,CDGVGGGSQGNLIF,TRAV25*01,LNH.......DA,SQI....VND,E.KKES,CASSDRATQPQHF,TRBV19*01,HomoSapiens,GILGFVFTL,TRAV25*01,TRBV19*01,"(['TRAV25*01'], ['TRBV19*01'], 'CDGVGGGSQGNLIF', 'CASSDRATQPQHF')"
367,KAL.......YS,LLKG...GEQ,NEKKQQ,CGISLGGGSQGNLIF,TRAV30*01,LNH.......DA,SHI....VND,E.KKES,CASSTRSTDTQYF,TRBV19*02,HomoSapiens,GILGFVFTL,TRAV30*01,TRBV19*02,"(['TRAV30*01'], ['TRBV19*02'], 'CGISLGGGSQGNLIF', 'CASSTRSTDTQYF')"
368,TISG.....NEY,GLK.....NN,TEDRKS,CIAGASFSGGYNKLIF,TRAV26-1*01,DFQ......ATT,SNEG...SKA,A.SLTL,CSANSDRVSYNEQFF,TRBV20-1*01,HomoSapiens,GILGFVFTL,TRAV26-1*01,TRBV20-1*01,"(['TRAV26-1*01'], ['TRBV20-1*01'], 'CIAGASFSGGYNKLIF', 'CSANSDRVSYNEQFF')"
369,TISG.....TDY,GLT.....SN,AEDRKS,CIAHGGGGADGLTF,TRAV26-2*01,KGH.......DR,SFD....VKD,Q.AQAK,CATSDGLAGGWANVLTF,TRBV24-1*01,HomoSapiens,GILGFVFTL,TRAV26-2*01,TRBV24-1*01,"(['TRAV26-2*01'], ['TRBV24-1*01'], 'CIAHGGGGADGLTF', 'CATSDGLAGGWANVLTF')"
370,TISG.....TDY,GLT.....SN,AEDRKS,CILGMDSSYKLIF,TRAV26-2*01,SQV.......TM,ANQG...SEA,P.NLTF,CSVPGLAVPGELFF,TRBV29-1*01,HomoSapiens,GLCTLVAML,TRAV26-2*01,TRBV29-1*01,"(['TRAV26-2*01'], ['TRBV29-1*01'], 'CILGMDSSYKLIF', 'CSVPGLAVPGELFF')"
371,TISG.....TDY,GLT.....SN,AEDRKS,CILSNNNDMCF,TRAV26-2*01,GTS......NPN,SVG.....IG,P.QDRQ,CAWSISDLAKNIQYF,TRBV30*01,HomoSapiens,NLVPMVATV,TRAV26-2*01,TRBV30*01,"(['TRAV26-2*01'], ['TRBV30*01'], 'CILSNNNDMCF', 'CAWSISDLAKNIQYF')"
372,TISG.....TDY,GLT.....SN,AEDRKS,CILSNNNDMRF,TRAV26-2*01,MNH.......EY,SVG....AGI,S.TTED,CASSPSTGVTFYGYTF,TRBV6-5*01,HomoSapiens,NLVPMVATV,TRAV26-2*01,TRBV6-5*01,"(['TRAV26-2*01'], ['TRBV6-5*01'], 'CILSNNNDMRF', 'CASSPSTGVTFYGYTF')"
373,TISG.....TDY,GLT.....SN,AEDRKS,CILSNNNDMRF,TRAV26-2*01,GTS......NPN,SVG.....IG,P.QDRQ,CAWSISDLAKNIQYF,TRBV30*01,HomoSapiens,NLVPMVATV,TRAV26-2*01,TRBV30*01,"(['TRAV26-2*01'], ['TRBV30*01'], 'CILSNNNDMRF', 'CAWSISDLAKNIQYF')"
374,TISG.....TDY,GLT.....SN,AEDRKS,CILSNNNDMRF,TRAV26-2*01,GTS......NPN,SVG.....IG,P.QDRQ,CAWSVSDVANTEAFF,TRBV30*01,HomoSapiens,NLVPMVATV,TRAV26-2*01,TRBV30*01,"(['TRAV26-2*01'], ['TRBV30*01'], 'CILSNNNDMRF', 'CAWSVSDVANTEAFF')"
375,TISG.....TDY,GLT.....SN,AEDRKS,CILSNNNDMRF,TRAV26-2*01,DFQ......ATT,SNEG...SKA,A.SLTL,CSAPPAGEYSNQPQHF,TRBV20-1*01,HomoSapiens,NLVPMVATV,TRAV26-2*01,TRBV20-1*01,"(['TRAV26-2*01'], ['TRBV20-1*01'], 'CILSNNNDMRF', 'CSAPPAGEYSNQPQHF')"
376,TISG.....TDY,GLT.....SN,AEDRKS,CILSNNNDMRF,TRAV26-2*01,DFQ......ATT,SNEG...SKA,A.SLTL,CSARDPSGLAGGLAETQYF,TRBV20-1*01,HomoSapiens,NLVPMVATV,TRAV26-2*01,TRBV20-1*01,"(['TRAV26-2*01'], ['TRBV20-1*01'], 'CILSNNNDMRF', 'CSARDPSGLAGGLAETQYF')"
377,NIAT.....NDY,GYK.....TK,PADRKS,CLVGGIGFGNVLHC,TRAV4*01,GTS......NPN,SVG.....IG,P.QDRQ,CAWSISDLAKNIQYF,TRBV30*01,HomoSapiens,NLVPMVATV,TRAV4*01,TRBV30*01,"(['TRAV4*01'], ['TRBV30*01'], 'CLVGGIGFGNVLHC', 'CAWSISDLAKNIQYF')"
378,NIAT.....NDY,GYK.....TK,PADRKS,CLVGSMDSNYQLIW,TRAV4*01,MGH.......DK,SYG....VNS,I.RTEH,CASSSQSNQPQHF,TRBV25-1*01,HomoSapiens,GILGFVFTL,TRAV4*01,TRBV25-1*01,"(['TRAV4*01'], ['TRBV25-1*01'], 'CLVGSMDSNYQLIW', 'CASSSQSNQPQHF')"
379,SVF.......SS,VVTG...GEV,GDARKD,CPGADGGIQRNLIF,TRAV27*01,LNH.......DA,SHI....VND,E.KKES,CASSIMGSGNTIYF,TRBV19*02,HomoSapiens,GILGFVFTL,TRAV27*01,TRBV19*02,"(['TRAV27*01'], ['TRBV19*02'], 'CPGADGGIQRNLIF', 'CASSIMGSGNTIYF')"
380,NSM......FDY,ISSI...KDK,NKSAKH,CPGGSQGNLIF,TRAV29/DV5*01,LNH.......DA,SHI....VND,E.KKES,CASSIGVYGYTF,TRBV19*02,HomoSapiens,GILGFVFTL,TRAV29/DV5*01,TRBV19*02,"(['TRAV29/DV5*01'], ['TRBV19*02'], 'CPGGSQGNLIF', 'CASSIGVYGYTF')"
381,SVF.......SS,VVTG...GEV,GDARKD,CSAGGSQGNLIF,TRAV27*01,LNH.......DA,SQI....VND,E.KKES,CASSIRSSYEQYF,TRBV19*01,HomoSapiens,GILGFVFTL,TRAV27*01,TRBV19*01,"(['TRAV27*01'], ['TRBV19*01'], 'CSAGGSQGNLIF', 'CASSIRSSYEQYF')"
382,VSP......FSN,MTFS...ENT,DADTKQ,CSAGSNYQLIW,TRAV10*01,MNH.......EY,SVG....AGI,S.TTED,CASTPQGAYEQYF,TRBV6-5*01,HomoSapiens,GILGFVFTL,TRAV10*01,TRBV6-5*01,"(['TRAV10*01'], ['TRBV6-5*01'], 'CSAGSNYQLIW', 'CASTPQGAYEQYF')"
383,DSS......STY,IFSN...MDM,NKKDKH,CSHDNNARLMF,TRAV5*01,DFQ......ATT,SNEG...SKA,A.SLTL,CSARDRTGNGYTF,TRBV20-1*01,HomoSapiens,GLCTLVAML,TRAV5*01,TRBV20-1*01,"(['TRAV5*01'], ['TRBV20-1*01'], 'CSHDNNARLMF', 'CSARDRTGNGYTF')"
384,DRG......SQS,IYS....NGD,NKASQY,CSVNIDTMDSNYQLIW,TRAV12-2*01,SGD.......LS,YYN....GEE,F.PDLH,CASSVGGEAYEQYF,TRBV9*01,HomoSapiens,GLCTLVAML,TRAV12-2*01,TRBV9*01,"(['TRAV12-2*01'], ['TRBV9*01'], 'CSVNIDTMDSNYQLIW', 'CASSVGGEAYEQYF')"
385,VSP......FSN,MTFS...ENT,DADTKQ,CVVFKAAGNKLTF,TRAV10*01,WSH.......SY,SAA....ADI,S.KTEN,CASGGSSYQETQYF,TRBV10-2*01,HomoSapiens,GLCTLVAML,TRAV10*01,TRBV10-2*01,"(['TRAV10*01'], ['TRBV10-2*01'], 'CVVFKAAGNKLTF', 'CASGGSSYQETQYF')"
386,NSA......SQS,VYS....SGN,NRASQY,CVVNGMDSSYKLIF,TRAV12-1*01,SNH.......LY,FYN....NEI,P.DGSN,CASTPGTVLPDTQYF,TRBV2*01,HomoSapiens,GLCTLVAML,TRAV12-1*01,TRBV2*01,"(['TRAV12-1*01'], ['TRBV2*01'], 'CVVNGMDSSYKLIF', 'CASTPGTVLPDTQYF')"
387,NSA......SQS,VYS....SGN,NRASQY,CVVPESGNTGKLIF,TRAV12-1*01,DFQ......ATT,SNEG...SKA,A.SLTL,CSAAGLAGGSYEQYF,TRBV20-1*01,HomoSapiens,GILGFVFTL,TRAV12-1*01,TRBV20-1*01,"(['TRAV12-1*01'], ['TRBV20-1*01'], 'CVVPESGNTGKLIF', 'CSAAGLAGGSYEQYF')"
388,NSA......SQS,VYS....SGN,NRASQY,CVVRDNNDMRF,TRAV12-1*01,KGH.......DR,SFD....VKD,Q.AQAK,CATSDFEVAGSSYNEQFF,TRBV24-1*01,HomoSapiens,GILGFVFTL,TRAV12-1*01,TRBV24-1*01,"(['TRAV12-1*01'], ['TRBV24-1*01'], 'CVVRDNNDMRF', 'CATSDFEVAGSSYNEQFF')"
389,VSP......FSN,MTFS...ENT,DADTKQ,CVVSDEYGNKLVF,TRAV10*01,MRH.......NA,SNT....AGT,A.NTDD,CASSVWTGHDEQFF,TRBV6-4*02,HomoSapiens,GLCTLVAML,TRAV10*01,TRBV6-4*01,"(['TRAV10*01'], ['TRBV6-4*01'], 'CVVSDEYGNKLVF', 'CASSVWTGHDEQFF')"
390,VSP......FSN,MTFS...ENT,DADTKQ,CVVSENYGGSQGNLIF,TRAV10*01,SGH.......DY,FNN....NVP,P.NASF,CASSLPPGRGYTEAFF,TRBV12-4*01,HomoSapiens,NLVPMVATV,TRAV10*01,TRBV12-4*01,"(['TRAV10*01'], ['TRBV12-4*01'], 'CVVSENYGGSQGNLIF', 'CASSLPPGRGYTEAFF')"
391,SSY......SPS,YTSA..ATLV,KKSETS,CVVSGDDTGNQFYF,TRAV8-2*01,SEH.......NR,FQN....EAQ,P.KGSF,CASSLTLVFEAFF,TRBV7-9*01,HomoSapiens,GILGFVFTL,TRAV8-2*01,TRBV7-9*01,"(['TRAV8-2*01'], ['TRBV7-9*01'], 'CVVSGDDTGNQFYF', 'CASSLTLVFEAFF')"
392,VSP......FSN,MTFS...ENT,DADTKQ,CVVSRRTTGANNLFF,TRAV10*01,MNH.......NY,SVG....AGI,S.TTED,CASSYTLASYEQYF,TRBV6-6*01,HomoSapiens,NLVPMVATV,TRAV10*01,TRBV6-6*01,"(['TRAV10*01'], ['TRBV6-6*01'], 'CVVSRRTTGANNLFF', 'CASSYTLASYEQYF')"
393,VSP......FSN,MTFS...ENT,DADTKQ,CVVTPGREYGNKLVF,TRAV10*01,LNH.......DA,SQI....VND,E.KKES,CASSISSGSYNEQFF,TRBV19*01,HomoSapiens,GILGFVFTL,TRAV10*01,TRBV19*01,"(['TRAV10*01'], ['TRBV19*01'], 'CVVTPGREYGNKLVF', 'CASSISSGSYNEQFF')"
394,VSP......FSN,MTFS...ENT,DADTKQ,CVVYMEYGNKLVF,TRAV10*01,WSH.......SY,SAA....ADI,S.KTEN,CASGGLSSYNEQFF,TRBV10-2*01,HomoSapiens,GLCTLVAML,TRAV10*01,TRBV10-2*01,"(['TRAV10*01'], ['TRBV10-2*01'], 'CVVYMEYGNKLVF', 'CASGGLSSYNEQFF')"
