cdr1.alpha	cdr2.alpha	cdr2.5.alpha	cdr3.alpha	cdr1.beta	cdr2.beta	cdr2.5.beta	cdr3.beta	v.alpha	v.beta	epitope.seq	species	LLLGIGILV_A_nbrdist5	LLLGIGILV_A_wtd_nbrdist5	LLLGIGILV_A_nbrdist10	LLLGIGILV_A_wtd_nbrdist10	LLLGIGILV_A_nbrdist25	LLLGIGILV_A_wtd_nbrdist25
DRG......SQS	IYS....NGD	NKASQY	CAVNPGNQFYF					TRAV12-2*01		LLLGIGILV	HomoSapiens	30.713	25.647	41.015	34.177	54.621	47.438
DRG......SQS	IYS....NGD	NKASQY	CAVGDDKIIF					TRAV12-2*01		LLLGIGILV	HomoSapiens	37.526	34.367	43.185	39.369	53.196	47.689
DRG......SQS	IYS....NGD	NKASQY	CAVNQFYF					TRAV12-2*01		LLLGIGILV	HomoSapiens	30.713	27.026	37.965	33.097	52.130	44.503
NTA......FDY	IRPD...VSE	NKSAKQ	CAGNNYGQNFVF					TRAV23/DV6*01		LLLGIGILV	HomoSapiens	90.930	83.771	102.935	94.851	117.451	109.633
NIAT.....NDY	GYK.....TK	PADRKS	CLVGDPPYTGGFKTIF					TRAV4*01		LLLGIGILV	HomoSapiens	135.544	128.429	145.681	138.563	156.641	150.699
DRG......SQS	IYS....NGD	NKASQY	CAVNTGNQFYF					TRAV12-2*01		LLLGIGILV	HomoSapiens	29.394	22.065	40.575	32.725	54.479	47.000
DRG......SQS	IYS....NGD	NKASQY	CANEGLSF					TRAV12-2*01		LLLGIGILV	HomoSapiens	33.955	29.812	40.932	36.220	51.608	45.851
DRG......SQS	IYS....NGD	NKASQY	CAVNGYKLSF					TRAV12-2*01		LLLGIGILV	HomoSapiens	32.087	29.839	37.718	34.011	48.955	43.008
DRG......SQS	IYS....NGD	NKASQY	CAVSRGGYNKLIF					TRAV12-2*01		LLLGIGILV	HomoSapiens	39.229	34.526	45.960	41.156	56.273	50.740
NSA......FQY	TYS....SGN	DKSSKY	CAMSGMNRDDKIIF					TRAV12-3*01		LLLGIGILV	HomoSapiens	77.524	75.700	84.447	80.000	98.954	91.789
DRG......SQS	IYS....NGD	NKASQY	CAVGTGNQFYF					TRAV12-2*01		LLLGIGILV	HomoSapiens	33.460	26.829	42.993	36.261	54.305	47.942
NSA......SQS	VYS....SGN	NRASQY	CVVNHGANNLFF					TRAV12-1*01		LLLGIGILV	HomoSapiens	52.800	49.547	59.613	55.267	69.442	64.189
NTA......FDY	IRPD...VSE	NKSAKQ	CAASPPLSDGQKLLF					TRAV23/DV6*01		LLLGIGILV	HomoSapiens	104.501	97.633	114.666	107.499	126.857	120.131
TSI.......NN	IRSN...ERE	DTSKKS	CATGGAGSYQLTF					TRAV17*01		LLLGIGILV	HomoSapiens	82.359	74.706	95.436	86.853	111.014	102.581
VSG......NPY	YITG..DNLV	NKSQTS	CAVRDDKIIF					TRAV3*01		LLLGIGILV	HomoSapiens	88.897	79.815	99.309	91.662	111.340	104.786
SVF.......SS	VVTG...GEV	GDARKD	CAGQGIGAGSYQLTF					TRAV27*01		LLLGIGILV	HomoSapiens	114.831	106.842	126.561	118.484	139.134	132.236
DRG......SQS	IYS....NGD	NKASQY	CAVNNARLMF					TRAV12-2*01		LLLGIGILV	HomoSapiens	34.999	33.279	40.301	36.762	53.588	46.832
DRG......SQS	IYS....NGD	NKASQY	CAGNTGNQFYF					TRAV12-2*01		LLLGIGILV	HomoSapiens	29.394	22.065	40.575	32.725	54.479	47.000
DSA......SNY	IRSN...VGE	NKTAKH	CAASTGTASKLTF					TRAV13-1*01		LLLGIGILV	HomoSapiens	85.326	81.178	91.068	86.949	98.008	94.300
DSS......STY	IFSN...MDM	NKKDKH	CAETPGSQGNLIF					TRAV5*01		LLLGIGILV	HomoSapiens	93.623	88.403	101.424	95.982	111.416	106.144
DRG......SQS	IYS....NGD	NKASQY	CAVGSGNKLVF					TRAV12-2*01		LLLGIGILV	HomoSapiens	33.021	29.730	37.498	34.352	44.573	40.317
DRG......SQS	IYS....NGD	NKASQY	CAVNGGNDMRF					TRAV12-2*01		LLLGIGILV	HomoSapiens	36.372	32.729	42.279	38.271	51.097	46.371
DRG......SQS	IYS....NGD	NKASQY	CAVNFQFYF					TRAV12-2*01		LLLGIGILV	HomoSapiens	36.262	32.543	42.773	38.326	56.491	49.087
NSA......FQY	TYS....SGN	DKSSKY	CAMSRSSNTGKLIF					TRAV12-3*01		LLLGIGILV	HomoSapiens	69.558	66.387	79.008	72.974	94.931	86.676
VSP......FSN	MTFS...ENT	DADTKQ	CVDDNNAGNMLTF					TRAV10*01		LLLGIGILV	HomoSapiens	99.996	91.837	112.386	103.991	124.769	118.016
NTA......FDY	IRPD...VSE	NKSAKQ	CAASISNGNKLVF					TRAV23/DV6*01		LLLGIGILV	HomoSapiens	86.315	80.332	95.408	89.099	106.164	100.287
DRG......SQS	IYS....NGD	NKASQY	CASGGGADGLTF					TRAV12-2*01		LLLGIGILV	HomoSapiens	19.779	11.648	31.647	23.516	47.270	38.636
DRG......SQS	IYS....NGD	NKASQY	CAVRGGADGLTF					TRAV12-2*01		LLLGIGILV	HomoSapiens	26.373	20.021	37.526	29.849	52.337	44.489
DRG......SQS	IYS....NGD	NKASQY	CAIGGGADGLTF					TRAV12-2*01		LLLGIGILV	HomoSapiens	19.779	11.648	31.647	23.516	47.270	38.636
DRG......SQS	IYS....NGD	NKASQY	CAVGSGGKLIF					TRAV12-2*01		LLLGIGILV	HomoSapiens	33.350	28.872	39.229	35.079	48.727	43.575
DRG......SQS	IYS....NGD	NKASQY	CAGVTGNQFYF					TRAV12-2*01		LLLGIGILV	HomoSapiens	34.174	26.351	45.795	37.775	58.481	51.769
DRG......SQS	IYS....NGD	NKASQY	CAVYNDMRF					TRAV12-2*01		LLLGIGILV	HomoSapiens	37.746	33.389	46.207	40.390	59.025	52.437
DRG......SQS	IYS....NGD	NKASQY	CAVSGTYKYIF					TRAV12-2*01		LLLGIGILV	HomoSapiens	45.657	42.520	51.481	47.617	60.732	55.582
TSES.....DYY	QEAY..KQQN	QKAAKS	CAYRSAIKAAGNKLTF					TRAV38-2/DV8*01		LLLGIGILV	HomoSapiens	96.974	87.310	117.001	103.870	138.003	126.802
DRG......SQS	IYS....NGD	NKASQY	CAVTAGGGNKLTF					TRAV12-2*01		LLLGIGILV	HomoSapiens	35.658	29.856	43.844	38.147	54.077	48.422
NSA......SQS	VYS....SGN	NRASQY	CVVDPGGGADGLTF					TRAV12-1*01		LLLGIGILV	HomoSapiens	42.031	36.922	53.322	46.034	74.009	63.566
NSA......SQS	VYS....SGN	NRASQY	CVVTLSNFGNEKLTF					TRAV12-1*01		LLLGIGILV	HomoSapiens	26.427	21.230	39.504	30.595	71.900	56.311
TRDT.....TYY	RNSF..DEQN	QKSTSS	CALKVNTGTASKLTF					TRAV19*01		LLLGIGILV	HomoSapiens	123.182	115.193	132.220	125.539	143.353	137.315
TSDP.....SYG	QGSY..DQQN	QKARKS	CAMREGGNAGNMLTF					TRAV14/DV4*01		LLLGIGILV	HomoSapiens	101.260	92.628	114.583	105.420	129.511	121.099
DRG......SQS	IYS....NGD	NKASQY	CAVGGSGNRLAF					TRAV12-2*01		LLLGIGILV	HomoSapiens	37.416	34.422	42.746	39.164	51.804	46.859
DRG......SQS	IYS....NGD	NKASQY	CADGNAGNMLTF					TRAV12-2*01		LLLGIGILV	HomoSapiens	39.284	33.625	47.608	41.916	56.926	51.555
TSI.......NN	IRSN...ERE	DTSKKS	CATDGYNNNDMRF					TRAV17*01		LLLGIGILV	HomoSapiens	89.722	83.639	105.188	95.612	121.616	112.991
SVF.......SS	VVTG...GEV	GDARKD	CAGFNTDKLIF					TRAV27*01		LLLGIGILV	HomoSapiens	90.601	82.200	100.545	93.263	113.004	106.269
NSA......SQS	VYS....SGN	NRASQY	CVASIGFGNVLHC					TRAV12-1*01		LLLGIGILV	HomoSapiens	34.559	27.098	51.481	40.782	70.845	60.688
DSS......STY	IFSN...MDM	NKKDKH	CAEKGNAGNNRKLIW					TRAV5*01		LLLGIGILV	HomoSapiens	102.963	96.062	111.891	105.355	123.334	117.347
DRG......SQS	IYS....NGD	NKASQY	CAVGAGIRQKVTF					TRAV12-2*01		LLLGIGILV	HomoSapiens	46.811	41.784	55.108	49.509	66.321	60.181
TSES.....DYY	QEAY..KQQN	QKAAKS	CAYRSAQGGSEKLVF					TRAV38-2/DV8*01		LLLGIGILV	HomoSapiens	88.678	79.326	108.540	95.972	126.825	116.873
DRG......SQS	IYS....NGD	NKASQY	CAVPTSGSARQLTF					TRAV12-2*01		LLLGIGILV	HomoSapiens	68.953	65.745	72.662	69.858	79.501	75.689
TSES.....DYY	QEAY..KQQN	QKAAKS	CAYRSQNYGGSQGNLIF					TRAV38-2/DV8*01		LLLGIGILV	HomoSapiens	113.457	106.633	134.555	121.055	157.696	145.817
TSI.......NN	IRSN...ERE	DTSKKS	CATVGNSGYSTLTF					TRAV17*01		LLLGIGILV	HomoSapiens	78.898	59.272	102.276	85.498	123.182	111.599
DRG......SQS	IYS....NGD	NKASQY	CAGSNAGGTSYGKLTF					TRAV12-2*01		LLLGIGILV	HomoSapiens	71.645	65.679	78.129	73.104	88.918	83.035
DRG......SQS	IYS....NGD	NKASQY	CAEGGGYQKVTF					TRAV12-2*01		LLLGIGILV	HomoSapiens	35.548	29.444	43.515	37.623	55.132	48.623
NSA......SQS	VYS....SGN	NRASQY	CVVAISNFGNEKLTF					TRAV12-1*01		LLLGIGILV	HomoSapiens	22.472	15.455	37.663	27.292	71.823	55.424
DRG......SQS	IYS....NGD	NKASQY	CAAGGGADGLTF					TRAV12-2*01		LLLGIGILV	HomoSapiens	19.779	11.648	31.647	23.516	47.270	38.636
NSA......SQS	VYS....SGN	NRASQY	CVVSDGQKLLF					TRAV12-1*01		LLLGIGILV	HomoSapiens	50.547	47.971	55.712	52.237	65.375	60.233
NSA......SQS	VYS....SGN	NRASQY	CVVAVSNFGNEKLTF					TRAV12-1*01		LLLGIGILV	HomoSapiens	24.614	17.521	38.900	28.953	72.509	56.412
NSA......FQY	TYS....SGN	DKSSKY	CAMGGGGADGLTF					TRAV12-3*01		LLLGIGILV	HomoSapiens	42.855	36.746	55.163	46.861	74.716	64.503
DRG......SQS	IYS....NGD	NKASQY	CAAPNSGGGADGLTF					TRAV12-2*01		LLLGIGILV	HomoSapiens	48.679	44.273	59.064	52.036	75.629	67.178
DRG......SQS	IYS....NGD	NKASQY	CAPGGGSGTYKYIF					TRAV12-2*01		LLLGIGILV	HomoSapiens	58.514	56.289	63.899	60.461	72.574	67.833
NSA......FQY	TYS....SGN	DKSSKY	CAMSVSNFGNEKLTF					TRAV12-3*01		LLLGIGILV	HomoSapiens	18.241	13.796	33.955	23.539	75.390	55.047
NSA......SQS	VYS....SGN	NRASQY	CVVGTDSWGKLQF					TRAV12-1*01		LLLGIGILV	HomoSapiens	65.052	60.025	71.014	66.567	81.349	75.898
TSES.....DYY	QEAY..KQQN	QKAAKS	CASRRDDKIIF					TRAV38-2/DV8*01		LLLGIGILV	HomoSapiens	81.041	73.404	97.441	86.862	116.277	106.459
TTL.......SN	LVKS...GEV	GEAKKN	CAGHSNYQLIW					TRAV25*01		LLLGIGILV	HomoSapiens	98.567	91.601	107.221	101.007	118.201	112.260
NSA......SQS	VYS....SGN	NRASQY	CVGEYGNKLVF					TRAV12-1*01		LLLGIGILV	HomoSapiens	48.460	43.625	55.135	50.412	65.038	59.556
NSA......FQY	TYS....SGN	DKSSKY	CAMSLSNFGNEKLTF					TRAV12-3*01		LLLGIGILV	HomoSapiens	17.911	13.999	34.202	23.709	75.412	55.148
NSA......SQS	VYS....SGN	NRASQY	CVVGIGFGNVLHC					TRAV12-1*01		LLLGIGILV	HomoSapiens	37.581	30.301	53.075	43.099	69.997	60.861
TTL.......SN	LVKS...GEV	GEAKKN	CAGPDAGKSTF					TRAV25*01		LLLGIGILV	HomoSapiens	106.040	99.232	114.803	108.339	125.030	119.428
DRG......SQS	IYS....NGD	NKASQY	CAVGNGQKLLF					TRAV12-2*01		LLLGIGILV	HomoSapiens	34.394	31.911	39.229	36.033	47.944	43.056
NSA......SQS	VYS....SGN	NRASQY	CVVGISNFGNEKLTF					TRAV12-1*01		LLLGIGILV	HomoSapiens	25.768	19.779	39.504	30.234	69.823	55.246
DRG......SQS	IYS....NGD	NKASQY	CAVPDNNNDMRF					TRAV12-2*01		LLLGIGILV	HomoSapiens	54.064	50.443	60.327	56.119	69.246	64.548
DRG......SQS	IYS....NGD	NKASQY	CAVDSGGGADGLTF					TRAV12-2*01		LLLGIGILV	HomoSapiens	29.889	24.526	41.784	33.519	62.048	51.808
DRG......SQS	IYS....NGD	NKASQY	CAVNGWGNQFYF					TRAV12-2*01		LLLGIGILV	HomoSapiens	37.801	33.790	45.465	40.072	58.851	51.933
DRG......SQS	IYS....NGD	NKASQY	CAVTGGYQKVTF					TRAV12-2*01		LLLGIGILV	HomoSapiens	41.921	36.345	48.679	43.933	58.742	53.264
DRG......SQS	IYS....NGD	NKASQY	CAVNPTEGNTPLVF					TRAV12-2*01		LLLGIGILV	HomoSapiens	68.624	65.975	72.525	69.751	79.229	75.569
DRG......SQS	IYS....NGD	NKASQY	CAGNNAGNMLTF					TRAV12-2*01		LLLGIGILV	HomoSapiens	39.834	34.460	46.399	41.542	56.948	50.931
DRG......SQS	IYS....NGD	NKASQY	CAVPGTASKLTF					TRAV12-2*01		LLLGIGILV	HomoSapiens	46.152	44.103	50.712	47.549	58.731	54.247
TSES.....DYY	QEAY..KQQN	QKAAKS	CAFPMEGAQKLVF					TRAV38-2/DV8*01		LLLGIGILV	HomoSapiens	92.249	82.260	107.908	97.347	123.051	114.926
NSA......FQY	TYS....SGN	DKSSKY	CAMKLSNFGNEKLTF					TRAV12-3*01		LLLGIGILV	HomoSapiens	26.043	21.961	40.328	30.855	80.349	60.782
NSA......SQS	VYS....SGN	NRASQY	CVGAISNFGNEKLTF					TRAV12-1*01		LLLGIGILV	HomoSapiens	22.472	15.455	37.663	27.292	71.823	55.424
NSM......FDY	ISSI...KDK	NKSAKH	CAAPEETGGFKTIF					TRAV29/DV5*01		LLLGIGILV	HomoSapiens	98.952	93.018	111.259	103.221	125.270	117.899
DRG......SQS	IYS....NGD	NKASQY	CAVSGGGADGLTF					TRAV12-2*01		LLLGIGILV	HomoSapiens	21.593	17.845	34.559	26.258	52.217	43.139
NSA......FQY	TYS....SGN	DKSSKY	CAMSESNFGNEKLTF					TRAV12-3*01		LLLGIGILV	HomoSapiens	21.922	16.582	37.608	27.421	76.684	57.195
DRG......SQS	IYS....NGD	NKASQY	CAVNGNNRLAF					TRAV12-2*01		LLLGIGILV	HomoSapiens	36.867	33.933	41.757	38.340	50.891	46.162
DRG......SQS	IYS....NGD	NKASQY	CAVSWGFGNVLHC					TRAV12-2*01		LLLGIGILV	HomoSapiens	33.460	26.845	44.751	37.203	57.785	50.903
TSES.....DYY	QEAY..KQQN	QKAAKS	CAHAFGENNNARLMF					TRAV38-2/DV8*01		LLLGIGILV	HomoSapiens	109.171	101.007	125.242	114.745	141.711	133.131
DRG......SQS	IYS....NGD	NKASQY	CALGGGADGLTF					TRAV12-2*01		LLLGIGILV	HomoSapiens	19.779	11.648	31.647	23.516	47.270	38.636
TSI.......NN	IRSN...ERE	DTSKKS	CAPNIKAAGNKLTF					TRAV17*01		LLLGIGILV	HomoSapiens	89.447	85.255	102.111	94.261	116.233	108.744
DRG......SQS	IYS....NGD	NKASQY	CAVPSYGNNRLAF					TRAV12-2*01		LLLGIGILV	HomoSapiens	53.130	49.981	58.624	54.791	66.495	62.318
NIAT.....NDY	GYK.....TK	PADRKS	CLSGGGADGLTF					TRAV4*01		LLLGIGILV	HomoSapiens	76.425	71.063	92.249	82.454	109.828	100.410
DSS......STY	IFSN...MDM	NKKDKH	CADLTGTYKYIF					TRAV5*01		LLLGIGILV	HomoSapiens	90.985	87.145	98.348	93.558	108.502	103.106
DRG......SQS	IYS....NGD	NKASQY	CAVGRGFGNVLHC					TRAV12-2*01		LLLGIGILV	HomoSapiens	34.119	27.862	44.202	37.427	56.643	49.941
DRG......SQS	IYS....NGD	NKASQY	CAVGGGADGLTF					TRAV12-2*01		LLLGIGILV	HomoSapiens	19.779	11.648	31.647	23.516	47.270	38.636
NSM......FDY	ISSI...KDK	NKSAKH	CAAPARQNFVF					TRAV29/DV5*01		LLLGIGILV	HomoSapiens	95.161	90.079	104.803	98.397	116.135	110.009
TSI.......NN	IRSN...ERE	DTSKKS	CATEGNSGYSTLTF					TRAV17*01		LLLGIGILV	HomoSapiens	74.997	54.163	100.271	82.286	121.540	109.689
NYS......PAY	IREN...EKE	DTTLKQ	CALMNRDDKIIF					TRAV6*01		LLLGIGILV	HomoSapiens	111.754	108.325	117.111	113.437	126.129	121.403
VSN......AYN	GS......KP	ER..FS	CAGFNTDKLIF					TRAV2*01		LLLGIGILV	HomoSapiens	100.106	94.331	106.919	101.818	117.179	111.625
DRG......SQS	IYS....NGD	NKASQY	CAVSPGGGADGLTF					TRAV12-2*01		LLLGIGILV	HomoSapiens	29.889	25.202	41.042	33.315	61.526	51.393
NSA......SQS	VYS....SGN	NRASQY	CVVARSNFGNEKLTF					TRAV12-1*01		LLLGIGILV	HomoSapiens	28.076	22.763	41.125	32.075	73.335	57.938
TISG.....NEY	GLK.....NN	TEDRKS	CIVRVAEVDSSYKLIF					TRAV26-1*01		LLLGIGILV	HomoSapiens	132.302	124.533	141.752	134.964	151.737	146.208
NSA......FQY	TYS....SGN	DKSSKY	CAMSTSNFGNEKLTF					TRAV12-3*01		LLLGIGILV	HomoSapiens	22.417	17.505	38.075	27.943	76.923	57.638
DSA......IYN	IQSS...QRE	DKSSGR	CAVSLYQTGANNLFF					TRAV21*01		LLLGIGILV	HomoSapiens	108.842	103.397	116.122	110.851	125.389	120.438
VSN......AYN	GS......KP	ER..FS	CAVEIHSGNTPLVF					TRAV2*01		LLLGIGILV	HomoSapiens	118.896	111.067	128.072	121.395	138.873	132.898
NSA......SQS	VYS....SGN	NRASQY	CVSSLSNFGNEKLTF					TRAV12-1*01		LLLGIGILV	HomoSapiens	22.142	16.769	35.301	26.157	69.040	52.927
NSA......FQY	TYS....SGN	DKSSKY	CAMGLGYQKVTF					TRAV12-3*01		LLLGIGILV	HomoSapiens	63.294	58.256	72.003	66.129	85.166	78.021
DRG......SQS	IYS....NGD	NKASQY	CAVSPGARLMF					TRAV12-2*01		LLLGIGILV	HomoSapiens	42.086	39.553	46.866	43.644	54.077	50.239
TSES.....DYY	QEAY..KQQN	QKAAKS	CAWGGSEKLVF					TRAV38-2/DV8*01		LLLGIGILV	HomoSapiens	84.172	76.744	95.243	87.506	108.676	101.458
TSES.....DYY	QEAY..KQQN	QKAAKS	CAYRSSDSNYQLIW					TRAV38-2/DV8*01		LLLGIGILV	HomoSapiens	87.689	77.195	105.765	93.463	128.912	117.176
DRG......SQS	IYS....NGD	NKASQY	CAVGAGGGADGLTF					TRAV12-2*01		LLLGIGILV	HomoSapiens	26.812	24.054	38.707	31.472	58.655	48.614
DRG......SQS	IYS....NGD	NKASQY	CAVPNFGNEKLTF					TRAV12-2*01		LLLGIGILV	HomoSapiens	52.031	48.855	57.113	53.676	65.821	61.158
TSDP.....SYG	QGSY..DQQN	QKARKS	CAMIDGYNFGNEKLTF					TRAV14/DV4*01		LLLGIGILV	HomoSapiens	105.380	102.364	108.375	106.054	124.454	115.464
DRG......SQS	IYS....NGD	NKASQY	CAVGGAGTALIF					TRAV12-2*01		LLLGIGILV	HomoSapiens	42.800	38.828	48.762	44.367	59.568	53.699
VSG......NPY	YITG..DNLV	NKSQTS	CAVRDKIIF					TRAV3*01		LLLGIGILV	HomoSapiens	87.524	78.607	97.002	89.857	108.676	102.274
NSA......FQY	TYS....SGN	DKSSKY	CAMSRSNFGNEKLTF					TRAV12-3*01		LLLGIGILV	HomoSapiens	20.439	15.422	35.521	25.791	76.260	56.292
DRG......SQS	IYS....NGD	NKASQY	CAVNVYGQNFVF					TRAV12-2*01		LLLGIGILV	HomoSapiens	47.580	40.965	56.152	49.930	67.811	61.368
NSM......FDY	ISSI...KDK	NKSAKH	CAASVSNFGNEKLTF					TRAV29/DV5*01		LLLGIGILV	HomoSapiens	54.119	51.207	62.525	57.041	96.018	79.818
NSA......FQY	TYS....SGN	DKSSKY	CASGGGADGLTF					TRAV12-3*01		LLLGIGILV	HomoSapiens	41.702	34.224	55.382	45.862	74.846	64.674
NSA......FQY	TYS....SGN	DKSSKY	CAMSYSALTGGGNKLTF					TRAV12-3*01		LLLGIGILV	HomoSapiens	81.041	76.618	90.161	83.923	107.045	98.255
NSA......FQY	TYS....SGN	DKSSKY	CAMSASNFGNEKLTF					TRAV12-3*01		LLLGIGILV	HomoSapiens	22.417	17.505	38.075	27.943	76.488	57.408
DRG......SQS	IYS....NGD	NKASQY	CAVSVRGAQKLVF					TRAV12-2*01		LLLGIGILV	HomoSapiens	53.404	51.097	57.525	54.677	65.201	61.165
DRG......SQS	IYS....NGD	NKASQY	CAVGGSARQLTF					TRAV12-2*01		LLLGIGILV	HomoSapiens	40.163	37.965	46.894	42.767	58.002	51.984
DRG......SQS	IYS....NGD	NKASQY	CAVGGNARLMF					TRAV12-2*01		LLLGIGILV	HomoSapiens	37.086	33.339	42.169	38.533	54.381	47.756
DRG......SQS	IYS....NGD	NKASQY	CAVNPGGTSYGKLTF					TRAV12-2*01		LLLGIGILV	HomoSapiens	58.239	53.751	64.695	60.031	76.282	70.230
DRG......SQS	IYS....NGD	NKASQY	CALYSGGGADGLTF					TRAV12-2*01		LLLGIGILV	HomoSapiens	30.658	25.334	42.718	34.448	63.298	53.085
DRG......SQS	IYS....NGD	NKASQY	CAVHNAGNMLTF					TRAV12-2*01		LLLGIGILV	HomoSapiens	44.174	38.586	50.520	45.808	60.297	54.841
DRG......SQS	IYS....NGD	NKASQY	CAVNQAGTALIF					TRAV12-2*01		LLLGIGILV	HomoSapiens	49.174	44.097	54.448	50.390	63.690	58.694
NSA......SQS	VYS....SGN	NRASQY	CVVNIGTGRRALTF					TRAV12-1*01		LLLGIGILV	HomoSapiens	68.953	65.206	75.876	71.303	86.014	80.736
TSES.....DYY	QEAY..KQQN	QKAAKS	CAYRSAYTGNQFYF					TRAV38-2/DV8*01		LLLGIGILV	HomoSapiens	95.161	82.453	111.973	99.972	133.284	122.037
DRG......SQS	IYS....NGD	NKASQY	CAVGGNEKLTF					TRAV12-2*01		LLLGIGILV	HomoSapiens	32.526	29.290	38.570	34.322	50.782	44.159
YGA......TPY	YFSG..DTLV	KRSQSS	CAVGGLTGTASKLTF					TRAV8-3*01		LLLGIGILV	HomoSapiens	115.819	107.628	124.583	117.997	136.503	130.002
DRG......SQS	IYS....NGD	NKASQY	CAAGAGGYNKLIF					TRAV12-2*01		LLLGIGILV	HomoSapiens	33.295	27.691	42.553	36.337	53.229	47.372
VSN......AYN	GS......KP	ER..FS	CAVEPNNAGNMLTF					TRAV2*01		LLLGIGILV	HomoSapiens	109.941	101.155	120.462	112.671	133.197	126.311
NSA......SQS	VYS....SGN	NRASQY	CVVGLGFGNVLHC					TRAV12-1*01		LLLGIGILV	HomoSapiens	39.009	32.224	53.926	44.391	70.388	61.522
NSA......SQS	VYS....SGN	NRASQY	CVVSSGGGADGLTF					TRAV12-1*01		LLLGIGILV	HomoSapiens	36.757	31.537	50.135	41.945	71.149	60.344
TSI.......NN	IRSN...ERE	DTSKKS	CATDQGGADGLTF					TRAV17*01		LLLGIGILV	HomoSapiens	76.975	72.442	85.161	79.515	104.554	94.275
YSG......SPE	HI......SR	NKGETS	CDNNNDMRF					TRAV16*01		LLLGIGILV	HomoSapiens	84.942	78.684	93.760	87.424	108.382	100.613
DRG......SQS	IYS....NGD	NKASQY	CAVDMRF					TRAV12-2*01		LLLGIGILV	HomoSapiens	30.164	25.208	39.751	33.415	52.152	45.665
NTA......FDY	IRPD...VSE	NKSAKQ	CAARGREAAGNKLTF					TRAV23/DV6*01		LLLGIGILV	HomoSapiens	101.205	94.677	112.523	105.003	125.052	118.330
DSS......STY	IFSN...MDM	NKKDKH	CAVPCSNDYKLSF					TRAV5*01		LLLGIGILV	HomoSapiens	94.227	88.579	102.413	96.671	112.058	106.798
DRG......SQS	IYS....NGD	NKASQY	CAGIGFGNVLHC					TRAV12-2*01		LLLGIGILV	HomoSapiens	45.328	44.020	50.657	47.345	58.851	54.374
DSS......STY	IFSN...MDM	NKKDKH	CAERYAGNMLTF					TRAV5*01		LLLGIGILV	HomoSapiens	83.403	76.349	92.743	86.125	103.434	97.431
YSG......SPE	HI......SR	NKGETS	CALSPGNQFYF					TRAV16*01		LLLGIGILV	HomoSapiens	84.722	78.217	96.068	88.420	109.926	102.681
DRG......SQS	IYS....NGD	NKASQY	CAVNNYGQNFVF					TRAV12-2*01		LLLGIGILV	HomoSapiens	45.218	39.207	53.432	47.499	66.202	59.325
DSA......SNY	IRSN...VGE	NKTAKH	CAASIGFGNVLHC					TRAV13-1*01		LLLGIGILV	HomoSapiens	60.272	53.943	75.574	66.006	92.941	83.652
TSES.....DYY	QEAY..KQQN	QKAAKS	CAYRSGTLEQGAQKLVF					TRAV38-2/DV8*01		LLLGIGILV	HomoSapiens	105.161	95.491	124.803	112.230	143.843	133.704
DRG......SQS	IYS....NGD	NKASQY	CAVTNYGGSQGNLIF					TRAV12-2*01		LLLGIGILV	HomoSapiens	78.239	75.969	81.810	79.246	89.407	85.223
KAL.......YS	LLKG...GEQ	NEKKQQ	CGTGAGGTSYGKLTF					TRAV30*01		LLLGIGILV	HomoSapiens	113.072	108.419	120.902	115.548	131.620	125.927
DRG......SQS	IYS....NGD	NKASQY	CAVNRGSYIPTF					TRAV12-2*01		LLLGIGILV	HomoSapiens	56.646	54.443	61.783	58.482	69.061	65.126
DRG......SQS	IYS....NGD	NKASQY	CAVNIVGNDMRF					TRAV12-2*01		LLLGIGILV	HomoSapiens	45.932	42.839	51.481	47.642	61.895	56.265
DRG......SQS	IYS....NGD	NKASQY	CAVSSDGQKLLF					TRAV12-2*01		LLLGIGILV	HomoSapiens	44.614	40.449	50.218	46.227	58.057	53.597
TSG......FNG	NVL....DGL	SRSKGY	CAVKGFGNVLHC					TRAV1-2*01		LLLGIGILV	HomoSapiens	78.678	74.299	90.491	83.393	104.522	97.004
NSA......SQS	VYS....SGN	NRASQY	CVVSISNFGNEKLTF					TRAV12-1*01		LLLGIGILV	HomoSapiens	20.329	14.406	33.790	24.304	68.322	51.780
NSA......FQY	TYS....SGN	DKSSKY	CAMGRANFGNEKLTF					TRAV12-3*01		LLLGIGILV	HomoSapiens	34.669	30.323	49.146	40.165	81.762	65.435
NSA......SQS	VYS....SGN	NRASQY	CVVEGDG					TRAV12-1*01		LLLGIGILV	HomoSapiens	53.789	49.443	63.047	57.033	74.988	68.537
DRG......SQS	IYS....NGD	NKASQY	CAVTGGGADGLTF					TRAV12-2*01		LLLGIGILV	HomoSapiens	23.570	19.620	35.988	27.948	53.337	44.375
DRG......SQS	IYS....NGD	NKASQY	CAVGGGGADGLTF					TRAV12-2*01		LLLGIGILV	HomoSapiens	19.560	14.175	31.977	23.765	49.651	40.334
DRG......SQS	IYS....NGD	NKASQY	CAVNKLQDRLAF					TRAV12-2*01		LLLGIGILV	HomoSapiens	50.987	48.624	55.547	52.539	63.211	58.958
NSA......SQS	VYS....SGN	NRASQY	CVVNPSNFGNEKLTF					TRAV12-1*01		LLLGIGILV	HomoSapiens	32.361	26.471	43.844	35.463	72.128	58.177
DRG......SQS	IYS....NGD	NKASQY	CAFSGGGADGLTF					TRAV12-2*01		LLLGIGILV	HomoSapiens	21.593	17.845	34.559	26.258	52.217	43.139
DRG......SQS	IYS....NGD	NKASQY	CAVSAGQNFVF					TRAV12-2*01		LLLGIGILV	HomoSapiens	46.097	43.724	51.234	47.857	60.656	55.606
DRG......SQS	IYS....NGD	NKASQY	CAVNNYDMRF					TRAV12-2*01		LLLGIGILV	HomoSapiens	37.526	32.587	45.190	39.811	58.742	51.575
VSG......LRG	LYSA...GEE	TK..KE	CAVPCKAAGNKLTF					TRAV20*01		LLLGIGILV	HomoSapiens	104.611	98.089	113.072	107.067	122.497	117.322
YGA......TPY	YFSG..DTLV	KRSQSS	CAAVNQAGTALIF					TRAV8-3*01		LLLGIGILV	HomoSapiens	113.896	105.446	124.693	116.899	135.850	129.676
DRG......SQS	IYS....NGD	NKASQY	CAVGGFGNEKLTF					TRAV12-2*01		LLLGIGILV	HomoSapiens	45.438	42.119	49.558	46.562	59.177	53.826
DRG......SQS	IYS....NGD	NKASQY	CASSSDGQKLLF					TRAV12-2*01		LLLGIGILV	HomoSapiens	44.614	40.449	50.218	46.227	58.057	53.597
DRG......SQS	IYS....NGD	NKASQY	CAVNYSGGGADGLTF					TRAV12-2*01		LLLGIGILV	HomoSapiens	46.866	41.817	57.800	50.412	74.096	65.739
TSI.......NN	IRSN...ERE	DTSKKS	CATEGGSGYSTLTF					TRAV17*01		LLLGIGILV	HomoSapiens	71.645	53.020	95.793	78.843	117.049	105.330
TSI.......NN	IRSN...ERE	DTSKKS	CALNRDDKIIF					TRAV17*01		LLLGIGILV	HomoSapiens	81.260	74.409	92.579	84.953	107.295	99.505
NSA......FQY	TYS....SGN	DKSSKY	CAMSISFFGNEKLTF					TRAV12-3*01		LLLGIGILV	HomoSapiens	28.460	23.790	44.119	33.880	79.446	61.578
NSA......FQY	TYS....SGN	DKSSKY	CAMSKSNFGNEKLTF					TRAV12-3*01		LLLGIGILV	HomoSapiens	21.098	15.791	36.097	26.373	76.608	56.718
VSN......AYN	GS......KP	ER..FS	CAVEVSDGQKLLF					TRAV2*01		LLLGIGILV	HomoSapiens	109.666	102.018	117.742	111.647	126.270	121.522
NSA......FQY	TYS....SGN	DKSSKY	CAMGPGGYNKLIF					TRAV12-3*01		LLLGIGILV	HomoSapiens	58.789	54.904	66.975	61.418	79.174	72.384
DRG......SQS	IYS....NGD	NKASQY	CAVSNDYKLSF					TRAV12-2*01		LLLGIGILV	HomoSapiens	40.163	37.015	45.987	41.988	56.806	50.978
DRG......SQS	IYS....NGD	NKASQY	CAVRNDMRF					TRAV12-2*01		LLLGIGILV	HomoSapiens	37.251	32.724	45.905	39.976	58.840	52.101
TTL.......SN	LVKS...GEV	GEAKKN	CAGHARLMF					TRAV25*01		LLLGIGILV	HomoSapiens	94.447	86.661	102.523	96.349	112.634	107.164
DRG......SQS	IYS....NGD	NKASQY	CAVGDFTGGGNKLTF					TRAV12-2*01		LLLGIGILV	HomoSapiens	60.217	56.926	65.931	61.908	74.955	70.224
DRG......SQS	IYS....NGD	NKASQY	CAVKWSNFGNEKLTF					TRAV12-2*01		LLLGIGILV	HomoSapiens	41.921	36.971	54.311	46.599	70.649	62.260
DRG......SQS	IYS....NGD	NKASQY	CAVNIGFGNVLHC					TRAV12-2*01		LLLGIGILV	HomoSapiens	29.614	22.136	41.811	33.635	56.089	48.575
DSS......STY	IFSN...MDM	NKKDKH	CAESTFNNDMRF					TRAV5*01		LLLGIGILV	HomoSapiens	89.337	85.222	98.403	92.486	108.828	103.314
DRG......SQS	IYS....NGD	NKASQY	CAPNGYSTLTF					TRAV12-2*01		LLLGIGILV	HomoSapiens	44.174	41.811	48.569	45.524	57.307	52.536
NSA......SQS	VYS....SGN	NRASQY	CVASTDSWGKFQF					TRAV12-1*01		LLLGIGILV	HomoSapiens	72.579	65.146	79.695	74.138	89.233	83.925
DRG......SQS	IYS....NGD	NKASQY	CAVNPDQTGANNLFF					TRAV12-2*01		LLLGIGILV	HomoSapiens	70.821	68.920	74.310	71.926	80.229	76.995
DRG......SQS	IYS....NGD	NKASQY	CAPNWGYNKLIF					TRAV12-2*01		LLLGIGILV	HomoSapiens	36.592	34.213	41.482	38.364	50.913	46.079
DRG......SQS	IYS....NGD	NKASQY	CASGGAAGNKLTF					TRAV12-2*01		LLLGIGILV	HomoSapiens	42.086	38.751	47.718	43.851	57.154	51.898
DRG......SQS	IYS....NGD	NKASQY	CAVGGGFGNVLHC					TRAV12-2*01		LLLGIGILV	HomoSapiens	32.087	27.702	40.356	34.677	53.044	46.272
NSM......FDY	ISSI...KDK	NKSAKH	CAASGGGADGLTF					TRAV29/DV5*01		LLLGIGILV	HomoSapiens	66.975	62.437	75.189	69.393	95.301	85.328
NSA......SDY	IRSN...MDK	NKTVKH	CAEIQDPNSGGYQKVTF					TRAV13-2*01		LLLGIGILV	HomoSapiens	122.523	116.627	131.561	125.306	142.277	136.716
VTN......FRS	LTSS...GIE	DKKELS	CAVEGNNARLMF					TRAV36/DV7*01		LLLGIGILV	HomoSapiens	100.326	95.474	106.589	101.926	116.429	111.237
DRG......SQS	IYS....NGD	NKASQY	CAVSWGYQKVTF					TRAV12-2*01		LLLGIGILV	HomoSapiens	42.965	37.773	49.943	44.956	60.841	55.118
DRG......SQS	IYS....NGD	NKASQY	CAVGGTGKLIF					TRAV12-2*01		LLLGIGILV	HomoSapiens	33.131	29.411	39.202	35.041	51.761	45.063
NSA......SQS	VYS....SGN	NRASQY	CVVSPSNFGNEKLTF					TRAV12-1*01		LLLGIGILV	HomoSapiens	26.098	21.098	38.845	30.042	70.138	55.115
NSA......SQS	VYS....SGN	NRASQY	CVESISNFGNEKLTF					TRAV12-1*01		LLLGIGILV	HomoSapiens	20.329	14.406	33.790	24.304	68.322	51.780
DRG......SQS	IYS....NGD	NKASQY	CASPAGNTPLVF					TRAV12-2*01		LLLGIGILV	HomoSapiens	53.789	51.064	57.223	54.602	64.027	60.347
DRG......SQS	IYS....NGD	NKASQY	CAVGESNYQLIW					TRAV12-2*01		LLLGIGILV	HomoSapiens	51.152	48.690	55.437	52.451	63.320	59.082
DRG......SQS	IYS....NGD	NKASQY	CAVNSGGNQFYF					TRAV12-2*01		LLLGIGILV	HomoSapiens	32.581	28.356	41.729	35.704	54.751	47.625
NSA......SQS	VYS....SGN	NRASQY	CVVQISNFGNEKLTF					TRAV12-1*01		LLLGIGILV	HomoSapiens	25.603	19.746	39.751	30.140	72.650	56.770
DRG......SQS	IYS....NGD	NKASQY	CAVGGGYQKVTF					TRAV12-2*01		LLLGIGILV	HomoSapiens	35.548	29.444	43.515	37.623	55.132	48.623
DRG......SQS	IYS....NGD	NKASQY	CAVNPGGRLMF					TRAV12-2*01		LLLGIGILV	HomoSapiens	36.427	33.339	42.443	38.243	52.674	47.566
TSI.......NN	IRSN...ERE	DTSKKS	CATYRGGSEKLVF					TRAV17*01		LLLGIGILV	HomoSapiens	80.821	73.788	94.062	85.346	108.056	100.671
DRG......SQS	IYS....NGD	NKASQY	CAVNTGNNAGNMLTF					TRAV12-2*01		LLLGIGILV	HomoSapiens	58.020	55.393	64.228	60.106	75.271	69.670
NSA......SQS	VYS....SGN	NRASQY	CVVNGGGADGLTF					TRAV12-1*01		LLLGIGILV	HomoSapiens	33.185	28.394	43.322	36.205	64.320	53.882
DRG......SQS	IYS....NGD	NKASQY	CAVGNTGNQFYF					TRAV12-2*01		LLLGIGILV	HomoSapiens	40.163	35.532	48.377	42.740	60.656	54.309
DRG......SQS	IYS....NGD	NKASQY	CAVNRGAQKLVF					TRAV12-2*01		LLLGIGILV	HomoSapiens	42.855	40.674	46.152	43.804	53.261	49.430
NSA......SQS	VYS....SGN	NRASQY	CVVGGGADGLTF					TRAV12-1*01		LLLGIGILV	HomoSapiens	28.625	24.389	42.306	33.731	60.384	50.821
TSDP.....SYG	QGSY..DQQN	QKARKS	CASNTNAGKSTF					TRAV14/DV4*01		LLLGIGILV	HomoSapiens	106.644	102.826	113.567	108.842	124.421	118.601
DSA......SNY	IRSN...VGE	NKTAKH	CAASAAISGNTGKLIF					TRAV13-1*01		LLLGIGILV	HomoSapiens	109.062	103.391	116.616	111.292	126.096	121.023
NSM......FDY	ISSI...KDK	NKSAKH	CAAHPNQGGSEKLVF					TRAV29/DV5*01		LLLGIGILV	HomoSapiens	98.458	92.765	104.886	100.173	116.614	110.264
SVF.......SS	VVTG...GEV	GDARKD	CAGAPINTGNQFYF					TRAV27*01		LLLGIGILV	HomoSapiens	108.127	101.095	119.363	111.590	135.948	127.616
NSA......FQY	TYS....SGN	DKSSKY	CAMSAGFGNVLHC					TRAV12-3*01		LLLGIGILV	HomoSapiens	56.536	52.014	66.536	59.902	83.176	74.774
DRG......SQS	IYS....NGD	NKASQY	CAPGEGADGLTF					TRAV12-2*01		LLLGIGILV	HomoSapiens	27.032	21.120	37.553	30.392	51.859	44.140
YGA......TPY	YFSG..DTLV	KRSQSS	CAVGGNTNAGKSTF					TRAV8-3*01		LLLGIGILV	HomoSapiens	114.831	108.534	124.308	117.603	137.122	130.171
NSA......SDY	IRSN...MDK	NKTVKH	CAETRPGGSYIPTF					TRAV13-2*01		LLLGIGILV	HomoSapiens	113.182	108.671	121.149	115.729	131.631	126.236
DRG......SQS	IYS....NGD	NKASQY	CAVDPNTGNQFYF					TRAV12-2*01		LLLGIGILV	HomoSapiens	49.339	45.190	58.926	52.780	71.193	64.555
DRG......SQS	IYS....NGD	NKASQY	CAVPGGRKNSGGYQKVTF					TRAV12-2*01		LLLGIGILV	HomoSapiens	85.711	79.656	93.760	88.051	103.467	98.107
DRG......SQS	IYS....NGD	NKASQY	CAVIGFSGGGADGLTF					TRAV12-2*01		LLLGIGILV	HomoSapiens	53.624	51.624	63.651	57.139	83.013	73.357
NSA......SQS	VYS....SGN	NRASQY	CVVTAGGGNKLTF					TRAV12-1*01		LLLGIGILV	HomoSapiens	46.756	41.982	55.245	49.387	67.648	61.202
NSA......SQS	VYS....SGN	NRASQY	CVVSIGFGNVLHC					TRAV12-1*01		LLLGIGILV	HomoSapiens	34.559	27.098	51.481	40.782	70.845	60.688
NSM......FDY	ISSI...KDK	NKSAKH	CAATDQAGTALIF					TRAV29/DV5*01		LLLGIGILV	HomoSapiens	95.051	89.864	105.902	98.921	118.408	111.803
KAL.......YS	LLKG...GEQ	NEKKQQ	CGTERTGGFKTIF					TRAV30*01		LLLGIGILV	HomoSapiens	115.105	109.924	122.577	117.324	132.055	127.023
DRG......SQS	IYS....NGD	NKASQY	CAFGGGADGLTF					TRAV12-2*01		LLLGIGILV	HomoSapiens	19.779	11.648	31.647	23.516	47.270	38.636
DRG......SQS	IYS....NGD	NKASQY	CAVKSAGNMLTF					TRAV12-2*01		LLLGIGILV	HomoSapiens	45.712	40.762	51.372	47.121	60.993	55.830
DRG......SQS	IYS....NGD	NKASQY	CASQGGKLIF					TRAV12-2*01		LLLGIGILV	HomoSapiens	33.295	28.944	40.713	35.668	52.163	45.855
NSA......FQY	TYS....SGN	DKSSKY	CAMGDKLIF					TRAV12-3*01		LLLGIGILV	HomoSapiens	56.536	52.492	63.651	58.882	74.150	68.191
TSG......FNG	NVL....DGL	SRSKGY	CAVSRTPNSNSGYALNF					TRAV1-2*01		LLLGIGILV	HomoSapiens	112.962	105.122	131.258	120.004	147.833	138.953
NSA......FQY	TYS....SGN	DKSSKY	CAMSFTGGGNKLTF					TRAV12-3*01		LLLGIGILV	HomoSapiens	65.272	62.338	73.129	68.111	87.613	80.189
DRG......SQS	IYS....NGD	NKASQY	CAVHAGGYNKLIF					TRAV12-2*01		LLLGIGILV	HomoSapiens	39.009	32.213	47.580	41.468	57.176	51.839
DRG......SQS	IYS....NGD	NKASQY	CAVNLGFGNVLHC					TRAV12-2*01		LLLGIGILV	HomoSapiens	31.592	24.592	42.663	35.152	56.447	49.222
SSN......FYA	MTLN...GDE	NTKEGY	CALTGTASKLTF					TRAV24*01		LLLGIGILV	HomoSapiens	104.336	100.287	109.281	105.633	116.875	112.780
NSA......FQY	TYS....SGN	DKSSKY	CAMSRMNTGFQKLVF					TRAV12-3*01		LLLGIGILV	HomoSapiens	59.558	55.278	70.602	63.272	92.191	81.043
NSA......FQY	TYS....SGN	DKSSKY	CAMSQSNFGNEKLTF					TRAV12-3*01		LLLGIGILV	HomoSapiens	21.428	16.054	37.086	26.911	76.891	57.205
DRG......SQS	IYS....NGD	NKASQY	CAVTWGLGNKLVF					TRAV12-2*01		LLLGIGILV	HomoSapiens	42.910	39.312	48.322	44.542	57.850	52.784
DRG......SQS	IYS....NGD	NKASQY	CAVKPDSWGKFQF					TRAV12-2*01		LLLGIGILV	HomoSapiens	63.129	60.976	67.635	64.509	76.010	71.459
DRG......SQS	IYS....NGD	NKASQY	CAGGYSTLTF					TRAV12-2*01		LLLGIGILV	HomoSapiens	41.482	39.108	46.482	43.116	56.197	50.818
DRG......SQS	IYS....NGD	NKASQY	CAGTDKLIF					TRAV12-2*01		LLLGIGILV	HomoSapiens	34.724	31.570	39.779	36.210	50.673	44.899
NSA......FQY	TYS....SGN	DKSSKY	CAAAISNFGNEKLTF					TRAV12-3*01		LLLGIGILV	HomoSapiens	21.318	17.933	36.702	26.501	78.468	58.050
DRG......SQS	IYS....NGD	NKASQY	CAVGAGGGNKLTF					TRAV12-2*01		LLLGIGILV	HomoSapiens	34.669	30.504	41.729	36.917	51.478	46.281
DRG......SQS	IYS....NGD	NKASQY	CAVNPLYGQNFVF					TRAV12-2*01		LLLGIGILV	HomoSapiens	55.547	49.899	63.322	57.690	74.509	68.462
SSY......SPS	YTSA..ATLV	KKSETS	CVVSVWDDKIIF					TRAV8-2*01		LLLGIGILV	HomoSapiens	110.435	106.397	115.298	111.671	123.030	118.969
TSES.....DYY	QEAY..KQQN	QKAAKS	CAYRSQNY					TRAV38-2/DV8*01		LLLGIGILV	HomoSapiens	88.513	80.524	100.793	92.307	119.941	110.111
TSES.....DYY	QEAY..KQQN	QKAAKS	CASELLTGTASKLTF					TRAV38-2/DV8*01		LLLGIGILV	HomoSapiens	100.435	92.150	121.012	108.394	139.710	129.899
DRG......SQS	IYS....NGD	NKASQY	CAVTRSNFGNEKLTF					TRAV12-2*01		LLLGIGILV	HomoSapiens	39.119	32.999	50.905	43.241	68.159	59.201
NSA......FQY	TYS....SGN	DKSSKY	CAMSEGTGRRALTF					TRAV12-3*01		LLLGIGILV	HomoSapiens	75.107	71.102	82.552	77.258	96.682	89.335
VSG......NPY	YITG..DNLV	NKSQTS	CAVRENGNNRLAF					TRAV3*01		LLLGIGILV	HomoSapiens	108.567	100.666	114.666	109.557	123.106	118.498
YGG......TVN	YFSG..DPLV	IKSKFS	CAVANQAGTALIF					TRAV8-1*01		LLLGIGILV	HomoSapiens	111.369	101.551	121.369	113.796	131.990	126.172
DRG......SQS	IYS....NGD	NKASQY	CAVKRDGGFKTIF					TRAV12-2*01		LLLGIGILV	HomoSapiens	63.569	59.679	69.255	65.441	76.293	72.383
DRG......SQS	IYS....NGD	NKASQY	CALGAGSYQLTF					TRAV12-2*01		LLLGIGILV	HomoSapiens	44.229	42.460	48.789	45.805	56.817	52.336
DRG......SQS	IYS....NGD	NKASQY	CAPGAGYSTLTF					TRAV12-2*01		LLLGIGILV	HomoSapiens	42.800	39.202	48.240	44.402	57.752	52.549
VTN......FRS	LTSS...GIE	DKKELS	CAVGGSGNKLTF					TRAV36/DV7*01		LLLGIGILV	HomoSapiens	89.282	84.541	96.177	91.214	104.674	99.926
DRG......SQS	IYS....NGD	NKASQY	CAVGGGGFKTIF					TRAV12-2*01		LLLGIGILV	HomoSapiens	43.899	41.696	48.844	45.395	58.318	53.157
DRG......SQS	IYS....NGD	NKASQY	CAVNMWDNDMRF					TRAV12-2*01		LLLGIGILV	HomoSapiens	49.449	45.311	56.207	51.558	66.702	61.078
DRG......SQS	IYS....NGD	NKASQY	CAVNDMRF					TRAV12-2*01		LLLGIGILV	HomoSapiens	28.845	25.373	38.295	32.306	52.315	45.043
DSS......STY	IFSN...MDM	NKKDKH	CAEKKNYGGSQGNLIF					TRAV5*01		LLLGIGILV	HomoSapiens	113.017	102.606	125.544	116.549	138.688	131.391
NSA......FQY	TYS....SGN	DKSSKY	CAMSRGNFGNEKLTF					TRAV12-3*01		LLLGIGILV	HomoSapiens	31.043	25.993	46.372	36.655	75.825	60.505
DRG......SQS	IYS....NGD	NKASQY	CAVNLDTNAGKSTF					TRAV12-2*01		LLLGIGILV	HomoSapiens	64.942	58.481	72.085	66.553	82.698	77.028
DRG......SQS	IYS....NGD	NKASQY	CAVNSGGGADGLTF					TRAV12-2*01		LLLGIGILV	HomoSapiens	28.570	22.680	39.916	31.744	59.155	49.368
DRG......SQS	IYS....NGD	NKASQY	CAVTPGTGNQFYF					TRAV12-2*01		LLLGIGILV	HomoSapiens	42.910	39.301	52.415	46.542	65.484	58.516
DRG......SQS	IYS....NGD	NKASQY	CAVTKGYSTLTF					TRAV12-2*01		LLLGIGILV	HomoSapiens	49.394	45.839	54.119	50.683	61.798	57.647
NSM......FDY	ISSI...KDK	NKSAKH	CAASGDGQKLLF					TRAV29/DV5*01		LLLGIGILV	HomoSapiens	79.118	73.673	88.568	82.299	99.509	93.549
NTA......FDY	IRPD...VSE	NKSAKQ	CAARVGGFKTIF					TRAV23/DV6*01		LLLGIGILV	HomoSapiens	93.458	86.332	104.886	97.195	115.418	109.627
ATG......YPS	ATKA...DDK	RKETTS	CALSEGSFYGGSQGNLIF					TRAV9-2*01		LLLGIGILV	HomoSapiens	144.280	136.214	154.801	147.186	165.939	159.856
NSA......SQS	VYS....SGN	NRASQY	CVVNWGGGGADGLTF					TRAV12-1*01		LLLGIGILV	HomoSapiens	45.877	39.586	58.020	49.966	79.620	68.756
NSA......FQY	TYS....SGN	DKSSKY	CAMILANFGNEKLTF					TRAV12-3*01		LLLGIGILV	HomoSapiens	33.790	29.669	48.899	39.186	84.329	66.573
TSI.......NN	IRSN...ERE	DTSKKS	CATDGNSGYSTLTF					TRAV17*01		LLLGIGILV	HomoSapiens	74.942	54.492	100.188	82.355	121.736	109.734
NSA......SQS	VYS....SGN	NRASQY	CVYSGGGADGLTF					TRAV12-1*01		LLLGIGILV	HomoSapiens	32.691	27.587	42.691	35.797	64.288	53.677
DRG......SQS	IYS....NGD	NKASQY	CAVSIGFGNVLHC					TRAV12-2*01		LLLGIGILV	HomoSapiens	29.504	21.164	42.388	33.607	56.893	49.225
DRG......SQS	IYS....NGD	NKASQY	CAVGPGGYQKVTF					TRAV12-2*01		LLLGIGILV	HomoSapiens	43.625	38.130	51.784	46.070	63.255	57.061
NSA......FQY	TYS....SGN	DKSSKY	CAMTTDSWGKFQF					TRAV12-3*01		LLLGIGILV	HomoSapiens	81.590	72.766	91.590	84.312	102.695	96.203
NSA......FQY	TYS....SGN	DKSSKY	CAVHPTDKLIF					TRAV12-3*01		LLLGIGILV	HomoSapiens	66.701	62.212	71.591	67.778	82.882	76.839
DRG......SQS	IYS....NGD	NKASQY	CAVTKSNFGNEKLTF					TRAV12-2*01		LLLGIGILV	HomoSapiens	39.119	32.867	51.234	43.272	68.355	59.415
DRG......SQS	IYS....NGD	NKASQY	CAVNEGGGADGLTF					TRAV12-2*01		LLLGIGILV	HomoSapiens	30.823	26.438	41.509	33.973	60.547	51.064
SVF.......SS	VVTG...GEV	GDARKD	CAGGNNNAGNMLTF					TRAV27*01		LLLGIGILV	HomoSapiens	101.919	95.134	112.908	105.327	126.966	119.577
NSA......SQS	VYS....SGN	NRASQY	CVVGAGIRQKVTF					TRAV12-1*01		LLLGIGILV	HomoSapiens	60.822	55.976	69.173	63.417	81.132	74.815
NSA......SQS	VYS....SGN	NRASQY	CVVNWGGADGLTF					TRAV12-1*01		LLLGIGILV	HomoSapiens	39.559	33.526	48.075	42.012	67.191	57.679
DRG......SQS	IYS....NGD	NKASQY	CAVGGSGRRALTF					TRAV12-2*01		LLLGIGILV	HomoSapiens	53.569	50.047	58.816	55.136	68.170	63.074
YGG......TVN	YFSG..DPLV	IKSKFS	CAVNAGFGNVLHC					TRAV8-1*01		LLLGIGILV	HomoSapiens	87.139	82.909	99.639	91.890	114.744	106.752
DRG......SQS	IYS....NGD	NKASQY	CAATIGFGNVLHC					TRAV12-2*01		LLLGIGILV	HomoSapiens	31.262	24.224	43.597	35.411	58.176	50.613
DSS......STY	IFSN...MDM	NKKDKH	CAEKGNAGNMLTF					TRAV5*01		LLLGIGILV	HomoSapiens	85.546	80.035	93.732	87.851	105.207	99.048
NSA......SQS	VYS....SGN	NRASQY	CVGEYGNEKLTF					TRAV12-1*01		LLLGIGILV	HomoSapiens	56.316	52.234	60.822	57.342	70.073	65.234
DRG......SQS	IYS....NGD	NKASQY	CAGGGDDKIIF					TRAV12-2*01		LLLGIGILV	HomoSapiens	36.592	33.537	42.114	38.184	53.827	47.628
SSV......SVY	YLSG..STLV	NKSQTS	CAVSDRRRGSNYKLTF					TRAV8-6*01		LLLGIGILV	HomoSapiens	120.435	112.336	129.473	122.721	140.450	134.296
DRG......SQS	IYS....NGD	NKASQY	CAVKKSNFGNEKLTF					TRAV12-2*01		LLLGIGILV	HomoSapiens	40.493	34.724	52.718	44.745	69.964	61.091
DSA......SNY	IRSN...VGE	NKTAKH	CAASISNFGNEKLTF					TRAV13-1*01		LLLGIGILV	HomoSapiens	51.591	48.921	58.597	53.472	90.907	75.521
TISG.....NEY	GLK.....NN	TEDRKS	CIVQYSGAGSYQLTF					TRAV26-1*01		LLLGIGILV	HomoSapiens	118.622	111.369	129.226	121.596	141.374	134.795
NSA......SQS	VYS....SGN	NRASQY	CVVTLSNFGNVLHC					TRAV12-1*01		LLLGIGILV	HomoSapiens	57.965	51.201	70.272	62.054	86.025	77.686
DRG......SQS	IYS....NGD	NKASQY	CAVTAGGGADGLTF					TRAV12-2*01		LLLGIGILV	HomoSapiens	30.658	25.587	41.344	34.011	61.613	51.412
DRG......SQS	IYS....NGD	NKASQY	CAVSSGGGADGLTF					TRAV12-2*01		LLLGIGILV	HomoSapiens	27.362	21.180	39.669	31.040	60.340	49.902
DRG......SQS	IYS....NGD	NKASQY	CAVNLNTNAGKSTF					TRAV12-2*01		LLLGIGILV	HomoSapiens	65.382	58.783	73.019	67.250	83.013	77.612
DRG......SQS	IYS....NGD	NKASQY	CAVSTGANNLFF					TRAV12-2*01		LLLGIGILV	HomoSapiens	44.888	44.103	47.718	45.659	54.903	51.242
DRG......SQS	IYS....NGD	NKASQY	CAVIAGNQFYF					TRAV12-2*01		LLLGIGILV	HomoSapiens	35.658	30.252	45.383	38.784	57.883	51.344
SVF.......SS	VVTG...GEV	GDARKD	CAGFNTYKYIF					TRAV27*01		LLLGIGILV	HomoSapiens	97.304	88.793	108.512	100.512	120.703	114.032
DRG......SQS	IYS....NGD	NKASQY	CAVGRGF					TRAV12-2*01		LLLGIGILV	HomoSapiens	36.922	33.911	43.625	39.102	54.327	48.482
VSP......FSN	MTFS...ENT	DADTKQ	CVVSLGNTDKLIF					TRAV10*01		LLLGIGILV	HomoSapiens	100.820	90.469	110.710	103.052	121.159	115.330
TISG.....TDY	GLT.....SN	AEDRKS	CILRDDNDMRF					TRAV26-2*01		LLLGIGILV	HomoSapiens	108.073	103.683	116.067	110.649	126.901	121.293
DRG......SQS	IYS....NGD	NKASQY	CAPDKLIF					TRAV12-2*01		LLLGIGILV	HomoSapiens	27.197	22.636	34.339	29.308	47.194	40.731
TSI.......NN	IRSN...ERE	DTSKKS	CATGSGETSGSRLTF					TRAV17*01		LLLGIGILV	HomoSapiens	96.589	90.117	111.671	102.230	126.161	118.447
SVF.......SS	VVTG...GEV	GDARKD	CAAPRGNRDDKIIF					TRAV27*01		LLLGIGILV	HomoSapiens	111.094	103.897	121.259	114.071	132.381	126.395
DRG......SQS	IYS....NGD	NKASQY	CAVSNTGNQFYF					TRAV12-2*01		LLLGIGILV	HomoSapiens	39.119	34.185	48.295	42.055	61.515	54.533
TSG......FNG	NVL....DGL	SRSKGY	CAVRDSNYQLIW					TRAV1-2*01		LLLGIGILV	HomoSapiens	57.855	40.603	83.788	66.217	106.795	94.503
TSDP.....SYG	QGSY..DQQN	QKARKS	CAMRESLNSGYALNF					TRAV14/DV4*01		LLLGIGILV	HomoSapiens	104.611	94.046	120.792	109.910	138.199	128.826
TSG......FNG	NVL....DGL	SRSKGY	CAVLDSNYQLIW					TRAV1-2*01		LLLGIGILV	HomoSapiens	59.118	40.691	85.738	67.509	107.980	95.941
TSG......FNG	NVL....DGL	SRSKGY	CAVMDSSYKLIF					TRAV1-2*01		LLLGIGILV	HomoSapiens	60.327	43.960	83.980	67.684	105.055	93.527
TSG......FNG	NVL....DGL	SRSKGY	CAVMDSNYQLIW					TRAV1-2*01		LLLGIGILV	HomoSapiens	58.130	39.009	85.244	66.596	107.817	95.577
VGI.......SA	LSS.....GK	NIQEKH	CAGISNTGNQFYF					TRAV41*01		LLLGIGILV	HomoSapiens	101.809	97.716	110.435	104.708	122.671	116.452
TSG......FNG	NVL....DGL	SRSKGY	CAVTDSNYQLIW					TRAV1-2*01		LLLGIGILV	HomoSapiens	58.954	41.833	85.024	67.420	106.708	94.933
TSG......FNG	NVL....DGL	SRSKGY	CAGMDSNYQLIW					TRAV1-2*01		LLLGIGILV	HomoSapiens	58.130	39.009	85.244	66.596	107.817	95.577
DSA......SNY	IRSN...VGE	NKTAKH	CAASIRGILTGGGNKLTF					TRAV13-1*01		LLLGIGILV	HomoSapiens	108.182	101.232	118.704	111.332	131.414	124.589
VSP......FSN	MTFS...ENT	DADTKQ	CVVQDSNYQLIW					TRAV10*01		LLLGIGILV	HomoSapiens	89.227	81.953	105.161	95.074	121.170	112.712
DSA......SNY	IRSN...VGE	NKTAKH	CAALPGGYQKVTF					TRAV13-1*01		LLLGIGILV	HomoSapiens	81.480	76.519	91.507	84.816	103.804	97.338
DRG......SQS	IYS....NGD	NKASQY	CAVKGGNDMRF					TRAV12-2*01		LLLGIGILV	HomoSapiens	43.405	40.141	47.251	44.346	54.577	50.765
TSES.....DYY	QEAY..KQQN	QKAAKS	CASYLYSNYQLIW					TRAV38-2/DV8*01		LLLGIGILV	HomoSapiens	98.073	87.436	113.045	102.454	130.370	121.229
DSA......IYN	IQSS...QRE	DKSSGR	CAVRRDDKIIF					TRAV21*01		LLLGIGILV	HomoSapiens	84.337	76.068	94.612	87.260	106.349	99.992
VSP......FSN	MTFS...ENT	DADTKQ	CVVSGVDYKLSF					TRAV10*01		LLLGIGILV	HomoSapiens	95.820	86.661	107.111	98.972	119.822	112.859
TSES.....DYY	QEAY..KQQN	QKAAKS	CAYRSADTGNQFYF					TRAV38-2/DV8*01		LLLGIGILV	HomoSapiens	94.007	81.096	111.314	98.993	132.914	121.530
VSP......FSN	MTFS...ENT	DADTKQ	CVVSAGREYGNKLVF					TRAV10*01		LLLGIGILV	HomoSapiens	104.336	95.161	115.847	107.640	129.598	121.953
DSA......IYN	IQSS...QRE	DKSSGR	CAVMFDNAGNMLTF					TRAV21*01		LLLGIGILV	HomoSapiens	101.150	96.732	109.913	104.165	121.290	115.007
DSA......IYN	IQSS...QRE	DKSSGR	CARSSNDYKLSF					TRAV21*01		LLLGIGILV	HomoSapiens	90.216	85.387	97.276	92.162	107.273	101.950
VSG......LRG	LYSA...GEE	TK..KE	CAVRGGSYIPTF					TRAV20*01		LLLGIGILV	HomoSapiens	103.732	96.776	111.506	105.620	120.550	115.741
VSG......LRG	LYSA...GEE	TK..KE	CAVQSIGFGNVLHC					TRAV20*01		LLLGIGILV	HomoSapiens	98.567	94.188	107.908	101.609	122.529	115.006
NIAT.....NDY	GYK.....TK	PADRKS	CLVGDIELSASKIIF					TRAV4*01		LLLGIGILV	HomoSapiens	130.105	123.391	138.401	132.340	147.605	142.574
TSG......FNG	NVL....DGL	SRSKGY	CAVKPDSWGKLQF					TRAV1-2*01		LLLGIGILV	HomoSapiens	80.436	75.662	95.573	86.498	113.721	104.364
DRG......SQS	IYS....NGD	NKASQY	CAVNRGFGNVLHC					TRAV12-2*01		LLLGIGILV	HomoSapiens	33.845	27.142	43.267	36.644	56.621	49.750
VSG......LRG	LYSA...GEE	TK..KE	CAVQEGGSEKLVF					TRAV20*01		LLLGIGILV	HomoSapiens	96.370	89.991	102.358	97.635	110.296	105.870
NSA......FQY	TYS....SGN	DKSSKY	CAMGISNFGNEKLTF					TRAV12-3*01		LLLGIGILV	HomoSapiens	23.680	19.895	38.487	28.766	76.760	58.041
DSA......SNY	IRSN...VGE	NKTAKH	CAAPPGAGSYQLTF					TRAV13-1*01		LLLGIGILV	HomoSapiens	93.842	88.634	101.397	96.058	109.992	105.240
TSI.......NN	IRSN...ERE	DTSKKS	CATDTGGFKTIF					TRAV17*01		LLLGIGILV	HomoSapiens	84.887	78.436	99.007	89.940	113.939	105.979
TSG......FNG	NVL....DGL	SRSKGY	CAVTDSSYKLIF					TRAV1-2*01		LLLGIGILV	HomoSapiens	61.151	46.300	83.596	68.252	103.804	92.928
DRG......SQS	IYS....NGD	NKASQY	CAVVTGNQFYF					TRAV12-2*01		LLLGIGILV	HomoSapiens	34.174	26.351	45.795	37.775	58.481	51.769
TSDP.....SYG	QGSY..DQQN	QKARKS	CAMREDVQAGTALIF					TRAV14/DV4*01		LLLGIGILV	HomoSapiens	107.798	97.996	122.632	112.119	140.972	131.414
TSI.......NN	IRSN...ERE	DTSKKS	CATSLGGQNFVF					TRAV17*01		LLLGIGILV	HomoSapiens	88.568	83.288	99.337	92.131	113.961	106.172
NSA......SQS	VYS....SGN	NRASQY	CVLPGGGNKLTF					TRAV12-1*01		LLLGIGILV	HomoSapiens	49.009	45.905	55.602	51.049	63.961	59.444
TSG......FNG	NVL....DGL	SRSKGY	CAVRDQNAGKSTF					TRAV1-2*01		LLLGIGILV	HomoSapiens	86.425	78.887	103.457	92.679	122.279	112.425
NSA......FQY	TYS....SGN	DKSSKY	CAMAGNTGKLIF					TRAV12-3*01		LLLGIGILV	HomoSapiens	68.349	64.146	75.107	70.545	86.982	80.476
DSA......IYN	IQSS...QRE	DKSSGR	CADNYGQNFVF					TRAV21*01		LLLGIGILV	HomoSapiens	87.414	84.008	94.749	90.043	107.403	100.834
NSA......FQY	TYS....SGN	DKSSKY	CAMSISNFGNEKLTF					TRAV12-3*01		LLLGIGILV	HomoSapiens	16.593	12.417	32.718	22.101	74.694	54.117
DRG......SQS	IYS....NGD	NKASQY	CAGAGTGNQFYF					TRAV12-2*01		LLLGIGILV	HomoSapiens	40.273	35.411	49.806	43.463	62.200	55.718
TSG......FNG	NVL....DGL	SRSKGY	CAVRDNYGQNFVF					TRAV1-2*01		LLLGIGILV	HomoSapiens	86.974	81.414	103.760	93.362	122.007	112.642
NSM......FDY	ISSI...KDK	NKSAKH	CAASEGSTLGRLYF					TRAV29/DV5*01		LLLGIGILV	HomoSapiens	96.370	91.469	106.699	99.828	118.484	112.337
TSDP.....SYG	QGSY..DQQN	QKARKS	CAMREDYSGGGADGLTF					TRAV14/DV4*01		LLLGIGILV	HomoSapiens	109.226	103.188	120.600	113.172	140.972	129.852
TSI.......NN	IRSN...ERE	DTSKKS	CATEGDSGYSTLTF					TRAV17*01		LLLGIGILV	HomoSapiens	76.041	55.514	101.150	83.265	122.497	110.668
NSA......SDY	IRSN...MDK	NKTVKH	CAVPLRGGKLIF					TRAV13-2*01		LLLGIGILV	HomoSapiens	90.930	87.920	96.425	92.707	105.479	100.609
DRG......SQS	IYS....NGD	NKASQY	CATSIGFGNVLHC					TRAV12-2*01		LLLGIGILV	HomoSapiens	29.504	21.164	42.388	33.607	56.893	49.225
DRG......SQS	IYS....NGD	NKASQY	CAEGNTPLVF					TRAV12-2*01		LLLGIGILV	HomoSapiens	40.383	38.911	45.438	42.137	55.936	50.153
DRG......SQS	IYS....NGD	NKASQY	CAVDARLMF					TRAV12-2*01		LLLGIGILV	HomoSapiens	33.680	29.488	40.191	35.672	52.087	45.814
TSG......FNG	NVL....DGL	SRSKGY	CAVAPSKAAGNKLTF					TRAV1-2*01		LLLGIGILV	HomoSapiens	91.370	83.639	106.754	96.706	122.562	114.195
NSM......FDY	ISSI...KDK	NKSAKH	CAATSSGAGSYQLTF					TRAV29/DV5*01		LLLGIGILV	HomoSapiens	99.941	93.551	109.721	103.211	121.670	115.109
TSG......FNG	NVL....DGL	SRSKGY	CAVKRGSYIPTF					TRAV1-2*01		LLLGIGILV	HomoSapiens	82.524	73.728	102.056	89.884	117.799	109.409
TSG......FNG	NVL....DGL	SRSKGY	CAYMDSNYQLIW					TRAV1-2*01		LLLGIGILV	HomoSapiens	58.130	39.009	85.244	66.596	107.817	95.577
SSV......SVY	YLSG..STLV	NKSQTS	CAVTFWGGGSQGNLIF					TRAV8-6*01		LLLGIGILV	HomoSapiens	125.489	116.803	138.621	129.686	152.063	144.772
SSV......SVY	YLSG..STLV	NKSQTS	CAVSDGPAPRNNNARLMF					TRAV8-6*01		LLLGIGILV	HomoSapiens	136.863	127.605	149.115	140.490	159.686	153.851
YSG......SPE	HI......SR	NKGETS	CAPHYTGNQFYF					TRAV16*01		LLLGIGILV	HomoSapiens	92.853	86.079	104.419	96.460	117.908	110.754
TISG.....NEY	GLK.....NN	TEDRKS	CIVRVLGNQFYF					TRAV26-1*01		LLLGIGILV	HomoSapiens	108.622	103.809	115.627	110.463	128.075	121.690
NSA......FQY	TYS....SGN	DKSSKY	CAMQISNFGNEKLTF					TRAV12-3*01		LLLGIGILV	HomoSapiens	24.175	20.071	39.092	29.062	79.403	59.684
DSA......IYN	IQSS...QRE	DKSSGR	CAVRETSYDKVIF					TRAV21*01		LLLGIGILV	HomoSapiens	101.809	95.397	109.748	103.904	119.854	114.365
DRG......SQS	IYS....NGD	NKASQY	CAVTSGGYNKLIF					TRAV12-2*01		LLLGIGILV	HomoSapiens	36.317	30.383	45.218	39.162	55.926	50.116
NSA......SQS	VYS....SGN	NRASQY	CVVNDFRGNTPLVF					TRAV12-1*01		LLLGIGILV	HomoSapiens	76.425	73.651	81.013	77.737	91.658	86.161
TSDP.....SYG	QGSY..DQQN	QKARKS	CAMRVDTGFQKLVF					TRAV14/DV4*01		LLLGIGILV	HomoSapiens	98.458	91.612	111.836	103.290	124.704	117.775
TSDP.....SYG	QGSY..DQQN	QKARKS	CAMREGPPMGDSSYKLIF					TRAV14/DV4*01		LLLGIGILV	HomoSapiens	119.006	108.831	135.819	124.355	154.412	144.468
DRG......SQS	IYS....NGD	NKASQY	CAVTQAGTALIF					TRAV12-2*01		LLLGIGILV	HomoSapiens	51.811	47.026	58.294	53.542	66.615	62.116
NTA......FDY	IRPD...VSE	NKSAKQ	CAHVGNMDTGRRALTF					TRAV23/DV6*01		LLLGIGILV	HomoSapiens	121.918	115.885	131.231	124.851	142.462	136.468
ATG......YPS	ATKA...DDK	RKETTS	CALSERRSSGSARQLTF					TRAV9-2*01		LLLGIGILV	HomoSapiens	148.236	142.176	154.554	149.785	161.383	157.504
NSA......SDY	IRSN...MDK	NKTVKH	CAENSRANFGNEKLTF					TRAV13-2*01		LLLGIGILV	HomoSapiens	85.546	82.804	90.326	86.759	112.036	101.556
DRG......SQS	IYS....NGD	NKASQY	CAVNMGTNAGKSTF					TRAV12-2*01		LLLGIGILV	HomoSapiens	61.316	54.025	68.651	63.104	77.010	72.322
DRG......SQS	IYS....NGD	NKASQY	CAVSGTGNQFYF					TRAV12-2*01		LLLGIGILV	HomoSapiens	37.965	32.411	47.718	41.227	59.873	53.379
DRG......SQS	IYS....NGD	NKASQY	CAVNAGNMLTF					TRAV12-2*01		LLLGIGILV	HomoSapiens	37.581	36.218	41.344	38.952	49.314	45.012
DRG......SQS	IYS....NGD	NKASQY	CAVNEDF					TRAV12-2*01		LLLGIGILV	HomoSapiens	34.724	30.301	42.416	37.061	54.457	47.987
TSG......FNG	NVL....DGL	SRSKGY	CAVAAISDGQKLLF					TRAV1-2*01		LLLGIGILV	HomoSapiens	91.590	85.376	105.600	96.725	121.170	113.041
TSDP.....SYG	QGSY..DQQN	QKARKS	CAMREGPSGTYKYIF					TRAV14/DV4*01		LLLGIGILV	HomoSapiens	107.139	98.727	122.825	112.454	138.982	130.443
VSG......LRG	LYSA...GEE	TK..KE	CAVQAGTGANNLFF					TRAV20*01		LLLGIGILV	HomoSapiens	98.567	92.364	106.397	100.745	116.984	111.136
TSI.......NN	IRSN...ERE	DTSKKS	CATEGASGYSTLTF					TRAV17*01		LLLGIGILV	HomoSapiens	76.810	56.146	102.413	84.239	123.040	111.559
DRG......SQS	IYS....NGD	NKASQY	CAAPQGGKLIF					TRAV12-2*01		LLLGIGILV	HomoSapiens	38.405	34.229	45.410	40.694	53.718	49.192
DRG......SQS	IYS....NGD	NKASQY	CAVGGGKLIF					TRAV12-2*01		LLLGIGILV	HomoSapiens	28.790	24.757	34.641	30.559	47.465	40.606
DRG......SQS	IYS....NGD	NKASQY	CAVQKLVF					TRAV12-2*01		LLLGIGILV	HomoSapiens	29.449	25.565	35.850	31.303	48.009	41.940
DRG......SQS	IYS....NGD	NKASQY	CAVPTGGFKTIF					TRAV12-2*01		LLLGIGILV	HomoSapiens	54.064	51.168	58.184	55.237	65.734	61.878
YGG......TVN	YFSG..DPLV	IKSKFS	CAVNAQGGTASKLTF					TRAV8-1*01		LLLGIGILV	HomoSapiens	119.611	112.254	127.824	121.663	138.351	132.648
DRG......SQS	IYS....NGD	NKASQY	CASPRGGADGLTF					TRAV12-2*01		LLLGIGILV	HomoSapiens	31.647	30.328	41.509	35.479	57.850	49.510
DRG......SQS	IYS....NGD	NKASQY	CASTLGGYNKLIF					TRAV12-2*01		LLLGIGILV	HomoSapiens	38.460	32.598	46.839	41.111	57.567	51.884
DRG......SQS	IYS....NGD	NKASQY	CAVNQGGKLIF					TRAV12-2*01		LLLGIGILV	HomoSapiens	34.339	30.477	41.015	36.503	50.575	45.561
DRG......SQS	IYS....NGD	NKASQY	CAVASYGQNFVF					TRAV12-2*01		LLLGIGILV	HomoSapiens	51.042	44.026	60.080	53.683	70.747	64.683
DRG......SQS	IYS....NGD	NKASQY	CAVSPWGQNFVF					TRAV12-2*01		LLLGIGILV	HomoSapiens	48.350	42.306	58.075	51.372	69.203	62.909
DRG......SQS	IYS....NGD	NKASQY	CAPDRIIF					TRAV12-2*01		LLLGIGILV	HomoSapiens	32.032	27.301	40.191	34.627	53.207	46.483
SSV......PPY	YTSA..ATLV	KKSETS	CAVSAAYSGGGADGLTF					TRAV8-4*01		LLLGIGILV	HomoSapiens	121.918	118.281	129.720	124.440	145.756	137.614
DRG......SQS	IYS....NGD	NKASQY	CAGGNAGGTSYGKLTF					TRAV12-2*01		LLLGIGILV	HomoSapiens	68.788	62.443	75.986	70.516	86.960	80.921
TISG.....TDY	GLT.....SN	AEDRKS	CILRPYSGGGADGLTF					TRAV26-2*01		LLLGIGILV	HomoSapiens	117.688	112.215	126.149	120.051	144.810	135.324
DRG......SQS	IYS....NGD	NKASQY	CAVSLSNFGNEKLTF					TRAV12-2*01		LLLGIGILV	HomoSapiens	33.955	29.317	45.081	37.844	65.560	55.340
NSA......FQY	TYS....SGN	DKSSKY	CALGGGADGLTF					TRAV12-3*01		LLLGIGILV	HomoSapiens	41.702	34.224	55.382	45.862	74.846	64.674
VSP......FSN	MTFS...ENT	DADTKQ	CVVTLGGYNKLIF					TRAV10*01		LLLGIGILV	HomoSapiens	90.436	80.914	103.485	94.310	117.081	109.730
SSV......PPY	YTSA..ATLV	KKSETS	CAVSGNAGGTSYGKLTF					TRAV8-4*01		LLLGIGILV	HomoSapiens	125.489	118.177	136.093	128.723	149.910	142.707
SSV......SVY	YLSG..STLV	NKSQTS	CAVSDQARGSTLGRLYF					TRAV8-6*01		LLLGIGILV	HomoSapiens	127.248	116.726	140.956	131.181	155.358	147.519
