cdr1.alpha	cdr2.alpha	cdr2.5.alpha	cdr3.alpha	cdr1.beta	cdr2.beta	cdr2.5.beta	cdr3.beta	v.alpha	v.beta	epitope.seq	species	GILGFVFTL_A_nbrdist5	GILGFVFTL_A_wtd_nbrdist5	GILGFVFTL_A_nbrdist10	GILGFVFTL_A_wtd_nbrdist10	GILGFVFTL_A_nbrdist25	GILGFVFTL_A_wtd_nbrdist25	GLCTLVAML_A_nbrdist5	GLCTLVAML_A_wtd_nbrdist5	GLCTLVAML_A_nbrdist10	GLCTLVAML_A_wtd_nbrdist10	GLCTLVAML_A_nbrdist25	GLCTLVAML_A_wtd_nbrdist25	NLVPMVATV_A_nbrdist5	NLVPMVATV_A_wtd_nbrdist5	NLVPMVATV_A_nbrdist10	NLVPMVATV_A_wtd_nbrdist10	NLVPMVATV_A_nbrdist25	NLVPMVATV_A_wtd_nbrdist25	PKYVKQNTLKLAT_A_nbrdist5	PKYVKQNTLKLAT_A_wtd_nbrdist5	PKYVKQNTLKLAT_A_nbrdist10	PKYVKQNTLKLAT_A_wtd_nbrdist10	PKYVKQNTLKLAT_A_nbrdist25	PKYVKQNTLKLAT_A_wtd_nbrdist25
TRDT.....TYY	RNSF..DEQN	QKSTSS	CALSDGYSGGGADGLTF	SGH.......NS	FNN....NVP	P.NASF	CASRPDGRETQYF	TRAV19*01	TRBV12-3*01	NLVPMVATV	HomoSapiens	101.434	100.116	115.874	107.603	142.257	129.981	96.040	96.040	96.040	96.040	124.748	115.178	78.294	78.294	87.480	83.096	129.927	111.401	67.158	60.373	80.381	72.726	119.332	101.482
TSG......FYG	NAL....DGL	SRSDSY	CAVRDQEGNTPLVF	SGH.......NS	FNN....NVP	P.NASF	CASSSVNEQYF	TRAV1-1*01	TRBV12-3*01	NLVPMVATV	HomoSapiens	89.429	72.825	117.721	101.271	139.125	127.430	126.314	126.314	126.314	126.314	136.753	133.273	0.000	0.000	14.197	4.732	75.804	49.454	95.692	88.385	107.871	100.265	124.878	116.911
VSG......NPY	YITG..DNLV	NKSQTS	CAVRDLNARLMF	SGH.......NS	FNN....NVP	P.NASF	CASSSVNEQYF	TRAV3*01	TRBV12-3*01	NLVPMVATV	HomoSapiens	82.469	73.173	101.581	90.201	122.676	112.015	122.138	122.138	122.138	122.138	127.357	125.618	7.829	5.220	47.394	33.266	86.404	68.233	62.635	57.415	83.861	73.124	107.066	96.401
TSG......FYG	NAL....DGL	SRSDSY	CAVRDQEGNTPLVF	DFQ......ATT	SNEG...SKA	A.SLTL	CSAREEGTQAWETQYF	TRAV1-1*01	TRBV20-1*01	NLVPMVATV	HomoSapiens	89.429	72.825	117.721	101.271	139.125	127.430	126.314	126.314	126.314	126.314	136.753	133.273	0.000	0.000	14.197	4.732	75.804	49.454	95.692	88.385	107.871	100.265	124.878	116.911
VSG......NPY	YITG..DNLV	NKSQTS	CAVRDLNARLMF	DFQ......ATT	SNEG...SKA	A.SLTL	CSAREEGTQAWETQYF	TRAV3*01	TRBV20-1*01	NLVPMVATV	HomoSapiens	82.469	73.173	101.581	90.201	122.676	112.015	122.138	122.138	122.138	122.138	127.357	125.618	7.829	5.220	47.394	33.266	86.404	68.233	62.635	57.415	83.861	73.124	107.066	96.401
TRDT.....TYY	RNSF..DEQN	QKSTSS	CALSGEGGSEKLVF	MGH.......DK	SYG....VNS	I.RTEH	CASSETGFGNQPQHF	TRAV19*01	TRBV25-1*01	NLVPMVATV	HomoSapiens	73.770	69.694	95.478	83.203	122.043	108.463	70.986	70.986	70.986	70.986	93.430	85.949	34.449	25.054	62.635	51.013	102.464	83.352	65.071	64.027	78.989	71.583	101.977	91.596
TRDT.....TYY	RNSF..DEQN	QKSTSS	CALSGQGGSEKLVF	MGH.......DK	SYG....VNS	I.RTEH	CASSQTGFGNQPQHF	TRAV19*01	TRBV25-1*01	NLVPMVATV	HomoSapiens	71.682	66.413	94.996	81.632	122.454	108.571	70.986	70.986	70.986	70.986	93.430	85.949	34.449	25.054	62.635	51.013	101.340	82.745	65.071	64.027	78.989	71.583	101.977	91.596
TRDT.....TYY	RNSF..DEQN	QKSTSS	CALSEGVFNDYKLSF	MDH.......EN	SYD....VKM	E.KKER	CASSPRQSNQPQHF	TRAV19*01	TRBV28*01	NLVPMVATV	HomoSapiens	88.385	84.308	102.464	94.055	130.394	117.090	91.864	91.864	91.864	91.864	103.869	99.868	74.640	73.422	79.964	77.946	112.984	96.855	70.638	66.810	84.731	77.399	109.676	97.184
NTA......FDY	IRPD...VSE	NKSAKQ	CAASRSNSGYALNF	LGH.......NA	YSL....EER	P.NSSH	CASSQDISRGQTLFGNSPLHF	TRAV23/DV6*01	TRBV4-3*01	NLVPMVATV	HomoSapiens	114.135	110.307	123.583	118.352	135.329	129.216	129.445	129.445	129.445	129.445	132.577	131.533	126.314	125.270	130.280	128.680	137.154	133.609	107.523	103.869	116.396	111.152	128.597	122.890
TSI.......NN	IRSN...ERE	DTSKKS	CATWNSWGKFQF	SGH.......TA	FQG....TGA	P.EGSV	CASSSETTSPLHF	TRAV17*01	TRBV7-3*01	NLVPMVATV	HomoSapiens	94.996	88.385	108.567	100.904	118.310	112.938	115.874	115.874	115.874	115.874	117.440	116.918	96.040	94.300	106.062	101.051	122.700	115.255	103.347	101.782	108.741	105.634	118.549	113.725
TISG.....TDY	GLT.....SN	AEDRKS	CILDNNNDMRF	SGH.......VS	FNY....EAQ	P.EGSI	CASSLAPGATNEKLFF	TRAV26-2*01	TRBV7-6*01	NLVPMVATV	HomoSapiens	89.429	81.226	106.158	96.774	123.245	114.836	99.172	99.172	99.172	99.172	111.177	107.175	0.000	0.000	53.866	34.519	93.711	74.760	107.175	103.521	114.309	110.058	123.508	119.213
TISG.....TDY	GLT.....SN	AEDRKS	CIRDNNNDMRF	SGH.......VS	FNY....EAQ	P.EGSI	CASSLAPGATNEKLFF	TRAV26-2*01	TRBV7-6*01	NLVPMVATV	HomoSapiens	89.429	81.226	106.158	96.774	123.245	114.836	99.172	99.172	99.172	99.172	111.177	107.175	0.000	0.000	53.866	34.519	93.711	74.760	107.175	103.521	114.309	110.058	123.508	119.213
TISG.....TDY	GLT.....SN	AEDRKS	CIKDNNNDMRF	SGH.......VS	FNY....EAQ	P.EGSI	CASSLAPGTTNEKLFF	TRAV26-2*01	TRBV7-6*01	NLVPMVATV	HomoSapiens	89.429	81.226	106.158	96.774	123.245	114.836	99.172	99.172	99.172	99.172	111.177	107.175	0.000	0.000	53.866	34.519	93.711	74.760	107.175	103.521	114.309	110.058	123.508	119.213
DSA......IYN	IQSS...QRE	DKSSGR	CAVSGYSTLTF	SGH.......NS	FNN....NVP	P.NASF	CASSQLGGISNQPQHF	TRAV21*01	TRBV12-3*01	GILGFVFTL	HomoSapiens	107.523	103.894	113.546	109.714	122.073	117.421	108.567	108.567	108.567	108.567	116.918	114.135	74.118	72.030	85.601	80.799	108.969	98.874	92.908	86.123	100.216	95.145	113.069	106.356
TSI.......NN	IRSN...ERE	DTSKKS	CATDRDDKIIF	LNH.......DA	SQI....VND	E.KKES	CASSIDGNVAPLHF	TRAV17*01	TRBV19*01	GILGFVFTL	HomoSapiens	95.692	92.262	107.122	100.870	121.355	113.822	89.777	89.777	89.777	89.777	101.782	97.780	80.903	77.598	93.952	88.663	110.976	102.934	87.341	84.731	95.170	90.274	111.046	104.207
TTS.......DR	LLSN...GAV	DTKARL	CAVDMFDRGSTLGRLYF	LNH.......DA	SQI....VND	E.KKES	CASSIFGGAREQFF	TRAV39*01	TRBV19*01	GILGFVFTL	HomoSapiens	136.231	130.937	145.425	140.091	152.444	148.542	161.807	161.807	161.807	161.807	164.416	163.546	96.040	95.344	123.182	111.768	148.236	136.328	111.699	105.435	133.447	121.939	153.847	144.091
TTL.......SN	LVKS...GEV	GEAKKN	CAGTYGGSQGNLIF	LNH.......DA	SQI....VND	E.KKES	CASSIRSLDIQYF	TRAV25*01	TRBV19*01	GILGFVFTL	HomoSapiens	11.483	10.887	18.630	13.456	45.900	32.389	145.104	145.104	145.104	145.104	146.670	146.148	121.094	119.702	131.951	127.705	140.447	136.340	88.037	84.035	97.084	91.467	117.506	107.730
SVF.......SS	VVTG...GEV	GDARKD	CAGGGSQGNLIF	LNH.......DA	SQI....VND	E.KKES	CASSIRSSYEQYF	TRAV27*01	TRBV19*01	GILGFVFTL	HomoSapiens	0.000	0.000	7.066	1.698	35.330	21.497	138.841	138.841	138.841	138.841	139.362	139.188	93.952	91.864	109.193	101.816	125.029	117.767	56.023	52.718	85.601	71.632	113.265	99.878
NSM......FDY	ISSI...KDK	NKSAKH	CAASAGGGSQGNLIF	LNH.......DA	SQI....VND	E.KKES	CASSIRSSYEQYF	TRAV29/DV5*01	TRBV19*01	GILGFVFTL	HomoSapiens	71.856	67.755	78.053	73.831	88.602	83.472	109.611	109.611	109.611	109.611	127.879	121.790	119.006	119.006	128.819	125.270	139.001	133.747	90.820	88.037	99.172	94.449	112.090	105.466
TSI.......NN	IRSN...ERE	DTSKKS	CATDGGGGSQGNLIF	LNH.......DA	SQI....VND	E.KKES	CASSIRSTDTQYF	TRAV17*01	TRBV19*01	GILGFVFTL	HomoSapiens	45.584	31.218	63.679	52.574	75.716	68.578	140.928	140.928	140.928	140.928	141.450	141.276	110.133	106.827	120.676	116.083	135.307	128.241	82.121	77.598	92.734	85.651	119.006	107.807
SVF.......SS	VVTG...GEV	GDARKD	CAVTYSGAGSYQLTF	LNH.......DA	SQI....VND	E.KKES	CASSIRSTDTQYF	TRAV27*01	TRBV19*01	GILGFVFTL	HomoSapiens	73.074	62.635	80.943	75.162	91.603	85.514	149.280	149.280	149.280	149.280	150.324	149.976	25.054	16.703	82.052	60.477	121.736	102.648	94.648	91.690	107.523	100.265	132.512	121.332
SVF.......SS	VVTG...GEV	GDARKD	CAGADGGSQGNLIF	LNH.......DA	SQI....VND	E.KKES	CASSIRSTGELFF	TRAV27*01	TRBV19*01	GILGFVFTL	HomoSapiens	8.351	5.965	14.053	9.992	37.287	27.021	153.455	153.455	153.455	153.455	155.021	154.499	114.831	112.743	123.182	119.563	136.753	130.914	73.770	68.202	81.947	76.554	115.483	101.206
SVF.......SS	VVTG...GEV	GDARKD	CAGAGGGSQGNLIF	LNH.......DA	SQI....VND	E.KKES	CASSIRSTGELFF	TRAV27*01	TRBV19*01	GILGFVFTL	HomoSapiens	4.176	1.790	11.644	6.906	31.350	21.722	153.455	153.455	153.455	153.455	156.065	155.195	108.567	108.567	123.808	117.962	140.045	132.703	65.419	61.939	79.859	71.781	114.504	99.893
TISG.....TDY	GLT.....SN	AEDRKS	CILPLAGGTSYGKLTF	LNH.......DA	SQI....VND	E.KKES	CASSISSINEQFF	TRAV26-2*01	TRBV19*01	GILGFVFTL	HomoSapiens	86.645	72.477	104.713	92.713	128.630	116.252	88.733	88.733	88.733	88.733	105.435	99.868	0.000	0.000	44.262	22.131	99.654	73.005	104.739	101.260	111.351	107.324	131.794	122.123
SIF.......NT	LYKA...GEL	GITRKD	CAGQLAGGSQGNLIF	LNH.......DA	SQI....VND	E.KKES	CASSISSINEQFF	TRAV35*01	TRBV19*01	GILGFVFTL	HomoSapiens	50.978	40.464	65.204	56.291	77.250	70.183	139.884	139.884	139.884	139.884	148.236	145.452	99.694	90.473	117.127	109.193	140.125	129.606	103.695	98.476	112.743	107.026	132.642	122.929
TSG......FNG	NVL....DGL	SRSKGY	CAPYTSGSSNTGKLIF	LNH.......DA	SQI....VND	E.KKES	CASSMGQGTYEQYF	TRAV1-2*01	TRBV19*01	GILGFVFTL	HomoSapiens	111.003	109.213	113.064	111.768	132.316	123.055	127.357	127.357	127.357	127.357	132.055	130.489	92.908	92.908	112.951	104.809	128.803	120.704	102.652	101.434	111.003	105.932	130.620	121.984
SVF.......SS	VVTG...GEV	GDARKD	CAGDGSQGNLIF	LNH.......DA	SQI....VND	E.KKES	CASSMRSSYEQYF	TRAV27*01	TRBV19*01	GILGFVFTL	HomoSapiens	12.527	12.527	16.542	13.353	40.354	28.288	132.577	132.577	132.577	132.577	136.231	135.013	93.952	91.864	109.611	103.556	122.299	115.966	58.111	56.893	84.035	71.682	112.547	99.579
TTL.......SN	LVKS...GEV	GEAKKN	CAGGHGGSQGNLIF	LNH.......DA	SQI....VND	E.KKES	CASSMRSTDTQYF	TRAV25*01	TRBV19*01	GILGFVFTL	HomoSapiens	18.790	18.790	23.448	19.892	46.422	35.270	141.972	141.972	141.972	141.972	145.626	144.408	122.660	118.310	131.951	127.636	142.053	136.936	90.125	87.167	97.432	93.057	118.745	108.721
TSG......FYG	NAL....DGL	SRSDSY	CAVRDQEGNTPLVF	LNH.......DA	SQI....VND	E.KKES	CASSNRASEKLFF	TRAV1-1*01	TRBV19*01	GILGFVFTL	HomoSapiens	111.699	104.739	129.044	119.706	143.473	135.394	126.314	126.314	126.314	126.314	136.753	133.273	0.000	0.000	0.000	0.000	65.927	38.625	95.692	88.385	107.871	100.265	124.878	116.911
NSA......SDY	IRSN...MDK	NKTVKH	CAENGGGGSQGNLIF	LNH.......DA	SQI....VND	E.KKES	CASSNRASEKLFF	TRAV13-2*01	TRBV19*01	GILGFVFTL	HomoSapiens	54.110	51.201	68.657	60.604	83.448	75.308	126.314	126.314	126.314	126.314	138.319	134.317	122.660	120.746	126.731	124.991	137.797	132.428	73.770	70.986	84.209	78.542	109.872	98.512
DRG......SQS	IYS....NGD	NKASQY	CAVNMGGGSQGNLIF	LNH.......DA	SQI....VND	E.KKES	CASSSRASYEQYF	TRAV12-2*01	TRBV19*01	GILGFVFTL	HomoSapiens	52.544	40.564	70.023	59.331	85.112	76.639	96.040	96.040	96.040	96.040	108.045	104.043	83.513	80.729	115.874	104.461	138.038	127.988	73.422	65.419	86.471	77.995	108.763	98.550
SVF.......SS	VVTG...GEV	GDARKD	CAGPSGANNLFF	LNH.......DA	SQI....VND	E.KKES	CASSSRASYEQYF	TRAV27*01	TRBV19*01	GILGFVFTL	HomoSapiens	62.635	62.635	62.635	62.635	67.235	64.598	124.226	124.226	124.226	124.226	130.489	128.401	104.913	102.304	114.622	110.655	123.503	118.582	54.979	44.714	80.729	65.269	113.917	98.926
SVF.......SS	VVTG...GEV	GDARKD	CAGAGGGSQGNLIF	LNH.......DA	SQI....VND	E.KKES	CASSSRSTGELFF	TRAV27*01	TRBV19*01	GILGFVFTL	HomoSapiens	4.176	1.790	11.644	6.906	31.350	21.722	153.455	153.455	153.455	153.455	156.065	155.195	108.567	108.567	123.808	117.962	140.045	132.703	65.419	61.939	79.859	71.781	114.504	99.893
DRG......SQS	IYS....NGD	NKASQY	CAVNGGGGSQGNLIF	LNH.......DA	SQI....VND	E.KKES	CASSTRAANEQFF	TRAV12-2*01	TRBV19*01	GILGFVFTL	HomoSapiens	45.236	36.090	63.759	52.918	80.316	71.196	96.040	96.040	96.040	96.040	108.045	104.043	83.513	80.729	115.874	104.461	138.439	128.321	74.466	66.115	86.993	78.641	109.089	99.003
SVF.......SS	VVTG...GEV	GDARKD	CAGAGGGSQGNLIF	LNH.......DA	SQI....VND	E.KKES	CASSTRSSSEQYF	TRAV27*01	TRBV19*01	GILGFVFTL	HomoSapiens	4.176	1.790	11.644	6.906	31.350	21.722	153.455	153.455	153.455	153.455	156.065	155.195	108.567	108.567	123.808	117.962	140.045	132.703	65.419	61.939	79.859	71.781	114.504	99.893
TSI.......NN	IRSN...ERE	DTSKKS	CATDGGGGSQGNLIF	DFQ......ATT	SNEG...SKA	A.SLTL	CSASGGRQRTEAFF	TRAV17*01	TRBV20-1*01	GILGFVFTL	HomoSapiens	45.584	31.218	63.679	52.574	75.716	68.578	140.928	140.928	140.928	140.928	141.450	141.276	110.133	106.827	120.676	116.083	135.307	128.241	82.121	77.598	92.734	85.651	119.006	107.807
TRDT.....TYY	RNSF..DEQN	QKSTSS	CALLYNNNDMRF	MNH.......EY	SMN....VEV	K.EKRN	CASRSPQETQYF	TRAV19*01	TRBV27*01	GILGFVFTL	HomoSapiens	87.515	78.144	106.961	95.524	129.054	117.476	83.513	83.513	83.513	83.513	103.347	96.736	69.420	60.895	85.392	78.154	100.457	91.910	89.777	87.863	97.954	93.505	119.528	109.918
SIF.......NT	LYKA...GEL	GITRKD	CAGQLAGGSQGNLIF	LGH.......NA	YSL....EER	P.NSSH	CASSQERGGKWAYEQYF	TRAV35*01	TRBV4-3*01	GILGFVFTL	HomoSapiens	50.978	40.464	65.204	56.291	77.250	70.183	139.884	139.884	139.884	139.884	148.236	145.452	99.694	90.473	117.127	109.193	140.125	129.606	103.695	98.476	112.743	107.026	132.642	122.929
DRG......SQS	IYS....NGD	NKASQY	CAVGGSQGNLIF	MNH.......EY	SVG....AGI	S.TTED	CASMVGQGTGELFF	TRAV12-2*01	TRBV6-5*01	GILGFVFTL	HomoSapiens	61.939	59.801	64.000	62.623	80.251	70.583	83.513	83.513	83.513	83.513	103.869	97.084	83.513	80.729	103.974	96.110	121.495	112.995	74.466	73.422	85.949	79.636	103.543	95.426
SVF.......SS	VVTG...GEV	GDARKD	CAGGGSQGNLIF	MNH.......EY	SVG....AGI	S.TTED	CASSYGTGSSEQYF	TRAV27*01	TRBV6-5*01	GILGFVFTL	HomoSapiens	0.000	0.000	7.066	1.698	35.330	21.497	138.841	138.841	138.841	138.841	139.362	139.188	93.952	91.864	109.193	101.816	125.029	117.767	56.023	52.718	85.601	71.632	113.265	99.878
DSA......SNY	IRSN...VGE	NKTAKH	CAASINRMDNDMRF	DFQ......ATT	SNEG...SKA	A.SLTL	CSAFDREGVDGYTF	TRAV13-1*01	TRBV20-1*01	NLVPMVATV	HomoSapiens	104.565	99.768	118.605	110.965	135.487	126.464	128.401	128.401	128.401	128.401	129.967	129.445	114.831	113.091	118.589	116.779	130.891	124.570	105.087	103.869	114.657	109.760	128.662	122.138
TSG......FNG	NVL....DGL	SRSKGY	CAVRDSNYQLIW	MNH.......EY	SVG....EGT	L.KKQN	CASSDRETYEQYF	TRAV1-2*01	TRBV6-2*01	NLVPMVATV	HomoSapiens	89.777	78.741	107.603	97.073	121.379	114.157	113.787	113.787	113.787	113.787	119.528	117.614	39.147	30.273	58.250	50.108	82.148	69.013	83.513	81.077	93.430	87.589	108.241	101.367
TSG......FNG	NVL....DGL	SRSKGY	CAVMDSNYQLIW	MNH.......EY	SVG....EGT	L.KKQN	CASSYSSSTGELFF	TRAV1-2*01	TRBV6-2*01	NLVPMVATV	HomoSapiens	94.648	84.308	111.137	101.317	123.150	116.781	125.270	125.270	125.270	125.270	125.270	125.270	45.410	34.449	68.272	58.459	92.346	79.395	87.689	86.471	97.084	91.516	112.612	105.735
VSG......NPY	YITG..DNLV	NKSQTS	CAVRGQTGFQKLVF	SGH.......VS	FNY....EAQ	P.EGSI	CASSYFRDRVGDQPQHF	TRAV3*01	TRBV7-6*01	NLVPMVATV	HomoSapiens	88.211	79.785	107.523	96.132	128.275	117.640	135.709	135.709	135.709	135.709	137.275	136.753	65.767	64.375	70.151	68.411	103.107	89.903	64.723	63.679	82.121	73.969	105.957	94.727
DRG......SQS	IYS....NGD	NKASQY	CAVIYGNQFYF	MNH.......EY	SMN....VEV	K.EKRN	CASSLWVGGSSGANVLTF	TRAV12-2*01	TRBV27*01	GLCTLVAML	HomoSapiens	78.815	68.650	96.120	85.635	117.994	106.714	123.182	123.182	123.182	123.182	123.182	123.182	69.420	68.898	94.787	84.279	118.123	107.466	78.989	75.684	88.559	82.718	107.197	98.504
ATG......YPS	ATKA...DDK	RKETTS	CALYNTDKLIF	LGH.......DT	YNN....KEL	P.DKAH	CASSPTSGSVYEQYF	TRAV9-2*01	TRBV3-1*01	GLCTLVAML	HomoSapiens	103.695	97.780	113.305	107.236	127.579	120.556	120.050	120.050	120.050	120.050	120.050	120.050	85.601	81.077	106.479	98.406	117.159	111.664	81.773	77.424	90.473	85.303	107.915	99.663
TSDP.....SYG	QGSY..DQQN	QKARKS	CAMREQEDSNYQLIW	MNH.......NS	SAS....EGT	L.NKRE	CASSEESYLMNTEAFF	TRAV14/DV4*01	TRBV6-1*01	GLCTLVAML	HomoSapiens	82.121	71.583	103.910	91.555	130.299	116.598	141.972	141.972	141.972	141.972	141.972	141.972	87.689	78.989	107.941	98.754	120.291	113.936	76.902	71.682	89.603	82.072	116.070	104.138
TSES.....DYY	QEAY..KQQN	QKAAKS	CAYSSGAGGTSYGKLTF	SGH.......NS	FNN....NVP	P.NASF	CASSFGVYEQYF	TRAV38-2/DV8*01	TRBV12-3*01	GILGFVFTL	HomoSapiens	66.463	53.240	93.470	78.018	125.726	109.631	84.557	84.557	84.557	84.557	111.699	102.652	111.699	111.699	121.303	116.222	135.950	129.170	92.212	90.994	101.260	95.792	126.248	114.984
DRG......SQS	IYS....NGD	NKASQY	CALALGGGSQGNLIF	LNH.......DA	SQI....VND	E.KKES	CASSGRATDTQYF	TRAV12-2*01	TRBV19*01	GILGFVFTL	HomoSapiens	56.545	45.385	70.906	61.637	83.709	76.067	96.040	96.040	96.040	96.040	108.045	104.043	96.040	93.256	120.885	111.977	138.439	129.973	80.729	73.422	92.212	85.104	113.134	103.747
TRDT.....TYY	RNSF..DEQN	QKSTSS	CALSNQGGKLIF	LNH.......DA	SQI....VND	E.KKES	CASSGRSGIEQYF	TRAV19*01	TRBV19*01	GILGFVFTL	HomoSapiens	66.636	50.655	90.580	76.057	112.449	100.388	70.986	70.986	70.986	70.986	93.952	86.297	57.415	56.371	66.810	63.052	93.149	80.703	77.250	74.292	82.643	79.139	104.000	94.213
TSI.......NN	IRSN...ERE	DTSKKS	CATDGGGGSQGNLIF	LNH.......DA	SQI....VND	E.KKES	CASSGRSTDTQYF	TRAV17*01	TRBV19*01	GILGFVFTL	HomoSapiens	45.584	31.218	63.679	52.574	75.716	68.578	140.928	140.928	140.928	140.928	141.450	141.276	110.133	106.827	120.676	116.083	135.307	128.241	82.121	77.598	92.734	85.651	119.006	107.807
SVF.......SS	VVTG...GEV	GDARKD	CAGAGGGSQGNLIF	LNH.......DA	SQI....VND	E.KKES	CASSGRSTDTQYF	TRAV27*01	TRBV19*01	GILGFVFTL	HomoSapiens	4.176	1.790	11.644	6.906	31.350	21.722	153.455	153.455	153.455	153.455	156.065	155.195	108.567	108.567	123.808	117.962	140.045	132.703	65.419	61.939	79.859	71.781	114.504	99.893
SVF.......SS	VVTG...GEV	GDARKD	CAGAHGGSQGNLIF	LNH.......DA	SQI....VND	E.KKES	CASSGRSTDTQYF	TRAV27*01	TRBV19*01	GILGFVFTL	HomoSapiens	10.961	9.992	15.016	11.999	36.080	26.519	146.148	146.148	146.148	146.148	146.670	146.496	111.699	108.567	124.435	118.797	139.884	132.979	71.682	67.158	82.991	75.957	117.310	102.511
DSV.......NN	IPS.....GT	VATERY	CAVERESDSWGKLQF	LNH.......DA	SQI....VND	E.KKES	CASSIFASGNTQYF	TRAV22*01	TRBV19*01	GILGFVFTL	HomoSapiens	124.574	122.337	129.445	126.382	135.122	132.229	75.162	75.162	75.162	75.162	103.347	93.952	106.479	105.435	115.666	110.794	134.263	126.222	121.790	120.398	125.270	123.033	133.817	130.021
VGI.......SA	LSS.....GK	NIQEKH	CAVLEWGTKETSGSRL	LNH.......DA	SQI....VND	E.KKES	CASSIFSGQPQHF	TRAV41*01	TRBV19*01	GILGFVFTL	HomoSapiens	152.759	144.010	164.617	157.172	174.040	168.817	152.411	152.411	152.411	152.411	158.153	156.239	161.285	160.067	167.861	165.008	173.852	170.881	130.141	121.616	148.236	137.896	163.438	156.034
TRDT.....TYY	RNSF..DEQN	QKSTSS	CAPGFYF	LNH.......DA	SQI....VND	E.KKES	CASSIHGADTQYF	TRAV19*01	TRBV19*01	GILGFVFTL	HomoSapiens	76.554	70.787	93.230	83.892	113.852	102.835	75.162	75.162	75.162	75.162	96.040	89.081	75.162	72.378	81.843	78.502	102.946	93.230	79.337	74.466	86.993	81.922	106.218	97.030
TSDP.....SYG	QGSY..DQQN	QKARKS	CAMREVSMDSNYQLIW	LNH.......DA	SQI....VND	E.KKES	CASSIHGAETQYF	TRAV14/DV4*01	TRBV19*01	GILGFVFTL	HomoSapiens	100.738	92.511	120.130	109.255	141.157	129.285	33.405	33.405	33.405	33.405	91.864	72.378	89.255	78.641	113.160	102.234	130.971	122.253	79.337	76.728	92.908	85.452	122.595	109.565
TTL.......SN	LVKS...GEV	GEAKKN	CAGPIDGGSQGNLIF	LNH.......DA	SQI....VND	E.KKES	CASSILSNQPQHF	TRAV25*01	TRBV19*01	GILGFVFTL	HomoSapiens	45.932	45.932	46.414	46.001	64.723	56.395	155.543	155.543	155.543	155.543	157.631	156.935	126.836	125.270	130.072	128.541	140.687	134.906	105.435	103.695	113.091	108.965	130.098	121.923
SVF.......SS	VVTG...GEV	GDARKD	CAGAIGSSNTGKLIF	LNH.......DA	SQI....VND	E.KKES	CASSIRAAYEQYF	TRAV27*01	TRBV19*01	GILGFVFTL	HomoSapiens	10.439	9.246	21.601	13.479	53.925	38.198	141.972	141.972	141.972	141.972	148.758	146.496	109.611	107.523	122.973	117.197	139.162	131.981	76.902	74.988	96.562	85.601	126.836	113.802
NSA......FQY	TYS....SGN	DKSSKY	CAMGGSGGSQGNLIF	LNH.......DA	SQI....VND	E.KKES	CASSIRASNEQFF	TRAV12-3*01	TRBV19*01	GILGFVFTL	HomoSapiens	72.030	69.495	78.615	74.795	90.233	84.561	80.381	80.381	80.381	80.381	98.650	92.560	124.748	123.182	129.445	127.357	137.797	133.988	82.469	79.163	88.037	84.458	101.716	94.060
SVF.......SS	VVTG...GEV	GDARKD	CAGALGSSNTGKLIF	LNH.......DA	SQI....VND	E.KKES	CASSIRSAYEQFF	TRAV27*01	TRBV19*01	GILGFVFTL	HomoSapiens	9.395	7.457	21.119	12.584	53.435	37.678	141.972	141.972	141.972	141.972	148.758	146.496	109.611	107.523	122.138	116.083	137.716	130.260	76.902	74.988	96.562	85.601	126.901	113.810
SVF.......SS	VVTG...GEV	GDARKD	CAGGGSQGNLIF	LNH.......DA	SQI....VND	E.KKES	CASSIRSAYEQFF	TRAV27*01	TRBV19*01	GILGFVFTL	HomoSapiens	0.000	0.000	7.066	1.698	35.330	21.497	138.841	138.841	138.841	138.841	139.362	139.188	93.952	91.864	109.193	101.816	125.029	117.767	56.023	52.718	85.601	71.632	113.265	99.878
TISG.....TDY	GLT.....SN	AEDRKS	CILPLAGGTSYGKLTF	LNH.......DA	SQI....VND	E.KKES	CASSIRSAYEQYF	TRAV26-2*01	TRBV19*01	GILGFVFTL	HomoSapiens	86.645	72.477	104.713	92.713	128.630	116.252	88.733	88.733	88.733	88.733	105.435	99.868	0.000	0.000	44.262	22.131	99.654	73.005	104.739	101.260	111.351	107.324	131.794	122.123
SVF.......SS	VVTG...GEV	GDARKD	CAGADSSSNTGKLIF	LNH.......DA	SQI....VND	E.KKES	CASSIRSAYEQYF	TRAV27*01	TRBV19*01	GILGFVFTL	HomoSapiens	25.054	25.054	31.237	26.488	57.611	45.841	138.841	138.841	138.841	138.841	144.060	142.320	97.084	94.996	116.710	109.263	133.621	125.591	84.209	82.991	98.128	91.019	128.010	115.322
SVF.......SS	VVTG...GEV	GDARKD	CAGALGSSNTGKLIF	LNH.......DA	SQI....VND	E.KKES	CASSIRSAYEQYF	TRAV27*01	TRBV19*01	GILGFVFTL	HomoSapiens	9.395	7.457	21.119	12.584	53.435	37.678	141.972	141.972	141.972	141.972	148.758	146.496	109.611	107.523	122.138	116.083	137.716	130.260	76.902	74.988	96.562	85.601	126.901	113.810
SVF.......SS	VVTG...GEV	GDARKD	CAGARGSSNTGKLIF	LNH.......DA	SQI....VND	E.KKES	CASSIRSAYEQYF	TRAV27*01	TRBV19*01	GILGFVFTL	HomoSapiens	12.527	12.527	22.565	15.200	54.512	39.032	141.972	141.972	141.972	141.972	145.104	144.060	109.611	107.523	124.852	118.658	141.330	134.011	76.902	74.988	95.866	85.402	125.335	112.482
SVF.......SS	VVTG...GEV	GDARKD	CAGASGSGNTGKLIF	LNH.......DA	SQI....VND	E.KKES	CASSIRSAYEQYF	TRAV27*01	TRBV19*01	GILGFVFTL	HomoSapiens	19.834	17.448	28.266	22.301	51.380	38.864	141.972	141.972	141.972	141.972	145.626	144.408	112.743	110.655	121.720	117.197	138.439	130.925	75.858	73.944	96.910	86.297	123.639	111.315
SVF.......SS	VVTG...GEV	GDARKD	CAGASGSSNTGKLIF	LNH.......DA	SQI....VND	E.KKES	CASSIRSAYEQYF	TRAV27*01	TRBV19*01	GILGFVFTL	HomoSapiens	9.395	7.606	20.156	12.068	53.142	37.191	141.972	141.972	141.972	141.972	144.060	143.364	109.611	107.523	124.017	117.962	139.965	132.749	75.858	73.944	93.604	83.563	124.552	111.100
SVF.......SS	VVTG...GEV	GDARKD	CAGAYGSSNTGKLIF	LNH.......DA	SQI....VND	E.KKES	CASSIRSAYEQYF	TRAV27*01	TRBV19*01	GILGFVFTL	HomoSapiens	10.961	9.843	20.798	13.628	53.435	37.638	135.709	135.709	135.709	135.709	140.928	139.188	103.347	99.172	123.599	114.900	140.045	132.359	76.902	74.988	95.692	85.352	126.118	112.896
SVF.......SS	VVTG...GEV	GDARKD	CAGGGSQGNLIF	LNH.......DA	SQI....VND	E.KKES	CASSIRSAYEQYF	TRAV27*01	TRBV19*01	GILGFVFTL	HomoSapiens	0.000	0.000	7.066	1.698	35.330	21.497	138.841	138.841	138.841	138.841	139.362	139.188	93.952	91.864	109.193	101.816	125.029	117.767	56.023	52.718	85.601	71.632	113.265	99.878
TTL.......SN	LVKS...GEV	GEAKKN	CAGSYGGSQGNLIF	LNH.......DA	SQI....VND	E.KKES	CASSIRSMDIQYF	TRAV25*01	TRBV19*01	GILGFVFTL	HomoSapiens	7.829	6.711	15.739	10.187	43.616	29.536	145.104	145.104	145.104	145.104	146.670	146.148	125.792	125.618	133.621	130.628	139.483	136.592	86.993	82.991	96.040	90.274	115.679	106.134
SIF.......NT	LYKA...GEL	GITRKD	CAGAHGGSQGNLIF	LNH.......DA	SQI....VND	E.KKES	CASSIRSSDTQYF	TRAV35*01	TRBV19*01	GILGFVFTL	HomoSapiens	42.974	41.061	45.129	43.764	57.513	50.657	141.972	141.972	141.972	141.972	146.670	145.104	113.265	106.479	131.742	123.391	144.783	138.278	85.253	81.077	99.868	91.715	123.900	112.643
TISG.....NEY	GLK.....NN	TEDRKS	CTDNARLMF	LNH.......DA	SQI....VND	E.KKES	CASSIRSSYEQYF	TRAV26-1*01	TRBV19*01	GILGFVFTL	HomoSapiens	92.386	80.481	106.881	97.497	119.626	112.561	69.942	69.942	69.942	69.942	94.474	86.297	74.118	73.770	78.711	75.788	101.019	91.440	86.993	85.079	93.778	90.025	107.066	100.845
TISG.....NEY	GLK.....NN	TEDRKS	CTDNARLMFT	LNH.......DA	SQI....VND	E.KKES	CASSIRSSYEQYF	TRAV26-1*01	TRBV19*01	GILGFVFTL	HomoSapiens	103.521	90.522	119.167	109.095	131.109	124.416	86.645	86.645	86.645	86.645	111.177	102.999	73.074	73.074	82.887	77.458	110.253	98.633	97.084	95.866	105.087	100.763	119.985	112.919
TISG.....TDY	GLT.....SN	AEDRKS	CILDLMEYGNKLVF	LNH.......DA	SQI....VND	E.KKES	CASSIRSSYEQYF	TRAV26-2*01	TRBV19*01	GILGFVFTL	HomoSapiens	101.782	95.493	118.364	109.577	136.557	127.183	80.381	80.381	80.381	80.381	110.655	100.564	68.898	68.898	75.162	71.543	103.829	88.939	99.868	96.736	111.525	105.336	128.989	121.056
SVF.......SS	VVTG...GEV	GDARKD	CAAGGSQGNLIF	LNH.......DA	SQI....VND	E.KKES	CASSIRSSYEQYF	TRAV27*01	TRBV19*01	GILGFVFTL	HomoSapiens	0.000	0.000	7.066	1.698	35.330	21.497	138.841	138.841	138.841	138.841	139.362	139.188	93.952	91.864	109.193	101.816	125.029	117.767	56.023	52.718	85.601	71.632	113.265	99.878
SVF.......SS	VVTG...GEV	GDARKD	CAGAFGSSNTGKLIF	LNH.......DA	SQI....VND	E.KKES	CASSIRSSYEQYF	TRAV27*01	TRBV19*01	GILGFVFTL	HomoSapiens	10.961	9.843	21.119	13.709	53.925	38.099	141.972	141.972	141.972	141.972	145.626	144.408	104.913	101.260	123.808	115.805	139.965	132.359	76.902	74.988	96.214	85.502	126.314	113.150
SVF.......SS	VVTG...GEV	GDARKD	CAGEGGGSQGNLIF	LNH.......DA	SQI....VND	E.KKES	CASSIRSSYEQYF	TRAV27*01	TRBV19*01	GILGFVFTL	HomoSapiens	14.615	13.123	21.521	17.758	35.428	28.055	146.148	146.148	146.148	146.148	149.802	148.584	114.831	112.743	125.061	120.050	139.001	132.921	65.419	61.939	77.772	70.588	114.048	98.857
NYS......PAY	IREN...EKE	DTTLKQ	CAPYNFNKFYF	LNH.......DA	SQI....VND	E.KKES	CASSIRSSYEQYF	TRAV6*01	TRBV19*01	GILGFVFTL	HomoSapiens	106.305	98.923	118.283	110.724	133.980	125.440	109.611	109.611	109.611	109.611	113.265	112.047	92.386	89.081	107.106	100.703	120.050	113.236	109.263	109.089	114.483	111.550	124.421	120.050
SSV......SVY	YLSG..STLV	NKSQTS	CAVGGSQGNLIF	LNH.......DA	SQI....VND	E.KKES	CASSIRSSYEQYF	TRAV8-6*01	TRBV19*01	GILGFVFTL	HomoSapiens	57.067	50.356	62.314	58.517	85.046	73.406	134.665	134.665	134.665	134.665	135.709	135.361	100.738	99.520	103.765	102.234	116.838	110.150	103.695	100.912	109.785	106.181	119.202	114.662
TTL.......SN	LVKS...GEV	GEAKKN	CAANYGGSQGNLIF	LNH.......DA	SQI....VND	E.KKES	CASSIRSTDTQYF	TRAV25*01	TRBV19*01	GILGFVFTL	HomoSapiens	1.566	0.447	13.812	6.229	43.714	28.866	145.104	145.104	145.104	145.104	146.670	146.148	127.357	126.662	132.159	130.211	139.001	135.674	82.817	79.337	93.604	87.639	115.809	105.527
TTL.......SN	LVKS...GEV	GEAKKN	CAGNYGGSQGNLIF	LNH.......DA	SQI....VND	E.KKES	CASSIRSTDTQYF	TRAV25*01	TRBV19*01	GILGFVFTL	HomoSapiens	1.566	0.447	13.812	6.229	43.714	28.866	145.104	145.104	145.104	145.104	146.670	146.148	127.357	126.662	132.159	130.211	139.001	135.674	82.817	79.337	93.604	87.639	115.809	105.527
TTL.......SN	LVKS...GEV	GEAKKN	CAGQYGGSQGNLIF	LNH.......DA	SQI....VND	E.KKES	CASSIRSTDTQYF	TRAV25*01	TRBV19*01	GILGFVFTL	HomoSapiens	12.527	12.527	18.148	13.835	45.280	32.069	141.972	141.972	141.972	141.972	143.538	143.016	124.226	123.878	131.951	128.541	139.724	136.019	82.817	76.728	91.864	85.750	117.375	105.604
SVF.......SS	VVTG...GEV	GDARKD	CAGSHGGSQGNLIF	LNH.......DA	SQI....VND	E.KKES	CASSIRSTDTQYF	TRAV27*01	TRBV19*01	GILGFVFTL	HomoSapiens	18.790	16.852	22.243	19.720	38.038	30.550	146.148	146.148	146.148	146.148	146.670	146.496	113.265	108.567	125.061	119.841	138.198	131.820	74.814	71.856	84.035	78.244	114.831	101.352
DRG......SQS	IYS....NGD	NKASQY	CAVNRPMNYGGATNKLIF	LNH.......DA	SQI....VND	E.KKES	CASSIYGLSSYNEQFF	TRAV12-2*01	TRBV19*01	GILGFVFTL	HomoSapiens	105.087	102.154	124.065	113.420	149.051	136.480	117.962	117.962	117.962	117.962	129.967	125.966	116.396	114.135	139.258	129.793	158.032	149.211	117.266	114.831	124.748	120.299	140.211	133.329
TSDP.....SYG	QGSY..DQQN	QKARKS	CAMRGDAGGTSYGKLTF	LNH.......DA	SQI....VND	E.KKES	CASSIYSNQPQHF	TRAV14/DV4*01	TRBV19*01	GILGFVFTL	HomoSapiens	66.463	52.096	97.004	78.867	128.662	111.873	101.260	101.260	101.260	101.260	106.479	104.739	103.347	101.260	111.490	106.897	130.650	121.977	81.425	78.120	88.907	84.408	117.701	103.762
SVF.......SS	VVTG...GEV	GDARKD	CAGPLSGGSQGNLIF	LNH.......DA	SQI....VND	E.KKES	CASSIYSNQPQHF	TRAV27*01	TRBV19*01	GILGFVFTL	HomoSapiens	37.581	32.809	42.078	39.049	48.738	44.406	152.411	152.411	152.411	152.411	157.109	155.543	100.216	96.040	111.490	106.897	132.979	122.562	92.908	91.168	99.520	95.742	128.140	115.890
SVF.......SS	VVTG...GEV	GDARKD	CAVTYSGAGSYQLTF	LNH.......DA	SQI....VND	E.KKES	CASSIYSTPDQPQHF	TRAV27*01	TRBV19*01	GILGFVFTL	HomoSapiens	73.074	62.635	80.943	75.162	91.603	85.514	149.280	149.280	149.280	149.280	150.324	149.976	25.054	16.703	82.052	60.477	121.736	102.648	94.648	91.690	107.523	100.265	132.512	121.332
NSA......SQS	VYS....SGN	NRASQY	CVVNKFDGSGNTGKLIF	LNH.......DA	SQI....VND	E.KKES	CASSIYSVNEQFF	TRAV12-1*01	TRBV19*01	GILGFVFTL	HomoSapiens	113.613	111.152	121.094	116.941	131.207	124.821	113.787	113.787	113.787	113.787	122.138	119.354	119.006	116.918	135.291	128.958	151.930	144.553	93.604	89.603	106.305	99.321	121.681	114.009
TSES.....DYY	QEAY..KQQN	QKAAKS	CAYRSADRMDSNYQLIW	LNH.......DA	SQI....VND	E.KKES	CASSLLAGPYNEQFF	TRAV38-2/DV8*01	TRBV19*01	GILGFVFTL	HomoSapiens	95.518	83.066	120.452	105.974	147.975	133.172	84.557	84.557	84.557	84.557	120.572	108.567	130.489	127.357	139.049	135.291	149.440	144.576	122.834	118.832	132.229	126.761	143.799	138.081
SVF.......SS	VVTG...GEV	GDARKD	CAGGGQGGSQGNLIF	LNH.......DA	SQI....VND	E.KKES	CASSLYSNQPQHF	TRAV27*01	TRBV19*01	GILGFVFTL	HomoSapiens	33.405	33.405	35.654	34.690	44.040	38.152	155.543	155.543	155.543	155.543	157.109	156.587	106.479	104.391	124.226	116.988	140.848	133.013	82.121	79.337	95.866	89.081	126.183	113.272
TRDT.....TYY	RNSF..DEQN	QKSTSS	CALSEAGTGGSYIPTF	LNH.......DA	SQI....VND	E.KKES	CASSMFVGQPQHF	TRAV19*01	TRBV19*01	GILGFVFTL	HomoSapiens	70.464	49.660	110.494	86.863	144.941	126.333	97.084	97.084	97.084	97.084	120.050	112.395	73.074	70.986	83.513	78.502	120.933	102.189	81.425	75.162	96.562	87.291	127.357	112.451
TRDT.....TYY	RNSF..DEQN	QKSTSS	CAPVNAGNMLTF	LNH.......DA	SQI....VND	E.KKES	CASSMRSSYEQYF	TRAV19*01	TRBV19*01	GILGFVFTL	HomoSapiens	72.726	62.685	95.558	82.159	119.104	106.746	77.250	77.250	77.250	77.250	101.782	93.604	68.898	66.810	79.546	74.535	102.464	91.922	82.469	79.511	90.994	86.148	113.917	103.217
TTL.......SN	LVKS...GEV	GEAKKN	CAGNYGGSQGNLIF	LNH.......DA	SQI....VND	E.KKES	CASSMRSTDTQYF	TRAV25*01	TRBV19*01	GILGFVFTL	HomoSapiens	1.566	0.447	13.812	6.229	43.714	28.866	145.104	145.104	145.104	145.104	146.670	146.148	127.357	126.662	132.159	130.211	139.001	135.674	82.817	79.337	93.604	87.639	115.809	105.527
VGI.......SA	LSS.....GK	NIQEKH	CAVSIEETSGSRLTF	LNH.......DA	SQI....VND	E.KKES	CASSPYHTNEQFF	TRAV41*01	TRBV19*01	GILGFVFTL	HomoSapiens	122.660	117.415	131.292	126.107	140.602	135.440	136.753	136.753	136.753	136.753	137.275	137.101	139.884	139.536	141.972	140.928	147.352	144.748	108.567	101.608	123.182	114.781	136.361	129.791
TSEN.....NYY	QEAY..KQQN	QKAAKS	CAFMIGAGGTSYGKLTF	LNH.......DA	SQI....VND	E.KKES	CASSQGSYGYTF	TRAV38-1*01	TRBV19*01	GILGFVFTL	HomoSapiens	59.851	43.198	95.879	74.955	128.010	110.989	109.611	109.611	109.611	109.611	126.314	120.746	105.435	105.435	117.753	111.420	138.921	129.319	100.564	97.432	108.567	103.695	133.034	122.046
DRG......SQS	IYS....NGD	NKASQY	CAVNIAKTSYDKVIF	LNH.......DA	SQI....VND	E.KKES	CASSSHHGSPLGQYF	TRAV12-2*01	TRBV19*01	GILGFVFTL	HomoSapiens	92.908	87.142	111.940	101.248	133.393	121.922	102.304	102.304	102.304	102.304	103.347	102.999	100.738	95.344	121.720	113.647	137.797	129.537	82.817	78.815	100.042	91.119	121.159	111.622
SVF.......SS	VVTG...GEV	GDARKD	CAGAEGGGSQGNLIF	LNH.......DA	SQI....VND	E.KKES	CASSSRASYEQYF	TRAV27*01	TRBV19*01	GILGFVFTL	HomoSapiens	17.747	16.404	21.440	18.882	44.203	33.755	152.411	152.411	152.411	152.411	155.543	154.499	106.479	104.391	122.347	115.666	138.841	130.868	82.121	76.554	90.647	85.004	119.920	106.303
SVF.......SS	VVTG...GEV	GDARKD	CAGAAGSSNTGKLIF	LNH.......DA	SQI....VND	E.KKES	CASSSRSAYEQYF	TRAV27*01	TRBV19*01	GILGFVFTL	HomoSapiens	9.395	7.606	20.878	12.481	53.729	37.739	141.972	141.972	141.972	141.972	148.758	146.496	109.611	107.523	126.105	119.076	141.330	134.321	72.726	69.246	93.604	81.773	124.943	111.192
SVF.......SS	VVTG...GEV	GDARKD	CAGGGSQGNLIF	LNH.......DA	SQI....VND	E.KKES	CASSSRSAYEQYF	TRAV27*01	TRBV19*01	GILGFVFTL	HomoSapiens	0.000	0.000	7.066	1.698	35.330	21.497	138.841	138.841	138.841	138.841	139.362	139.188	93.952	91.864	109.193	101.816	125.029	117.767	56.023	52.718	85.601	71.632	113.265	99.878
SSV......SVY	YLSG..STLV	NKSQTS	CAVSGSQGNLIF	LNH.......DA	SQI....VND	E.KKES	CASSSRSSYEQYF	TRAV8-6*01	TRBV19*01	GILGFVFTL	HomoSapiens	67.506	59.304	73.877	69.254	89.352	80.692	122.138	122.138	122.138	122.138	129.445	127.010	98.650	98.128	102.095	100.842	115.071	108.659	102.999	100.390	109.785	105.833	118.745	114.470
DSA......SNY	IRSN...VGE	NKTAKH	CAANGENNAGNMLTF	LNH.......DA	SQI....VND	E.KKES	CASSTHSGNEQFF	TRAV13-1*01	TRBV19*01	GILGFVFTL	HomoSapiens	89.603	72.925	112.181	98.254	130.098	119.906	139.884	139.884	139.884	139.884	141.450	140.928	104.391	102.652	121.512	114.900	135.548	128.986	105.435	102.826	115.700	109.810	128.923	122.698
SVF.......SS	VVTG...GEV	GDARKD	CAGADGGSQGNLIF	LNH.......DA	SQI....VND	E.KKES	CASSTRSAAPLHF	TRAV27*01	TRBV19*01	GILGFVFTL	HomoSapiens	8.351	5.965	14.053	9.992	37.287	27.021	153.455	153.455	153.455	153.455	155.021	154.499	114.831	112.743	123.182	119.563	136.753	130.914	73.770	68.202	81.947	76.554	115.483	101.206
SVF.......SS	VVTG...GEV	GDARKD	CAGASGSSNTGKLIF	LNH.......DA	SQI....VND	E.KKES	CASSTRSAYEQYF	TRAV27*01	TRBV19*01	GILGFVFTL	HomoSapiens	9.395	7.606	20.156	12.068	53.142	37.191	141.972	141.972	141.972	141.972	144.060	143.364	109.611	107.523	124.017	117.962	139.965	132.749	75.858	73.944	93.604	83.563	124.552	111.100
DSA......SNY	IRSN...VGE	NKTAKH	CAATGGGSQGNLIF	LNH.......DA	SQI....VND	E.KKES	CASSTRSQETQYF	TRAV13-1*01	TRBV19*01	GILGFVFTL	HomoSapiens	61.417	58.310	71.388	66.053	82.469	76.532	131.533	131.533	131.533	131.533	132.055	131.881	108.567	105.783	115.874	112.603	129.847	123.595	81.773	77.424	90.299	85.004	110.198	100.830
TSDP.....SYG	QGSY..DQQN	QKARKS	CASGGSQGNLIF	LNH.......DA	SQI....VND	E.KKES	CASSTRSSYEQYF	TRAV14/DV4*01	TRBV19*01	GILGFVFTL	HomoSapiens	69.420	68.401	70.263	69.667	88.961	79.545	100.216	100.216	100.216	100.216	104.391	102.999	102.304	98.824	111.490	107.593	123.905	118.111	94.648	91.864	101.086	97.382	113.852	107.646
TTL.......SN	LVKS...GEV	GEAKKN	CAANYGGSQGNLIF	LNH.......DA	SQI....VND	E.KKES	CASSTRSTDTQYF	TRAV25*01	TRBV19*01	GILGFVFTL	HomoSapiens	1.566	0.447	13.812	6.229	43.714	28.866	145.104	145.104	145.104	145.104	146.670	146.148	127.357	126.662	132.159	130.211	139.001	135.674	82.817	79.337	93.604	87.639	115.809	105.527
TTL.......SN	LVKS...GEV	GEAKKN	CAGNYGGSQGNLIF	LNH.......DA	SQI....VND	E.KKES	CASSTRSTDTQYF	TRAV25*01	TRBV19*01	GILGFVFTL	HomoSapiens	1.566	0.447	13.812	6.229	43.714	28.866	145.104	145.104	145.104	145.104	146.670	146.148	127.357	126.662	132.159	130.211	139.001	135.674	82.817	79.337	93.604	87.639	115.809	105.527
TTL.......SN	LVKS...GEV	GEAKKN	CAGQTGGSQGNLIF	LNH.......DA	SQI....VND	E.KKES	CASSTRSTDTQYF	TRAV25*01	TRBV19*01	GILGFVFTL	HomoSapiens	22.966	21.475	27.784	24.021	49.977	39.064	148.236	148.236	148.236	148.236	150.324	149.628	124.226	123.878	131.951	128.401	140.607	136.317	81.773	78.815	91.342	85.899	115.744	104.530
SVF.......SS	VVTG...GEV	GDARKD	CAGADGGSQGNLIF	LNH.......DA	SQI....VND	E.KKES	CASSTRSTDTQYF	TRAV27*01	TRBV19*01	GILGFVFTL	HomoSapiens	8.351	5.965	14.053	9.992	37.287	27.021	153.455	153.455	153.455	153.455	155.021	154.499	114.831	112.743	123.182	119.563	136.753	130.914	73.770	68.202	81.947	76.554	115.483	101.206
SVF.......SS	VVTG...GEV	GDARKD	CAGAGGGSQGNLIF	LNH.......DA	SQI....VND	E.KKES	CASSTRSTDTQYF	TRAV27*01	TRBV19*01	GILGFVFTL	HomoSapiens	4.176	1.790	11.644	6.906	31.350	21.722	153.455	153.455	153.455	153.455	156.065	155.195	108.567	108.567	123.808	117.962	140.045	132.703	65.419	61.939	79.859	71.781	114.504	99.893
VSG......NPY	YITG..DNLV	NKSQTS	CAVTPAGGSQGNLIF	LNH.......DA	SQI....VND	E.KKES	CASSTRSTDTQYF	TRAV3*01	TRBV19*01	GILGFVFTL	HomoSapiens	93.604	91.516	97.967	95.466	104.000	100.587	131.533	131.533	131.533	131.533	144.060	139.884	96.040	94.648	100.216	97.989	122.218	111.492	107.523	106.305	111.699	109.114	126.640	119.075
TTS.......DR	LLSN...GAV	DTKARL	CAVDEGLGNYGGSQGNLIF	LNH.......DA	SQI....VND	E.KKES	CASSTYSTDTQYF	TRAV39*01	TRBV19*01	GILGFVFTL	HomoSapiens	102.130	98.277	108.728	104.885	116.462	111.997	178.509	178.509	178.509	178.509	184.251	182.337	109.611	107.175	140.928	127.288	165.420	153.949	101.956	91.690	116.570	107.275	149.802	134.335
SVF.......SS	VVTG...GEV	GDARKD	CAGAYGGSQGNLIF	LNH.......DA	SQI....VND	E.KKES	CASSVRSADTQYF	TRAV27*01	TRBV19*01	GILGFVFTL	HomoSapiens	11.483	10.737	15.498	12.550	34.710	25.855	140.928	140.928	140.928	140.928	146.670	144.756	108.567	104.391	123.808	117.127	139.724	132.451	69.594	65.419	81.947	74.565	116.918	101.835
ATG......YPS	ATKA...DDK	RKETTS	CALGIGFGNVLHC	LNH.......DA	SQI....VND	E.KKES	CASSVRSTDTQYF	TRAV9-2*01	TRBV19*01	GILGFVFTL	HomoSapiens	123.182	119.951	128.803	125.373	137.046	132.984	76.206	76.206	76.206	76.206	103.869	94.648	101.782	95.692	116.710	109.959	132.015	124.857	96.736	94.126	102.999	98.923	122.790	114.454
YSG......SPE	HI......SR	NKGETS	CALGGAQKLVF	LNH.......DA	SQI....VND	E.KKES	CASSVRSTGELFF	TRAV16*01	TRBV19*01	GILGFVFTL	HomoSapiens	105.609	102.353	112.823	108.980	119.626	115.447	105.435	105.435	105.435	105.435	113.265	110.655	95.518	95.344	103.974	101.120	115.794	110.288	78.294	73.944	90.820	84.010	105.109	98.128
TTL.......SN	LVKS...GEV	GEAKKN	CAGNYGGSQGNLIF	LNH.......DA	SQI....VND	E.KKES	CASSVRSTGELFF	TRAV25*01	TRBV19*01	GILGFVFTL	HomoSapiens	1.566	0.447	13.812	6.229	43.714	28.866	145.104	145.104	145.104	145.104	146.670	146.148	127.357	126.662	132.159	130.211	139.001	135.674	82.817	79.337	93.604	87.639	115.809	105.527
TSDP.....SYG	QGSY..DQQN	QKARKS	CAMRGDAGGTSYGKLTF	LNH.......DA	SQI....VND	E.KKES	CASSVYSNQPQHF	TRAV14/DV4*01	TRBV19*01	GILGFVFTL	HomoSapiens	66.463	52.096	97.004	78.867	128.662	111.873	101.260	101.260	101.260	101.260	106.479	104.739	103.347	101.260	111.490	106.897	130.650	121.977	81.425	78.120	88.907	84.408	117.701	103.762
SVF.......SS	VVTG...GEV	GDARKD	CAGPLGGGSQGNLIF	LNH.......DA	SQI....VND	E.KKES	CASSYYSNQPQHF	TRAV27*01	TRBV19*01	GILGFVFTL	HomoSapiens	28.534	25.452	31.157	29.321	47.759	39.750	155.543	155.543	155.543	155.543	158.675	157.631	109.611	106.479	117.127	113.995	135.147	126.382	86.297	82.817	93.778	88.882	122.529	109.642
TSEN.....NYY	QEAY..KQQN	QKAAKS	CAFMIGAGGTSYGKLTF	LNH.......NV	YYD....KDF	P.NTSF	CATSQGSYGYTF	TRAV38-1*01	TRBV15*01	GILGFVFTL	HomoSapiens	59.851	43.198	95.879	74.955	128.010	110.989	109.611	109.611	109.611	109.611	126.314	120.746	105.435	105.435	117.753	111.420	138.921	129.319	100.564	97.432	108.567	103.695	133.034	122.046
SVF.......SS	VVTG...GEV	GDARKD	CAGGGSQGNLIF	DFQ......ATT	SNEG...SKA	A.SLTL	CSVRTIYEEQYF	TRAV27*01	TRBV20-1*01	GILGFVFTL	HomoSapiens	0.000	0.000	7.066	1.698	35.330	21.497	138.841	138.841	138.841	138.841	139.362	139.188	93.952	91.864	109.193	101.816	125.029	117.767	56.023	52.718	85.601	71.632	113.265	99.878
TSEN.....NYY	QEAY..KQQN	QKAAKS	CAFIQGAQKLVF	MNH.......EY	SMN....VEV	K.EKRN	CASSLEVGQETQYF	TRAV38-1*01	TRBV27*01	GILGFVFTL	HomoSapiens	94.300	91.218	104.311	98.495	120.050	111.626	120.050	120.050	120.050	120.050	123.704	122.486	101.260	100.912	108.567	105.992	121.094	115.221	101.956	101.260	109.785	106.131	118.158	114.201
DRG......SQS	IYS....NGD	NKASQY	CAVNSGGYQKVTF	MDH.......EN	SYD....VKM	E.KKER	CASSFSGDTEAFF	TRAV12-2*01	TRBV28*01	GILGFVFTL	HomoSapiens	83.165	76.454	99.493	90.247	121.714	110.004	76.206	76.206	76.206	76.206	98.650	91.168	58.981	53.588	97.293	82.330	124.306	111.573	70.290	69.768	83.861	77.498	104.848	94.981
SVF.......SS	VVTG...GEV	GDARKD	CAGGGSQGNLIF	SQV.......TM	ANQG...SEA	P.NLTF	CSAARTGGNEKLFF	TRAV27*01	TRBV29-1*01	GILGFVFTL	HomoSapiens	0.000	0.000	7.066	1.698	35.330	21.497	138.841	138.841	138.841	138.841	139.362	139.188	93.952	91.864	109.193	101.816	125.029	117.767	56.023	52.718	85.601	71.632	113.265	99.878
TRDT.....TYY	RNSF..DEQN	QKSTSS	CALSEAGTGGSYIPTF	SQV.......TM	ANQG...SEA	P.NLTF	CSVEISGKEDTQYF	TRAV19*01	TRBV29-1*01	GILGFVFTL	HomoSapiens	70.464	49.660	110.494	86.863	144.941	126.333	97.084	97.084	97.084	97.084	120.050	112.395	73.074	70.986	83.513	78.502	120.933	102.189	81.425	75.162	96.562	87.291	127.357	112.451
SVF.......SS	VVTG...GEV	GDARKD	CAGGGSQGNLIF	SQV.......TM	ANQG...SEA	P.NLTF	CSVVVGDLYNEQFF	TRAV27*01	TRBV29-1*01	GILGFVFTL	HomoSapiens	0.000	0.000	7.066	1.698	35.330	21.497	138.841	138.841	138.841	138.841	139.362	139.188	93.952	91.864	109.193	101.816	125.029	117.767	56.023	52.718	85.601	71.632	113.265	99.878
DSA......SNY	IRSN...VGE	NKTAKH	CAANGENNAGNMLTF	LGH.......NA	YSL....EER	P.NSSH	CASSQERGGKWAYEQYF	TRAV13-1*01	TRBV4-3*01	GILGFVFTL	HomoSapiens	89.603	72.925	112.181	98.254	130.098	119.906	139.884	139.884	139.884	139.884	141.450	140.928	104.391	102.652	121.512	114.900	135.548	128.986	105.435	102.826	115.700	109.810	128.923	122.698
TRDT.....TYY	RNSF..DEQN	QKSTSS	CALSNQGGKLIF	LGH.......NA	YSL....EER	P.NSSH	CASSQERGGKWAYEQYF	TRAV19*01	TRBV4-3*01	GILGFVFTL	HomoSapiens	66.636	50.655	90.580	76.057	112.449	100.388	70.986	70.986	70.986	70.986	93.952	86.297	57.415	56.371	66.810	63.052	93.149	80.703	77.250	74.292	82.643	79.139	104.000	94.213
TTL.......SN	LVKS...GEV	GEAKKN	CAGSYGGSQGNLIF	LGH.......NA	YSL....EER	P.NSSH	CASSQERGGKWAYEQYF	TRAV25*01	TRBV4-3*01	GILGFVFTL	HomoSapiens	7.829	6.711	15.739	10.187	43.616	29.536	145.104	145.104	145.104	145.104	146.670	146.148	125.792	125.618	133.621	130.628	139.483	136.592	86.993	82.991	96.040	90.274	115.679	106.134
SVF.......SS	VVTG...GEV	GDARKD	CAGGGSQGNLIF	LGH.......NA	YSL....EER	P.NSSH	CASSQERGGKWAYEQYF	TRAV27*01	TRBV4-3*01	GILGFVFTL	HomoSapiens	0.000	0.000	7.066	1.698	35.330	21.497	138.841	138.841	138.841	138.841	139.362	139.188	93.952	91.864	109.193	101.816	125.029	117.767	56.023	52.718	85.601	71.632	113.265	99.878
DSA......IYN	IQSS...QRE	DKSSGR	CAVNSGGGADGLTF	MNH.......NS	SAS....EGT	L.NKRE	CASSEDPATNEKLFF	TRAV21*01	TRBV6-1*01	GILGFVFTL	HomoSapiens	112.917	107.473	118.926	114.831	127.455	122.573	136.753	136.753	136.753	136.753	136.753	136.753	88.733	88.733	97.502	93.883	118.846	108.934	91.168	85.775	102.652	96.040	118.419	110.801
SVF.......SS	VVTG...GEV	GDARKD	CAGGGSQGNLIF	MRH.......NA	SNT....AGT	A.NTDD	CASSDSRTPFQRPLFEAFF	TRAV27*01	TRBV6-4*01	GILGFVFTL	HomoSapiens	0.000	0.000	7.066	1.698	35.330	21.497	138.841	138.841	138.841	138.841	139.362	139.188	93.952	91.864	109.193	101.816	125.029	117.767	56.023	52.718	85.601	71.632	113.265	99.878
TSES.....DYY	QEAY..KQQN	QKAAKS	CAYRADSNYQLIW	MNH.......EY	SVG....AGI	S.TTED	CASSYNVRDGDYGYTF	TRAV38-2/DV8*01	TRBV6-5*01	GILGFVFTL	HomoSapiens	84.383	75.609	99.975	90.866	122.953	110.429	72.030	72.030	72.030	72.030	101.260	91.516	100.738	97.780	110.237	105.714	121.415	115.634	98.128	94.996	107.697	102.453	118.615	113.372
TRDT.....TYY	RNSF..DEQN	QKSTSS	CALSEAGTGGSYIPTF	SGH.......TA	FQG....NSA	T.GGSV	CASSGLEGAGDTQYF	TRAV19*01	TRBV7-2*01	GILGFVFTL	HomoSapiens	70.464	49.660	110.494	86.863	144.941	126.333	97.084	97.084	97.084	97.084	120.050	112.395	73.074	70.986	83.513	78.502	120.933	102.189	81.425	75.162	96.562	87.291	127.357	112.451
SVF.......SS	VVTG...GEV	GDARKD	CAGADQGGKLIF	SGH.......TA	FQG....TGA	P.EGSV	CASSWVVPPNEQFF	TRAV27*01	TRBV7-3*01	GILGFVFTL	HomoSapiens	56.371	54.284	59.744	57.817	62.113	60.571	127.357	127.357	127.357	127.357	128.401	128.053	100.216	99.172	107.523	104.043	117.962	113.156	61.243	60.547	84.905	73.820	112.677	100.323
VSG......NPY	YITG..DNLV	NKSQTS	CAVRDNYGQNFVF	SGH.......VS	FNY....EAQ	P.EGSI	CASSLAGEVNEQFF	TRAV3*01	TRBV7-6*01	GILGFVFTL	HomoSapiens	94.126	85.700	113.787	102.131	132.642	123.057	143.016	143.016	143.016	143.016	146.148	145.104	70.986	70.986	78.085	74.187	108.647	94.491	66.810	62.635	88.907	76.703	119.463	105.589
SVF.......SS	VVTG...GEV	GDARKD	CAGAAGSSNTGKLIF	SGH.......VS	FNY....EAQ	P.EGSI	CASSLGQGRETQYF	TRAV27*01	TRBV7-6*01	GILGFVFTL	HomoSapiens	9.395	7.606	20.878	12.481	53.729	37.739	141.972	141.972	141.972	141.972	148.758	146.496	109.611	107.523	126.105	119.076	141.330	134.321	72.726	69.246	93.604	81.773	124.943	111.192
DSA......IYN	IQSS...QRE	DKSSGR	CAARTRGSTLGRLYF	SGH.......NS	FNN....NVP	P.NASF	CASSSANYGYTF	TRAV21*01	TRBV12-3*01	NLVPMVATV	HomoSapiens	116.570	111.301	127.598	121.495	139.283	133.053	129.445	129.445	129.445	129.445	140.406	136.753	74.640	74.466	106.062	93.395	129.526	118.513	120.746	115.874	127.010	122.884	134.795	130.896
TSDP.....SYG	QGSY..DQQN	QKARKS	CAMREVFNDYKLSF	SGH.......NS	FNN....NVP	P.NASF	CASSVVERAFF	TRAV14/DV4*01	TRBV12-3*01	NLVPMVATV	HomoSapiens	89.603	83.762	106.158	97.015	127.579	117.039	61.591	61.591	61.591	61.591	97.606	85.601	95.518	87.341	112.951	105.435	124.145	117.916	63.331	57.067	76.554	68.302	107.066	93.768
VSN......AYN	GS......KP	ER..FS	CAVSNNNDMRF	SGH.......NS	FNN....NVP	P.NASF	CASSVVERAFF	TRAV2*01	TRBV12-3*01	NLVPMVATV	HomoSapiens	115.526	112.842	120.211	117.515	132.324	125.902	121.094	121.094	121.094	121.094	122.138	121.790	78.294	78.294	87.898	83.096	110.414	99.711	75.858	71.334	92.734	82.867	114.113	103.892
VSG......NPY	YITG..DNLV	NKSQTS	CAVRDISARLMF	SGH.......NS	FNN....NVP	P.NASF	CASSVVERAFF	TRAV3*01	TRBV12-3*01	NLVPMVATV	HomoSapiens	80.903	70.638	101.340	88.870	123.182	112.103	122.138	122.138	122.138	122.138	131.533	128.401	15.659	15.659	48.646	36.607	91.784	72.558	65.767	62.113	87.167	76.554	109.285	99.072
TISG.....TDY	GLT.....SN	AEDRKS	CILIPTGTYKYIF	MNH.......EY	SMN....VEV	K.EKRN	CASSLEGFTEAFF	TRAV26-2*01	TRBV27*01	NLVPMVATV	HomoSapiens	108.741	103.149	127.277	117.572	142.004	134.114	101.260	101.260	101.260	101.260	121.094	114.483	91.864	91.864	100.216	96.040	120.211	110.127	93.952	91.168	101.260	96.786	124.095	114.570
NSA......FQY	TYS....SGN	DKSSKY	CAMSSAGGTSYGKLTF	SGH.......DN	FVK....ESK	T.GGTY	CASSQSPGGTQYF	TRAV12-3*01	TRBV14*01	GLCTLVAML	HomoSapiens	89.081	86.098	100.376	94.468	119.702	109.896	108.567	108.567	108.567	108.567	108.567	108.567	88.733	88.733	101.051	94.857	125.029	114.509	51.848	45.410	72.552	61.541	98.324	84.357
NSA......FQY	TYS....SGN	DKSSKY	CATSPPLTQGGSEKLVF	SGH.......DN	FVK....ESK	T.GGTY	CASSQSPGGTQYF	TRAV12-3*01	TRBV14*01	GLCTLVAML	HomoSapiens	120.572	113.538	133.460	125.453	148.331	140.742	108.567	108.567	108.567	108.567	108.567	108.567	115.874	115.874	135.709	128.193	148.316	142.271	81.773	79.859	92.212	86.794	116.527	105.159
TRDT.....TYY	RNSF..DEQN	QKSTSS	CALSLSGYSTLTF	SGH.......DN	FVK....ESK	T.GGTY	CASSQSPGGTQYF	TRAV19*01	TRBV14*01	GLCTLVAML	HomoSapiens	79.163	75.112	97.405	86.737	124.257	111.187	141.972	141.972	141.972	141.972	141.972	141.972	50.630	43.844	67.646	59.642	102.384	85.085	78.641	77.424	86.297	82.270	110.068	98.919
TISG.....NEY	GLK.....NN	TEDRKS	CIVSRTRRGNKLVF	SGH.......DN	FVK....ESK	T.GGTY	CASSQSPGGTQYF	TRAV26-1*01	TRBV14*01	GLCTLVAML	HomoSapiens	100.912	90.622	117.079	107.179	135.582	125.874	130.489	130.489	130.489	130.489	130.489	130.489	80.903	74.814	92.282	87.132	113.787	104.529	91.168	86.123	102.999	95.642	122.660	113.518
DSV.......NN	IPS.....GT	VATERY	CAVEHNTDKLIF	SGH.......DN	FVK....ESK	T.GGTY	CASSQSPGGTQYF	TRAV22*01	TRBV14*01	GLCTLVAML	HomoSapiens	102.652	94.549	115.714	107.821	128.528	121.907	120.050	120.050	120.050	120.050	120.050	120.050	113.265	112.395	116.501	114.970	121.736	119.304	101.956	101.260	104.391	103.099	113.526	109.143
DSA......SNY	IRSN...VGE	NKTAKH	CAASEGGFKTIF	SGH.......AT	FQN....NGV	L.KGVD	CASSLGTGHNEQFF	TRAV13-1*01	TRBV11-2*01	GILGFVFTL	HomoSapiens	99.694	96.786	107.764	103.175	122.529	114.459	111.699	111.699	111.699	111.699	116.396	114.831	96.562	94.996	103.347	99.868	117.721	111.125	85.601	83.165	93.778	89.230	106.936	100.753
TSG......FYG	NAL....DGL	SRSDSY	CAVNNYGQNFVF	SGH.......NS	FNN....NVP	P.NASF	CASSTTSGGVETQYF	TRAV1-1*01	TRBV12-3*01	GILGFVFTL	HomoSapiens	108.567	103.745	118.123	112.502	131.664	124.396	128.401	128.401	128.401	128.401	131.533	130.489	87.689	87.341	95.831	93.048	106.479	99.917	102.652	96.214	113.265	106.479	126.379	120.158
TSG......FNG	NVL....DGL	SRSKGY	CAVKWEGSNYQLIW	LNH.......DA	SQI....VND	E.KKES	CASSMRAGVEQFF	TRAV1-2*01	TRBV19*01	GILGFVFTL	HomoSapiens	113.439	108.070	123.102	117.687	131.435	126.580	115.874	115.874	115.874	115.874	127.357	123.530	51.152	50.108	75.579	67.228	100.055	86.438	96.040	93.952	104.043	99.818	118.810	111.683
VSG......LRG	LYSA...GEE	TK..KE	CAVQAGGNKLTF	LNH.......DA	SQI....VND	E.KKES	CASSMRAGVEQFF	TRAV20*01	TRBV19*01	GILGFVFTL	HomoSapiens	110.133	109.114	116.677	113.316	124.030	119.999	111.699	111.699	111.699	111.699	114.831	113.787	107.001	105.087	112.951	110.029	120.130	116.586	90.473	84.209	99.172	93.356	111.112	105.098
NSA......FQY	TYS....SGN	DKSSKY	CAMTNYQLI	MDH.......EN	SYD....VKM	E.KKER	CASSSDRGGYNEQFF	TRAV12-3*01	TRBV28*01	GILGFVFTL	HomoSapiens	101.434	95.294	110.253	104.586	124.846	117.033	102.304	102.304	102.304	102.304	104.391	103.695	99.694	95.692	109.402	104.948	117.240	113.087	65.419	60.547	75.336	69.147	96.432	86.384
VSG......NPY	YITG..DNLV	NKSQTS	CAVRDIGGTALIF	MNH.......NS	SAS....EGT	L.NKRE	CASSDLDSNQPQHF	TRAV3*01	TRBV6-1*01	GILGFVFTL	HomoSapiens	93.604	83.414	111.217	100.434	131.272	120.663	136.753	136.753	136.753	136.753	136.753	136.753	49.064	48.020	58.042	53.588	89.054	75.288	58.459	58.459	88.559	75.361	115.287	102.964
VGI.......SA	LSS.....GK	NIQEKH	CAVRSSGSQGNLIF	MNH.......EY	SVG....AGI	S.TTED	CASSYLYRIGQLEAFF	TRAV41*01	TRBV6-5*01	GILGFVFTL	HomoSapiens	92.908	92.014	94.595	93.665	97.769	96.028	132.577	132.577	132.577	132.577	134.143	133.621	132.055	131.881	132.786	132.438	139.162	136.202	94.648	93.952	101.434	96.786	122.464	113.633
NYS......PAY	IREN...EKE	DTTLKQ	CALVLQYGNKLVF	SGH.......TA	FQG....NSA	T.GGSV	CASSTVSSYEQYF	TRAV6*01	TRBV7-2*01	GILGFVFTL	HomoSapiens	104.739	97.879	114.831	108.429	132.610	123.581	128.401	128.401	128.401	128.401	132.055	130.837	125.270	125.270	126.731	126.035	132.497	129.652	116.570	115.352	120.050	118.111	129.119	124.563
VSG......NPY	YITG..DNLV	NKSQTS	CAVRDGTGANNLFF	SGH.......VS	FNY....EAQ	P.EGSI	CASSEALVLEQFF	TRAV3*01	TRBV7-6*01	GILGFVFTL	HomoSapiens	91.690	82.767	110.655	100.193	127.521	118.399	138.841	138.841	138.841	138.841	140.406	139.884	63.157	62.983	65.349	64.583	99.172	84.763	58.459	56.371	81.947	71.086	114.113	100.177
SSY......SPS	YTSA..ATLV	KKSETS	CVVSAGSIVSGGYNKLIF	ENH.......RY	SYG....VKD	S.KTED	CAIRDKMNTEAFF	TRAV8-2*01	TRBV10-3*01	NLVPMVATV	HomoSapiens	135.013	128.451	143.819	138.255	155.385	149.482	154.499	154.499	154.499	154.499	155.021	154.847	102.304	100.216	128.610	118.797	146.228	137.693	121.790	115.700	129.967	124.425	145.822	138.157
TSG......FYG	NAL....DGL	SRSDSY	CAVRDQEGNTPLVF	ENH.......RY	SYG....VKD	S.KTED	CAISAGTGVRNEQYF	TRAV1-1*01	TRBV10-3*01	NLVPMVATV	HomoSapiens	89.429	72.825	117.721	101.271	139.125	127.430	126.314	126.314	126.314	126.314	136.753	133.273	0.000	0.000	14.197	4.732	75.804	49.454	95.692	88.385	107.871	100.265	124.878	116.911
TISG.....TDY	GLT.....SN	AEDRKS	CILPLAGGTSYGKLTF	ENH.......RY	SYG....VKD	S.KTED	CAISESYEQYF	TRAV26-2*01	TRBV10-3*01	NLVPMVATV	HomoSapiens	68.376	47.722	94.916	77.754	124.732	109.414	88.733	88.733	88.733	88.733	105.435	99.868	0.000	0.000	66.393	44.262	111.458	88.928	104.739	101.260	111.351	107.324	131.794	122.123
DRG......SQS	IYS....NGD	NKASQY	CAVNSGYSTLTF	PRH.......DT	FYE....KMQ	F.SDYH	CASSPGQGGDEQYF	TRAV12-2*01	TRBV13*01	NLVPMVATV	HomoSapiens	67.506	60.895	87.930	76.412	113.439	100.545	67.854	67.854	67.854	67.854	90.820	83.165	97.606	91.516	113.995	106.758	126.876	120.876	63.679	57.937	80.207	70.588	103.543	92.425
SSY......SPS	YTSA..ATLV	KKSETS	CVVSEWAAGNKLTF	SGH.......DN	FVK....ESK	T.GGTY	CASSQEQGDIQYF	TRAV8-2*01	TRBV14*01	NLVPMVATV	HomoSapiens	104.391	94.748	114.268	107.535	131.185	122.259	122.138	122.138	122.138	122.138	126.314	124.922	101.260	99.520	112.534	108.219	123.664	117.641	104.043	101.434	109.959	106.529	119.920	114.900
SVF.......SS	VVTG...GEV	GDARKD	CAGAGSEGSGAGSYQLTF	LNH.......NV	YYD....KDF	P.NTSF	CATSRPTVGSRLRDGYTF	TRAV27*01	TRBV15*01	NLVPMVATV	HomoSapiens	83.513	73.969	92.507	86.450	104.233	97.918	180.597	180.597	180.597	180.597	181.641	181.293	86.645	74.466	121.929	106.131	152.974	138.737	107.175	104.217	127.705	117.067	153.325	142.341
TRDT.....TYY	RNSF..DEQN	QKSTSS	CALSEAGGYSTLTF	DFQ......ATT	SNEG...SKA	A.SLTL	CSAKVEGYEQYF	TRAV19*01	TRBV20-1*01	NLVPMVATV	HomoSapiens	72.552	69.942	96.201	82.882	126.060	111.399	30.273	30.273	30.273	30.273	81.947	64.723	62.635	62.635	71.612	67.576	107.041	90.752	67.158	64.375	77.946	71.284	105.631	92.870
TRDT.....TYY	RNSF..DEQN	QKSTSS	CAHYYGNNRLAF	DFQ......ATT	SNEG...SKA	A.SLTL	CSAPPDSLNTEAFF	TRAV19*01	TRBV20-1*01	NLVPMVATV	HomoSapiens	68.550	61.342	94.595	81.265	118.975	106.319	80.381	80.381	80.381	80.381	97.084	91.516	80.381	79.685	86.436	83.096	105.917	96.912	77.250	74.814	86.471	81.674	107.458	98.197
KTL.......YG	LQKG...GEE	DEKKQQ	CGADPEGDDKIIF	DFQ......ATT	SNEG...SKA	A.SLTL	CSARAEGARDSPLHF	TRAV34*01	TRBV20-1*01	NLVPMVATV	HomoSapiens	120.050	113.787	129.445	123.560	138.208	133.487	126.314	126.314	126.314	126.314	126.836	126.662	127.879	127.357	132.786	130.559	140.607	136.684	118.658	117.962	123.182	120.945	129.511	126.375
TISG.....NEY	GLK.....NN	TEDRKS	CIVRVGAAGNKLTF	DFQ......ATT	SNEG...SKA	A.SLTL	CSARDVPGTTLGGELFF	TRAV26-1*01	TRBV20-1*01	NLVPMVATV	HomoSapiens	97.432	89.031	114.911	104.736	131.691	122.973	62.635	62.635	62.635	62.635	102.826	89.429	99.172	99.172	105.435	102.234	119.889	112.204	78.641	78.120	95.692	87.390	118.810	108.467
NSA......SQS	VYS....SGN	NRASQY	CVVNDGQNFVF	DFQ......ATT	SNEG...SKA	A.SLTL	CSARRTGSTYNEQFF	TRAV12-1*01	TRBV20-1*01	NLVPMVATV	HomoSapiens	81.947	76.753	95.237	87.264	113.628	104.451	70.986	70.986	70.986	70.986	103.347	92.560	95.518	90.125	115.248	107.384	128.160	121.817	80.381	75.858	86.471	82.370	101.521	93.845
VSG......NPY	YITG..DNLV	NKSQTS	CAVKGAGSYQLTF	DFQ......ATT	SNEG...SKA	A.SLTL	CSARYGSTCEQYF	TRAV3*01	TRBV20-1*01	NLVPMVATV	HomoSapiens	86.123	81.475	99.172	91.119	120.778	110.828	136.753	136.753	136.753	136.753	136.753	136.753	61.591	61.591	71.195	66.671	102.384	88.733	75.162	74.118	88.733	82.022	109.089	99.648
VSN......AYN	GS......KP	ER..FS	CAVRFLTDSWGKLQF	DFQ......ATT	SNEG...SKA	A.SLTL	CSATTESNQPQHF	TRAV2*01	TRBV20-1*01	NLVPMVATV	HomoSapiens	134.491	129.942	140.045	136.420	145.041	142.119	139.884	139.884	139.884	139.884	141.972	141.276	51.152	34.101	96.875	76.136	124.708	110.907	84.209	80.381	102.130	92.113	127.618	115.997
TSG......FYG	NAL....DGL	SRSDSY	CAVRDQEGNTPLVF	MDH.......EN	SYD....VKM	E.KKER	CASMGGSNEQFF	TRAV1-1*01	TRBV28*01	NLVPMVATV	HomoSapiens	89.429	72.825	117.721	101.271	139.125	127.430	126.314	126.314	126.314	126.314	136.753	133.273	0.000	0.000	14.197	4.732	75.804	49.454	95.692	88.385	107.871	100.265	124.878	116.911
DSA......IYN	IQSS...QRE	DKSSGR	CAVMTTDSWGKLQF	MDH.......EN	SYD....VKM	E.KKER	CASSTPGAKLGDTGELFF	TRAV21*01	TRBV28*01	NLVPMVATV	HomoSapiens	109.437	102.701	120.130	113.523	130.616	125.115	119.006	119.006	119.006	119.006	125.792	123.530	79.859	77.946	92.073	86.436	117.480	104.793	104.739	100.912	112.221	107.623	122.203	117.394
TTS.......DR	LLSN...GAV	DTKARL	CAVDKDGGATNKLIF	SQV.......TM	ANQG...SEA	P.NLTF	CSDGQAFF	TRAV39*01	TRBV29-1*01	NLVPMVATV	HomoSapiens	110.655	106.380	122.299	115.473	134.032	128.104	125.270	125.270	125.270	125.270	134.665	131.533	106.479	98.824	124.643	117.058	138.600	131.166	93.604	85.949	114.657	103.298	132.903	123.926
TISG.....TDY	GLT.....SN	AEDRKS	CILPLAGGTSYGKLTF	SQV.......TM	ANQG...SEA	P.NLTF	CSVEYRDNEQFF	TRAV26-2*01	TRBV29-1*01	NLVPMVATV	HomoSapiens	68.376	47.722	94.916	77.754	124.732	109.414	88.733	88.733	88.733	88.733	105.435	99.868	0.000	0.000	66.393	44.262	111.458	88.928	104.739	101.260	111.351	107.324	131.794	122.123
VSP......FSN	MTFS...ENT	DADTKQ	CVVSARNTGNQFYF	SQV.......TM	ANQG...SEA	P.NLTF	CSVGLAGSYNEQFF	TRAV10*01	TRBV29-1*01	NLVPMVATV	HomoSapiens	133.621	131.235	139.884	136.386	149.469	144.295	136.753	136.753	136.753	136.753	139.884	138.841	111.699	109.263	126.105	120.468	141.330	133.954	84.557	79.685	101.956	92.461	130.098	117.578
TISG.....TDY	GLT.....SN	AEDRKS	CILPLAGGTSYGKLTF	GTS......NPN	SVG.....IG	P.QDRQ	CAWSVADTQYF	TRAV26-2*01	TRBV30*01	NLVPMVATV	HomoSapiens	68.376	47.722	94.916	77.754	124.732	109.414	88.733	88.733	88.733	88.733	105.435	99.868	0.000	0.000	66.393	44.262	111.458	88.928	104.739	101.260	111.351	107.324	131.794	122.123
ATG......YPS	ATKA...DDK	RKETTS	CALSDRNQGGKLIF	LGH.......NA	YNF....KEQ	P.NSSH	CASSQGKDTQYF	TRAV9-2*01	TRBV4-2*01	NLVPMVATV	HomoSapiens	106.653	101.110	122.138	113.695	136.658	129.229	72.030	72.030	72.030	72.030	101.260	91.516	112.743	110.655	124.435	119.841	134.263	129.227	79.337	76.728	92.038	84.408	117.701	106.541
VSN......AYN	GS......KP	ER..FS	CAVRFLTDSWGKLQF	LGH.......NA	YNF....KEQ	P.NSSH	CASSQRMGLSETQYF	TRAV2*01	TRBV4-2*01	NLVPMVATV	HomoSapiens	134.491	129.942	140.045	136.420	145.041	142.119	139.884	139.884	139.884	139.884	141.972	141.276	51.152	34.101	96.875	76.136	124.708	110.907	84.209	80.381	102.130	92.113	127.618	115.997
TRDT.....TYY	RNSF..DEQN	QKSTSS	CALSEANQAGTALIF	LGH.......NA	YSL....EER	P.NSSH	CASSQERGGKWAYEQYF	TRAV19*01	TRBV4-3*01	NLVPMVATV	HomoSapiens	84.905	80.530	106.319	93.964	135.203	120.802	85.601	85.601	85.601	85.601	110.133	101.956	77.772	74.466	89.568	84.696	119.729	105.619	82.469	80.207	92.560	87.142	122.073	108.467
DSA......IYN	IQSS...QRE	DKSSGR	CAGRNNNARLMF	SGH.......RS	YFS....ETQ	F.SNSR	CASSLVGSGGEQYF	TRAV21*01	TRBV5-1*01	NLVPMVATV	HomoSapiens	101.608	93.853	112.743	105.860	126.219	119.205	110.655	110.655	110.655	110.655	116.396	114.483	78.294	77.250	84.766	82.052	101.822	93.918	91.864	88.037	98.476	94.250	109.285	103.915
SIF.......NT	LYKA...GEL	GITRKD	CAGQLWTGTASKLTF	SGH.......NT	YYR....EEE	F.PNYS	CASSLGRGIYEQYF	TRAV35*01	TRBV5-4*01	NLVPMVATV	HomoSapiens	98.998	89.429	110.815	103.279	121.568	115.811	144.060	144.060	144.060	144.060	147.192	146.148	143.016	142.320	146.774	144.965	154.580	151.092	120.050	117.440	126.140	122.635	138.123	132.424
VSG......NPY	YITG..DNLV	NKSQTS	CAVRDYGSGGYNKLIF	SGH.......NT	YYR....EEE	F.PNYS	CASSSRTSGINEQFF	TRAV3*01	TRBV5-4*01	NLVPMVATV	HomoSapiens	101.782	90.025	122.700	110.517	141.877	131.876	146.148	146.148	146.148	146.148	147.714	147.192	73.596	72.378	78.502	75.719	113.465	98.357	73.074	69.942	90.820	80.580	120.181	107.170
SSV......SVY	YLSG..STLV	NKSQTS	CAVSEGVVWDLYGGSQGNLIF	MNH.......NS	SAS....EGT	L.NKRE	CASREDGTEAFF	TRAV8-6*01	TRBV6-1*01	NLVPMVATV	HomoSapiens	116.744	112.295	126.715	121.071	137.575	131.650	176.421	176.421	176.421	176.421	184.773	181.989	161.285	161.111	168.488	166.052	178.670	173.611	130.489	127.183	145.800	137.697	166.309	156.457
TSG......FYG	NAL....DGL	SRSDSY	CAVRGRSNYGGSQGNLI	MNH.......EY	SVG....AGI	S.TTED	CASRDTSGTAYEQYF	TRAV1-1*01	TRBV6-5*01	NLVPMVATV	HomoSapiens	129.967	119.205	151.287	139.047	168.893	159.289	158.675	158.675	158.675	158.675	170.680	166.678	106.479	106.479	106.479	106.479	131.212	120.199	121.094	115.178	136.057	127.656	154.434	145.534
TSG......FYG	NAL....DGL	SRSDSY	CAVRDQEGNTPLVF	MNH.......EY	SVG....AGI	S.TTED	CASSYSRSDGHLGNTIYF	TRAV1-1*01	TRBV6-5*01	NLVPMVATV	HomoSapiens	89.429	72.825	117.721	101.271	139.125	127.430	126.314	126.314	126.314	126.314	136.753	133.273	0.000	0.000	14.197	4.732	75.804	49.454	95.692	88.385	107.871	100.265	124.878	116.911
DSA......IYN	IQSS...QRE	DKSSGR	CAVEQGFNKFYF	MNH.......NY	SVG....AGI	S.TTED	CASSRLGDGDSNQPQHF	TRAV21*01	TRBV6-6*01	NLVPMVATV	HomoSapiens	94.648	91.168	107.202	99.917	126.788	117.255	96.040	96.040	96.040	96.040	106.479	102.999	85.079	83.861	97.919	92.700	118.043	108.739	105.435	101.782	112.221	108.169	119.920	116.258
SVF.......SS	VVTG...GEV	GDARKD	CAVTYSGAGSYQLTF	SGH.......TA	FQG....NSA	T.GGSV	CASSFLQGNQPQHF	TRAV27*01	TRBV7-2*01	NLVPMVATV	HomoSapiens	58.459	41.757	74.198	63.598	88.828	80.484	149.280	149.280	149.280	149.280	150.324	149.976	82.469	71.682	107.732	96.388	133.701	121.748	94.648	91.690	107.523	100.265	132.512	121.332
VSP......FSN	MTFS...ENT	DADTKQ	CVVVAYSGAGSYQLTF	SGH.......TA	FQG....NSA	T.GGSV	CASSLTGTTYGGYTF	TRAV10*01	TRBV7-2*01	NLVPMVATV	HomoSapiens	132.577	124.971	146.148	138.187	160.067	152.655	160.763	160.763	160.763	160.763	160.763	160.763	109.611	107.871	124.852	117.962	147.754	137.257	115.874	112.047	131.359	122.884	147.192	139.600
TTS.......DR	LLSN...GAV	DTKARL	CAPGNTGKLIF	SEH.......NR	FQN....EAQ	P.KGSF	CASSLGRDLNQPQHF	TRAV39*01	TRBV7-9*01	NLVPMVATV	HomoSapiens	101.782	100.663	102.625	102.005	111.319	106.609	99.172	99.172	99.172	99.172	108.567	105.435	87.167	85.949	105.018	98.545	119.167	111.997	71.334	61.417	91.690	79.685	112.286	102.565
TSG......FNG	NVL....DGL	SRSKGY	CAVRRAGNDMRF	SGD.......LS	YYN....GEE	F.PDLH	CASSGTNSPLHF	TRAV1-2*01	TRBV9*01	NLVPMVATV	HomoSapiens	105.087	99.470	115.553	109.439	128.844	121.751	128.401	128.401	128.401	128.401	129.967	129.445	72.030	69.942	90.194	83.722	105.676	97.256	99.520	96.040	110.133	104.242	123.508	117.310
SSV......SVY	YLSG..STLV	NKSQTS	CAVSEPSGAGSYQLTF	ENH.......RY	SYG....VKD	S.KTED	CAISRGNEQYF	TRAV8-6*01	TRBV10-3*01	GILGFVFTL	HomoSapiens	106.827	102.353	122.539	114.096	144.288	133.313	136.753	136.753	136.753	136.753	140.406	139.188	99.172	96.736	107.941	104.113	121.415	114.658	102.999	97.780	116.222	108.766	130.228	123.504
SSY......SPS	YTSA..ATLV	KKSETS	CVVSENYKLSF	PRH.......DT	FYE....KMQ	F.SDYH	CASSFGQGGYEQYF	TRAV8-2*01	TRBV13*01	GILGFVFTL	HomoSapiens	99.172	95.245	107.523	102.877	121.061	114.214	100.216	100.216	100.216	100.216	107.523	105.087	73.074	65.419	89.359	82.400	103.588	96.602	90.125	88.211	93.952	91.516	102.304	97.829
TSG......FYG	NAL....DGL	SRSDSY	CAVSLWDGGYQKVTF	PRH.......DT	FYE....KMQ	F.SDYH	CASSLGTGPYNEQFF	TRAV1-1*01	TRBV13*01	GILGFVFTL	HomoSapiens	114.831	107.573	132.015	122.172	147.975	139.194	130.489	130.489	130.489	130.489	132.577	131.881	104.913	104.739	105.227	105.087	117.802	111.710	108.567	105.783	115.526	111.351	131.468	124.533
TSES.....DYY	QEAY..KQQN	QKAAKS	CAYRSALGNQFYF	SGH.......DN	FVK....ESK	T.GGTY	CASSQEVFRLAETSGEYEQYF	TRAV38-2/DV8*01	TRBV14*01	GILGFVFTL	HomoSapiens	96.040	88.981	111.859	102.808	131.533	121.128	122.138	122.138	122.138	122.138	125.792	124.574	122.660	122.486	126.731	124.713	133.862	130.306	99.868	96.214	109.437	103.894	125.009	117.862
NSA......FQY	TYS....SGN	DKSSKY	CAKSHDDDKIIF	LNH.......DA	SQI....VND	E.KKES	CASSMRSYNEQFF	TRAV12-3*01	TRBV19*01	GILGFVFTL	HomoSapiens	99.694	93.008	109.370	103.198	123.378	116.039	89.777	89.777	89.777	89.777	90.820	90.473	108.045	106.827	112.534	110.516	121.255	117.343	63.679	62.809	68.550	65.617	89.059	79.007
DRG......SQS	IYS....NGD	NKASQY	CAVNTGNQFYF	MGH.......RA	YSY....EKL	P.NSSL	CASSQDEPYEQYF	TRAV12-2*01	TRBV4-1*01	GILGFVFTL	HomoSapiens	82.817	78.144	98.128	89.845	117.016	106.827	25.054	25.054	25.054	25.054	77.250	59.851	55.327	54.284	92.282	77.598	116.196	104.793	76.206	73.770	83.687	79.487	102.108	93.400
NSA......SDY	IRSN...MDK	NKTVKH	CAENMRGSNYKLTF	SGH.......NT	YEN....EEA	L.KGVD	CASSLDGRQSNTEAFF	TRAV13-2*01	TRBV11-3*01	PKYVKQNTLKLAT	HomoSapiens	100.390	93.903	111.618	104.644	123.119	117.222	131.533	131.533	131.533	131.533	133.099	132.577	113.265	111.699	122.138	118.449	130.007	126.245	85.601	76.554	97.258	89.230	113.656	105.727
TSG......FYG	NAL....DGL	SRSDSY	GDEAGTALIF	SGH.......NT	YEN....EEA	L.KGVD	CASSLQGIYTF	TRAV1-1*01	TRBV11-3*01	PKYVKQNTLKLAT	HomoSapiens	93.082	87.142	105.355	98.208	119.544	112.480	122.138	122.138	122.138	122.138	124.226	123.530	70.986	70.986	70.986	70.986	93.792	82.137	99.520	96.736	106.479	102.105	119.528	113.833
NSA......SQS	VYS....SGN	NRASQY	CVVNTGGSQGNLIF	SGH.......NT	YEN....EEA	L.KGVD	CASSPGVAGSSYNEQFF	TRAV12-1*01	TRBV11-3*01	PKYVKQNTLKLAT	HomoSapiens	57.241	51.649	70.665	63.323	81.425	75.560	108.567	108.567	108.567	108.567	109.089	108.915	73.596	69.942	107.732	93.883	131.051	120.016	92.908	90.473	98.302	95.245	106.936	102.565
TTS.......DR	LLSN...GAV	DTKARL	CAVDDSQGSQGNLIF	SGH.......NS	FNN....NVP	P.NASF	CASSLISNTEAFF	TRAV39*01	TRBV12-3*01	PKYVKQNTLKLAT	HomoSapiens	84.557	80.680	89.295	86.301	96.230	92.244	153.455	153.455	153.455	153.455	156.065	155.195	80.903	79.685	115.874	103.278	135.307	125.511	98.824	92.734	117.962	107.772	136.687	127.457
DSA......IYN	IQSS...QRE	DKSSGR	CAVSWAGSYQLTF	SGH.......NS	FNN....NVP	P.NASF	CASSLQVNTFSSGNTIYF	TRAV21*01	TRBV12-3*01	PKYVKQNTLKLAT	HomoSapiens	100.912	92.312	113.224	105.298	127.737	119.875	126.314	126.314	126.314	126.314	126.314	126.314	85.079	82.469	91.656	88.385	108.969	101.615	102.652	99.868	109.089	105.435	120.181	115.191
TTQ......YPS	AMKA...NDK	RKETTS	CALSATNTGNQFYF	SGH.......NS	FNN....NVP	P.NASF	CASSLGQNSGNTDTQYF	TRAV9-1*01	TRBV12-3*01	PKYVKQNTLKLAT	HomoSapiens	126.314	120.597	136.030	130.214	147.761	141.751	97.084	97.084	97.084	97.084	110.655	106.131	82.991	81.425	114.831	102.582	137.315	126.600	73.074	65.245	89.777	79.785	124.291	108.997
VSG......NPY	YITG..DNLV	NKSQTS	CAVRDNTGGFKTIF	SGH.......NS	FNN....NVP	P.NASF	CASSWGVETQYF	TRAV3*01	TRBV12-3*01	PKYVKQNTLKLAT	HomoSapiens	85.601	73.422	111.378	96.843	136.468	123.522	145.104	145.104	145.104	145.104	149.802	148.236	67.854	66.115	71.821	69.873	105.997	90.476	56.371	39.669	88.733	69.346	116.918	103.125
TRDT.....TYY	RNSF..DEQN	QKSTSS	CALNRGYGGSQGNLIF	SGH.......NS	FNN....NVP	P.NASF	CASREDRGVSKAEQYF	TRAV19*01	TRBV12-3*01	PKYVKQNTLKLAT	HomoSapiens	93.256	92.610	97.726	94.973	107.745	102.423	109.611	109.611	109.611	109.611	127.879	121.790	94.474	93.952	98.545	97.084	123.021	110.620	74.118	65.767	90.125	80.580	117.245	103.831
TRDT.....TYY	RNSF..DEQN	QKSTSS	CALKPGTGNQFYF	SGH.......NS	FNN....NVP	P.NASF	CASSSQGLHEQYF	TRAV19*01	TRBV12-3*01	PKYVKQNTLKLAT	HomoSapiens	77.424	73.670	102.143	90.029	128.876	115.138	97.084	97.084	97.084	97.084	104.913	102.304	84.557	78.989	96.875	91.586	115.393	105.653	102.304	101.608	107.175	104.690	120.833	114.247
VSG......LRG	LYSA...GEE	TK..KE	CAVQYGGSQGNLIF	PRH.......DT	FYE....KMQ	F.SDYH	CASTRQNSNQPQHF	TRAV20*01	TRBV13*01	PKYVKQNTLKLAT	HomoSapiens	68.898	67.009	70.585	69.426	79.685	75.236	131.533	131.533	131.533	131.533	138.841	136.405	130.489	130.489	132.368	131.533	139.804	136.122	105.087	99.694	116.570	109.611	130.293	123.827
TRDT.....TYY	RNSF..DEQN	QKSTSS	CALSKTGGGADGLTF	SGH.......DN	FVK....ESK	T.GGTY	CASSQGRRNGYTF	TRAV19*01	TRBV14*01	PKYVKQNTLKLAT	HomoSapiens	89.429	88.782	107.282	96.832	133.874	121.336	76.206	76.206	76.206	76.206	109.089	98.128	51.674	48.368	65.975	58.181	110.976	89.421	76.554	74.640	82.121	79.089	114.896	100.922
TISG.....NEY	GLK.....NN	TEDRKS	CIVRVYSGGYQKVTF	SGH.......DN	FVK....ESK	T.GGTY	CASSRGPSSEQYF	TRAV26-1*01	TRBV14*01	PKYVKQNTLKLAT	HomoSapiens	110.655	105.485	130.489	119.637	149.849	140.225	105.435	105.435	105.435	105.435	130.489	122.138	94.996	90.125	108.776	102.791	122.941	114.899	91.168	89.255	109.959	101.011	132.512	121.900
DSA......SNY	IRSN...VGE	NKTAKH	CAAKAPYGQNFVF	KGH.......SH	LQK....ENI	P.KEGP	CASSPGLSVGEQFF	TRAV13-1*01	TRBV18*01	PKYVKQNTLKLAT	HomoSapiens	98.998	94.897	113.064	105.802	130.078	121.146	123.182	123.182	123.182	123.182	131.011	128.401	101.782	100.564	116.918	111.420	133.380	125.121	116.222	114.831	122.138	119.006	131.403	126.997
VSP......FSN	MTFS...ENT	DADTKQ	CVVNAQGRDMRF	LNH.......DA	SQI....VND	E.KKES	CASDRVGSNQPQHF	TRAV10*01	TRBV19*01	PKYVKQNTLKLAT	HomoSapiens	117.962	114.085	126.876	121.782	137.006	131.881	136.753	136.753	136.753	136.753	138.319	137.797	87.689	82.817	108.358	99.729	126.073	117.343	132.577	132.055	134.491	133.372	138.710	136.806
NSA......FQY	TYS....SGN	DKSSKY	CAIWNYQLIW	LNH.......DA	SQI....VND	E.KKES	CASDYTGDGNQPQHF	TRAV12-3*01	TRBV19*01	PKYVKQNTLKLAT	HomoSapiens	85.775	75.659	99.252	90.717	114.799	106.340	93.952	93.952	93.952	93.952	96.040	95.344	90.820	90.820	95.414	93.117	107.202	101.948	68.202	66.810	74.988	71.086	92.191	84.496
TSG......FNG	NVL....DGL	SRSKGY	CAVTSMNRDDKIIF	LNH.......DA	SQI....VND	E.KKES	CASTLGPGRDQGAQHF	TRAV1-2*01	TRBV19*01	PKYVKQNTLKLAT	HomoSapiens	109.611	106.131	123.905	115.645	142.130	133.083	129.445	129.445	129.445	129.445	129.967	129.793	91.864	91.864	104.391	98.754	121.656	112.536	103.347	101.434	113.265	107.921	127.945	121.117
TRDT.....TYY	RNSF..DEQN	QKSTSS	CALTRSAGNNRKLIW	LNH.......DA	SQI....VND	E.KKES	CASSFKRGLGDEQFF	TRAV19*01	TRBV19*01	PKYVKQNTLKLAT	HomoSapiens	93.430	89.279	111.217	100.950	135.867	124.237	88.733	88.733	88.733	88.733	110.133	102.999	77.250	77.250	81.425	79.477	113.626	98.851	86.993	84.905	97.084	91.516	117.310	107.600
SVF.......SS	VVTG...GEV	GDARKD	CAGGGAGKSTF	LNH.......DA	SQI....VND	E.KKES	CASSLLRTDTDTQYF	TRAV27*01	TRBV19*01	PKYVKQNTLKLAT	HomoSapiens	42.800	42.800	44.969	43.248	66.336	57.125	134.665	134.665	134.665	134.665	136.231	135.709	100.216	99.520	112.116	107.036	127.920	120.922	82.817	74.814	99.172	89.677	121.551	110.670
TRDT.....TYY	RNSF..DEQN	QKSTSS	CALSEAGAGSYQLTF	SNH.......LY	FYN....NEI	P.DGSN	CASSDGLQGNTEAFF	TRAV19*01	TRBV2*01	PKYVKQNTLKLAT	HomoSapiens	71.508	65.916	90.499	79.349	124.416	107.817	76.206	76.206	76.206	76.206	92.908	87.341	63.157	61.591	68.272	65.767	96.442	82.389	70.986	68.550	85.601	78.244	112.677	100.116
TTQ......YPS	AMKA...NDK	RKETTS	CALSTGGTSYGKLTF	SNH.......LY	FYN....NEI	P.DGSN	CASRGDLEGYTF	TRAV9-1*01	TRBV2*01	PKYVKQNTLKLAT	HomoSapiens	109.785	107.175	115.714	112.020	123.530	119.568	99.172	99.172	99.172	99.172	99.172	99.172	101.260	96.388	111.281	106.549	127.117	120.107	83.861	78.468	98.476	90.224	118.354	108.521
NSA......SDY	IRSN...MDK	NKTVKH	CAENRDYKLSF	SNH.......LY	FYN....NEI	P.DGSN	CASPATEYNEQFF	TRAV13-2*01	TRBV2*01	PKYVKQNTLKLAT	HomoSapiens	88.385	84.557	98.851	92.817	114.198	106.154	111.699	111.699	111.699	111.699	113.787	113.091	102.304	100.216	107.106	104.809	116.356	111.905	77.946	70.464	88.385	81.574	103.152	95.695
TSI.......NN	IRSN...ERE	DTSKKS	CATDAGAGGTSYGKLTF	SNH.......LY	FYN....NEI	P.DGSN	CAKATRDTQYF	TRAV17*01	TRBV2*01	PKYVKQNTLKLAT	HomoSapiens	78.294	73.223	94.755	84.821	119.228	107.683	101.260	101.260	101.260	101.260	123.182	115.874	105.435	102.999	111.908	108.567	130.409	121.679	93.952	89.081	116.918	105.684	135.709	126.966
SVF.......SS	VVTG...GEV	GDARKD	CAGEGGSEKLVF	DFQ......ATT	SNEG...SKA	A.SLTL	CSASGSGGKTEAFF	TRAV27*01	TRBV20-1*01	PKYVKQNTLKLAT	HomoSapiens	59.677	58.161	61.270	60.237	66.874	63.772	107.523	107.523	107.523	107.523	115.874	113.091	90.820	88.733	106.270	100.285	117.641	112.089	66.463	62.635	88.907	77.399	112.808	102.127
TTQ......YPS	AMKA...NDK	RKETTS	CALRMNTGNQFYF	DFQ......ATT	SNEG...SKA	A.SLTL	CSARLPAGDGYTF	TRAV9-1*01	TRBV20-1*01	PKYVKQNTLKLAT	HomoSapiens	114.831	107.821	127.277	119.901	142.384	134.274	101.260	101.260	101.260	101.260	110.655	107.523	110.133	109.611	121.929	117.266	131.453	126.990	74.814	66.289	88.733	79.685	118.288	104.913
VGI.......SA	LSS.....GK	NIQEKH	CAVIVIQGAQKLVF	DFQ......ATT	SNEG...SKA	A.SLTL	CSARDSGDGGYQPQHF	TRAV41*01	TRBV20-1*01	PKYVKQNTLKLAT	HomoSapiens	114.135	108.617	128.642	120.899	141.434	134.443	123.182	123.182	123.182	123.182	132.055	129.097	136.231	135.709	139.258	138.075	143.096	141.341	111.699	106.479	119.876	114.681	129.315	124.525
NSA......FQY	TYS....SGN	DKSSKY	CAMRVTGANSKLTF	SQV.......TM	ANQG...SEA	P.NLTF	CSVELAGGGGNEQFF	TRAV12-3*01	TRBV29-1*01	PKYVKQNTLKLAT	HomoSapiens	104.565	96.587	117.240	109.772	128.908	122.544	97.084	97.084	97.084	97.084	99.172	98.476	108.045	107.523	113.787	111.212	119.729	116.976	73.770	72.030	81.599	77.001	102.043	92.893
NSA......FQY	TYS....SGN	DKSSKY	CAMSAKDAGGTSYGKLTF	DFQ......ATT	SNEG...SKA	A.SLTL	CSAIRTSGTGTQYF	TRAV12-3*01	TRBV20-1*01	PKYVKQNTLKLAT	HomoSapiens	105.261	102.403	113.706	108.452	135.962	125.151	38.625	38.625	38.625	38.625	79.859	66.115	117.962	117.962	127.149	122.416	145.746	137.464	72.030	61.417	92.038	80.232	119.267	104.698
NSA......FQY	TYS....SGN	DKSSKY	CAFNTNAGKSTF	DFQ......ATT	SNEG...SKA	A.SLTL	CSASLGTGQETQYF	TRAV12-3*01	TRBV20-1*01	PKYVKQNTLKLAT	HomoSapiens	92.560	85.104	107.443	98.679	121.916	114.164	89.777	89.777	89.777	89.777	100.216	96.736	103.347	100.564	111.699	108.219	122.941	117.744	68.898	65.941	76.206	71.682	97.019	86.660
VSN......AYN	GS......KP	ER..FS	CAVESNDYKLSF	DFQ......ATT	SNEG...SKA	A.SLTL	CSASSGTQETQYF	TRAV2*01	TRBV20-1*01	PKYVKQNTLKLAT	HomoSapiens	114.309	111.649	124.145	118.937	134.190	129.019	100.216	100.216	100.216	100.216	112.743	108.567	74.640	70.290	93.535	84.209	112.020	103.210	59.503	57.763	86.819	74.516	110.720	99.724
TSG......FNG	NVL....DGL	SRSKGY	CAVRDRQNAGNNRKLIW	DFQ......ATT	SNEG...SKA	A.SLTL	CSAVYQETQYF	TRAV1-2*01	TRBV20-1*01	PKYVKQNTLKLAT	HomoSapiens	119.180	108.070	140.206	128.378	156.302	147.731	158.675	158.675	158.675	158.675	159.719	159.371	82.469	80.381	93.743	89.568	111.378	101.099	122.834	120.920	129.271	125.468	140.211	134.811
SSV......PPY	YTSA..ATLV	KKSETS	CAVDSSSNTGKLIF	KGH.......DR	SFD....VKD	Q.AQAK	CATSAEGGRRSEQFF	TRAV8-4*01	TRBV24-1*01	PKYVKQNTLKLAT	HomoSapiens	98.302	94.400	108.166	102.590	122.454	114.682	123.182	123.182	123.182	123.182	123.182	123.182	109.089	105.087	117.962	114.135	126.233	121.473	114.483	112.395	120.224	116.918	129.119	124.963
TRDT.....TYY	RNSF..DEQN	QKSTSS	CALSELANTDKLIF	MNH.......EY	SMN....VEV	K.EKRN	CASSPGVQGTVQPQHF	TRAV19*01	TRBV27*01	PKYVKQNTLKLAT	HomoSapiens	83.687	77.448	102.063	90.993	126.946	114.769	83.513	83.513	83.513	83.513	105.435	98.128	62.113	60.895	69.525	65.697	97.967	83.226	75.162	72.552	87.863	81.425	110.459	100.392
TSDP.....SYG	QGSY..DQQN	QKARKS	CAMREPNDARLMF	MDH.......EN	SYD....VKM	E.KKER	CASSLGQPNTEAFF	TRAV14/DV4*01	TRBV28*01	PKYVKQNTLKLAT	HomoSapiens	92.734	88.932	106.319	98.988	127.421	117.056	69.942	69.942	69.942	69.942	96.040	87.341	68.898	59.155	89.985	80.869	110.414	99.516	86.993	86.645	96.214	91.318	116.396	107.431
YSG......SPE	HI......SR	NKGETS	CALSGLGYGNKLVF	MDH.......EN	SYD....VKM	E.KKER	CASTGLGRGGTEAFF	TRAV16*01	TRBV28*01	PKYVKQNTLKLAT	HomoSapiens	106.827	98.923	118.123	111.033	130.521	123.602	115.874	115.874	115.874	115.874	121.616	119.702	110.133	107.523	115.248	112.882	122.218	118.880	98.476	87.167	113.091	103.546	124.943	118.968
SSN......FYA	MTLN...GDE	NTKEGY	CAFTTDSWGKFQF	MDH.......EN	SYD....VKM	E.KKER	CASSSSGGSWGYTF	TRAV24*01	TRBV28*01	PKYVKQNTLKLAT	HomoSapiens	129.097	127.904	133.862	131.384	141.498	137.599	139.884	139.884	139.884	139.884	140.928	140.580	104.913	104.739	118.589	113.369	132.898	126.096	118.658	117.614	122.660	120.299	132.316	127.787
TSDP.....SYG	QGSY..DQQN	QKARKS	CAMRGINTGGFKTIF	MDH.......EN	SYD....VKM	E.KKER	CASTQDGTNEKLFF	TRAV14/DV4*01	TRBV28*01	PKYVKQNTLKLAT	HomoSapiens	104.043	98.476	118.043	110.162	138.872	128.708	100.216	100.216	100.216	100.216	121.094	114.135	99.172	91.864	116.501	108.149	134.665	125.969	85.601	78.989	94.300	88.285	123.704	111.008
TSDP.....SYG	QGSY..DQQN	QKARKS	CAMRENSGGGADGLTF	MDH.......EN	SYD....VKM	E.KKER	CASSLSNQPQHF	TRAV14/DV4*01	TRBV28*01	PKYVKQNTLKLAT	HomoSapiens	107.001	102.304	121.736	113.970	139.505	130.121	96.040	96.040	96.040	96.040	115.352	108.915	84.557	82.121	105.227	97.641	131.935	120.383	85.253	84.035	96.388	90.224	123.834	111.538
SSY......STF	SSE....NQE	IKSDSS	CALRGDKLIF	MDH.......EN	SYD....VKM	E.KKER	CASTSGGTYNEQFF	TRAV18*01	TRBV28*01	PKYVKQNTLKLAT	HomoSapiens	100.738	97.581	106.800	103.095	115.653	111.358	96.040	96.040	96.040	96.040	101.260	99.520	104.391	104.043	105.853	105.018	111.779	108.877	91.516	89.255	97.780	94.350	107.327	102.687
TRDT.....TYY	RNSF..DEQN	QKSTSS	CALSEADYGGSQGNLIF	MDH.......EN	SYD....VKM	E.KKER	CASSSPTSGSLQYEQYF	TRAV19*01	TRBV28*01	PKYVKQNTLKLAT	HomoSapiens	95.866	94.201	105.355	100.067	118.785	111.743	105.435	105.435	105.435	105.435	121.094	115.874	81.947	79.685	91.656	87.550	119.568	105.217	70.290	62.635	90.994	78.343	125.139	108.759
NIAT.....NDY	GYK.....TK	PADRKS	CLVRGTGFQKLVF	MDH.......EN	SYD....VKM	E.KKER	CASSSQGYEQYF	TRAV4*01	TRBV28*01	PKYVKQNTLKLAT	HomoSapiens	115.874	111.003	126.554	120.360	135.361	130.545	105.435	105.435	105.435	105.435	114.309	111.351	98.650	97.432	110.655	105.087	121.736	116.505	95.692	93.082	102.999	98.675	116.592	109.795
DRG......SQS	IYS....NGD	NKASQY	CAVTEDDKIIF	MDH.......EN	SYD....VKM	E.KKER	CASSSSGGASYEQYF	TRAV12-2*01	TRBV28*01	PKYVKQNTLKLAT	HomoSapiens	74.988	71.881	89.616	81.953	114.514	102.218	68.898	68.898	68.898	68.898	85.079	79.685	83.513	81.425	103.974	96.318	118.605	111.756	83.165	80.207	90.820	86.645	104.783	97.583
NSA......FQY	TYS....SGN	DKSSKY	CAMKGGSEKLVF	SQV.......TM	ANQG...SEA	P.NLTF	CSVAGTGSNQPQHF	TRAV12-3*01	TRBV29-1*01	PKYVKQNTLKLAT	HomoSapiens	88.907	81.674	99.252	92.679	115.463	107.277	79.337	79.337	79.337	79.337	87.689	84.905	95.518	93.256	102.512	99.659	110.735	106.319	62.983	60.547	67.854	64.971	88.602	79.015
NSA......FQY	TYS....SGN	DKSSKY	CAMNENGNEKLTF	SQV.......TM	ANQG...SEA	P.NLTF	CSGAGEGIEQYF	TRAV12-3*01	TRBV29-1*01	PKYVKQNTLKLAT	HomoSapiens	92.386	84.806	105.516	97.830	120.936	112.986	77.250	77.250	77.250	77.250	87.167	83.861	96.040	94.300	104.809	101.538	112.823	109.175	61.591	58.981	69.594	64.623	89.646	80.151
TTQ......YPS	AMKA...NDK	RKETTS	CALSDQDDYKLSF	LGH.......DT	YNN....KEL	P.DKAH	CASSQSGGLKDTQYF	TRAV9-1*01	TRBV3-1*01	PKYVKQNTLKLAT	HomoSapiens	108.567	104.093	121.255	114.062	135.234	127.923	79.337	79.337	79.337	79.337	107.523	98.128	92.386	85.253	108.358	101.608	119.408	113.615	76.206	70.116	92.212	82.668	113.526	103.793
YGA......TPY	YFSG..DTLV	KRSQSS	CAVGANFGNEKLTF	LGH.......DT	YNN....KEL	P.DKAH	CASSQVEETQYF	TRAV8-3*01	TRBV3-1*01	PKYVKQNTLKLAT	HomoSapiens	117.962	114.234	125.270	120.738	137.670	131.596	135.709	135.709	135.709	135.709	136.231	136.057	108.567	107.871	111.490	110.098	121.415	116.368	103.347	100.216	110.829	106.181	126.248	119.659
YSG......SPE	HI......SR	NKGETS	CALSDGAGGYNKLIF	GTS......NPN	SVG.....IG	P.QDRQ	CAWSGRRGVTEAFF	TRAV16*01	TRBV30*01	PKYVKQNTLKLAT	HomoSapiens	111.003	104.988	123.905	116.471	136.215	129.905	132.577	132.577	132.577	132.577	134.665	133.969	93.430	91.516	109.820	103.347	121.576	115.691	92.560	84.035	107.871	98.675	123.573	116.036
NSA......FQY	TYS....SGN	DKSSKY	CAANADAGGTSYGKLTF	SGH.......RS	YFS....ETQ	F.SNSR	CASSLAPGQHNEQFF	TRAV12-3*01	TRBV5-1*01	PKYVKQNTLKLAT	HomoSapiens	94.126	92.511	103.428	98.266	125.649	114.388	39.669	39.669	39.669	39.669	80.903	67.158	109.611	109.611	117.545	113.508	137.395	128.470	66.463	56.719	81.947	71.980	108.437	94.720
TSDP.....SYG	QGSY..DQQN	QKARKS	CAMRNKGGGSNYKLTF	SGH.......RS	YFS....ETQ	F.SNSR	CASSRDLTDTQYF	TRAV14/DV4*01	TRBV5-1*01	PKYVKQNTLKLAT	HomoSapiens	86.645	79.139	103.187	93.574	127.389	115.238	64.723	64.723	64.723	64.723	101.260	89.081	98.128	89.777	114.831	107.314	128.883	122.012	90.473	89.081	98.476	93.903	118.941	109.672
DRG......SQS	IYS....NGD	NKASQY	CAVNIRGADGLTF	SGH.......NT	YYR....EEE	F.PNYS	CASSLASGSRYNEQFF	TRAV12-2*01	TRBV5-4*01	PKYVKQNTLKLAT	HomoSapiens	80.555	77.647	98.690	88.216	122.676	110.884	88.733	88.733	88.733	88.733	105.957	100.216	85.601	80.729	113.787	102.860	128.642	121.427	81.425	77.598	95.344	87.888	111.373	103.731
TTL.......SN	LVKS...GEV	GEAKKN	CASQSNTGNQFYF	SGH.......NT	YYR....EEE	F.PNYS	CASSYGGTGGLTEQYF	TRAV25*01	TRBV5-4*01	PKYVKQNTLKLAT	HomoSapiens	100.390	97.631	103.107	101.306	115.463	109.270	124.226	124.226	124.226	124.226	128.923	127.357	112.743	109.263	122.347	118.241	129.526	125.694	97.432	92.908	106.479	100.961	126.575	117.057
NSA......FQY	TYS....SGN	DKSSKY	CAMSPGSSNTGKLIF	MNH.......NS	SAS....EGT	L.NKRE	CASSVGYNQPQHF	TRAV12-3*01	TRBV6-1*01	PKYVKQNTLKLAT	HomoSapiens	90.820	88.882	92.748	91.371	109.801	100.981	77.250	77.250	77.250	77.250	82.991	81.077	120.572	119.354	125.896	123.739	134.745	130.604	81.773	78.989	86.645	83.513	104.065	94.643
VSN......AYN	GS......KP	ER..FS	CAVDLYNARLMF	MNH.......NS	SAS....EGT	L.NKRE	CASSDRGANSYNEQFF	TRAV2*01	TRBV6-1*01	PKYVKQNTLKLAT	HomoSapiens	120.746	118.111	129.204	124.662	138.050	133.279	125.270	125.270	125.270	125.270	129.967	128.401	85.601	82.817	93.952	89.777	112.181	103.520	75.162	70.116	99.346	87.092	120.768	110.732
VSN......AYN	GS......KP	ER..FS	CAVEDKDSSYKLIF	MNH.......EY	SVG....AGI	S.TTED	CASSSTGRVLTEAFF	TRAV2*01	TRBV6-5*01	PKYVKQNTLKLAT	HomoSapiens	128.401	125.866	134.263	130.696	144.503	139.585	123.182	123.182	123.182	123.182	124.748	124.226	70.986	70.986	96.666	85.671	119.488	108.900	70.290	65.941	97.954	84.806	119.463	109.035
TTS.......DR	LLSN...GAV	DTKARL	YGSTDKLIF	MNH.......EY	SVG....AGI	S.TTED	CASSQGGGGGAGELFF	TRAV39*01	TRBV6-5*01	PKYVKQNTLKLAT	HomoSapiens	99.346	98.078	107.282	103.233	116.412	112.015	112.743	112.743	112.743	112.743	112.743	112.743	56.893	50.804	91.447	78.015	108.246	99.860	91.864	87.515	100.390	95.245	110.524	105.535
VSN......AYN	GS......KP	ER..FS	CAVFTSGTYKYIF	MNH.......EY	SVG....AGI	S.TTED	CASSPERRAYEQYF	TRAV2*01	TRBV6-5*01	PKYVKQNTLKLAT	HomoSapiens	134.143	133.024	140.045	136.833	148.394	144.255	130.489	130.489	130.489	130.489	133.621	132.577	94.474	92.560	103.765	99.172	126.073	116.299	77.946	73.944	96.910	85.651	122.399	111.254
VSG......NPY	YITG..DNLV	NKSQTS	CAVRDNTGGFKTIF	MNH.......EY	SVG....AGI	S.TTED	CASSPGTSGAYEQYF	TRAV3*01	TRBV6-5*01	PKYVKQNTLKLAT	HomoSapiens	85.601	73.422	111.378	96.843	136.468	123.522	145.104	145.104	145.104	145.104	149.802	148.236	67.854	66.115	71.821	69.873	105.997	90.476	56.371	39.669	88.733	69.346	116.918	103.125
SVF.......SS	VVTG...GEV	GDARKD	CAGAAGANNLFF	MNH.......EY	SVG....AGI	S.TTED	CASSYSSGGPREQYF	TRAV27*01	TRBV6-5*01	PKYVKQNTLKLAT	HomoSapiens	48.890	45.037	53.079	49.936	60.262	56.368	124.226	124.226	124.226	124.226	131.533	129.097	103.347	101.260	113.995	109.820	124.226	119.064	77.250	72.378	99.694	87.937	121.159	111.046
DSS......STY	IFSN...MDM	NKKDKH	CAESPGANNLFF	MNH.......NY	SVG....AGI	S.TTED	CASSPQGGRHGYTF	TRAV5*01	TRBV6-6*01	PKYVKQNTLKLAT	HomoSapiens	97.780	95.642	104.472	100.503	115.526	109.816	106.479	106.479	106.479	106.479	117.440	113.787	102.826	102.304	109.611	106.201	121.576	116.287	97.780	94.300	105.261	101.061	113.917	109.550
TSDP.....SYG	QGSY..DQQN	QKARKS	CAMRRMNTGFQKLVF	SGH.......TA	FQG....TGA	P.EGSV	CASSLMGGVPYNEQFF	TRAV14/DV4*01	TRBV7-3*01	PKYVKQNTLKLAT	HomoSapiens	97.954	92.163	113.305	105.034	133.431	123.011	97.084	97.084	97.084	97.084	108.567	104.739	90.299	86.993	106.897	100.077	127.277	118.020	80.381	74.292	95.866	86.247	118.745	108.229
TISG.....NEY	GLK.....NN	TEDRKS	CIVTVPNRDDKIIF	SGH.......TA	FQG....TGA	P.EGSV	CASSLMGGVPYNEQFF	TRAV26-1*01	TRBV7-3*01	PKYVKQNTLKLAT	HomoSapiens	107.001	99.023	128.080	116.253	147.477	137.281	75.162	75.162	75.162	75.162	107.523	96.736	94.996	89.429	105.435	100.703	125.189	115.209	97.084	93.430	111.003	103.795	130.163	121.209
VSG......NPY	YITG..DNLV	NKSQTS	CAVRDPWGNNRLAF	SGH.......TA	FQG....TGA	P.EGSV	CASSLMGGVPYNEQFF	TRAV3*01	TRBV7-3*01	PKYVKQNTLKLAT	HomoSapiens	87.341	75.460	109.209	95.902	132.451	120.454	135.709	135.709	135.709	135.709	138.319	137.449	41.757	41.757	52.822	47.950	87.608	72.558	80.381	74.640	97.606	88.136	119.463	109.219
TTQ......YPS	AMKA...NDK	RKETTS	CALSETGFQKLVF	SGH.......TA	FQG....TGA	P.EGSV	CASSSGLAGGLETQYF	TRAV9-1*01	TRBV7-3*01	PKYVKQNTLKLAT	HomoSapiens	111.525	107.026	121.335	115.691	134.950	127.789	69.942	69.942	69.942	69.942	94.474	86.297	93.430	89.081	107.732	101.538	121.094	114.555	68.898	64.897	84.557	75.957	109.480	98.205
TISG.....TDY	GLT.....SN	AEDRKS	CILRRGGSNYKLTF	SGH.......TA	FQG....TGA	P.EGSV	CASSPLAGPLYEQYF	TRAV26-2*01	TRBV7-3*01	PKYVKQNTLKLAT	HomoSapiens	96.388	92.709	111.297	103.542	121.474	116.051	92.908	92.908	92.908	92.908	105.957	101.608	80.381	79.337	87.271	84.766	103.187	94.285	102.652	101.434	106.305	104.292	118.615	112.981
DRG......SQS	IYS....NGD	NKASQY	CAVVNSGYSTLTF	SGH.......VS	FNY....EAQ	P.EGSI	CASSLGGTYSNQPQHF	TRAV12-2*01	TRBV7-6*01	PKYVKQNTLKLAT	HomoSapiens	89.255	82.419	105.034	95.214	123.909	114.929	79.337	79.337	79.337	79.337	87.689	84.905	76.206	65.071	101.260	90.125	120.612	111.343	87.689	83.165	100.564	93.505	117.897	109.857
NSA......FQY	TYS....SGN	DKSSKY	CAMRSSGTYKYIF	SGH.......VS	FNY....EAQ	P.EGSI	CASSSSGQDANEQFF	TRAV12-3*01	TRBV7-6*01	PKYVKQNTLKLAT	HomoSapiens	100.738	93.903	115.473	107.053	130.015	122.259	97.084	97.084	97.084	97.084	101.260	99.868	102.304	100.912	109.820	106.201	120.933	115.255	71.682	70.812	76.902	73.869	100.477	90.337
VGI.......SA	LSS.....GK	NIQEKH	CAVGGNQFYF	SEH.......NR	FQN....EAQ	P.KGSF	CASSFSGVSGANVLTF	TRAV41*01	TRBV7-9*01	PKYVKQNTLKLAT	HomoSapiens	100.738	97.432	109.049	104.368	118.848	113.115	89.777	89.777	89.777	89.777	103.347	98.824	116.918	116.570	119.215	118.310	125.671	122.608	102.652	100.042	107.175	104.242	118.158	113.034
