epitope	chains	nbrdist	roctype	auc
LLFGYPVYV	A	5	others	1
LLFGYPVYV	A	5	others_wtd	1
LLFGYPVYV	A	5	random	1
LLFGYPVYV	A	5	random_wtd	1
LLFGYPVYV	A	10	others	1
LLFGYPVYV	A	10	others_wtd	1
LLFGYPVYV	A	10	random	1
LLFGYPVYV	A	10	random_wtd	1
LLFGYPVYV	A	25	others	1
LLFGYPVYV	A	25	others_wtd	1
LLFGYPVYV	A	25	random	1
LLFGYPVYV	A	25	random_wtd	1
VHFFKNIVTPRTPG	A	5	others	1
VHFFKNIVTPRTPG	A	5	others_wtd	1
VHFFKNIVTPRTPG	A	5	random	1
VHFFKNIVTPRTPG	A	5	random_wtd	1
VHFFKNIVTPRTPG	A	10	others	1
VHFFKNIVTPRTPG	A	10	others_wtd	1
VHFFKNIVTPRTPG	A	10	random	1
VHFFKNIVTPRTPG	A	10	random_wtd	1
VHFFKNIVTPRTPG	A	25	others	1
VHFFKNIVTPRTPG	A	25	others_wtd	1
VHFFKNIVTPRTPG	A	25	random	1
VHFFKNIVTPRTPG	A	25	random_wtd	1
SLLMWITQV	A	5	others	1
SLLMWITQV	A	5	others_wtd	1
SLLMWITQV	A	5	random	1
SLLMWITQV	A	5	random_wtd	1
SLLMWITQV	A	10	others	1
SLLMWITQV	A	10	others_wtd	1
SLLMWITQV	A	10	random	1
SLLMWITQV	A	10	random_wtd	1
SLLMWITQV	A	25	others	1
SLLMWITQV	A	25	others_wtd	1
SLLMWITQV	A	25	random	1
SLLMWITQV	A	25	random_wtd	1
VMAPRTLIL	A	5	others	1
VMAPRTLIL	A	5	others_wtd	1
VMAPRTLIL	A	5	random	1
VMAPRTLIL	A	5	random_wtd	1
VMAPRTLIL	A	10	others	1
VMAPRTLIL	A	10	others_wtd	1
VMAPRTLIL	A	10	random	1
VMAPRTLIL	A	10	random_wtd	1
VMAPRTLIL	A	25	others	1
VMAPRTLIL	A	25	others_wtd	1
VMAPRTLIL	A	25	random	1
VMAPRTLIL	A	25	random_wtd	1
GELIGILNAAKVPAD	A	5	others	1
GELIGILNAAKVPAD	A	5	others_wtd	1
GELIGILNAAKVPAD	A	5	random	1
GELIGILNAAKVPAD	A	5	random_wtd	1
GELIGILNAAKVPAD	A	10	others	1
GELIGILNAAKVPAD	A	10	others_wtd	1
GELIGILNAAKVPAD	A	10	random	1
GELIGILNAAKVPAD	A	10	random_wtd	1
GELIGILNAAKVPAD	A	25	others	1
GELIGILNAAKVPAD	A	25	others_wtd	1
GELIGILNAAKVPAD	A	25	random	1
GELIGILNAAKVPAD	A	25	random_wtd	1
GILGFVFTL	A	5	others	0.938761819575773
GILGFVFTL	A	5	others_wtd	0.973479427549195
GILGFVFTL	A	5	random	0.901357142857143
GILGFVFTL	A	5	random_wtd	0.944285714285714
GILGFVFTL	A	10	others	0.883874265269614
GILGFVFTL	A	10	others_wtd	0.931127012522361
GILGFVFTL	A	10	random	0.850285714285714
GILGFVFTL	A	10	random_wtd	0.893142857142857
GILGFVFTL	A	25	others	0.829529772553028
GILGFVFTL	A	25	others_wtd	0.863742652696141
GILGFVFTL	A	25	random	0.803
GILGFVFTL	A	25	random_wtd	0.832142857142857
PKYVKQNTLKLAT	A	5	others	0.997847919655667
PKYVKQNTLKLAT	A	5	others_wtd	0.997847919655667
PKYVKQNTLKLAT	A	5	random	1
PKYVKQNTLKLAT	A	5	random_wtd	1
PKYVKQNTLKLAT	A	10	others	0.997847919655667
PKYVKQNTLKLAT	A	10	others_wtd	0.997847919655667
PKYVKQNTLKLAT	A	10	random	1
PKYVKQNTLKLAT	A	10	random_wtd	1
PKYVKQNTLKLAT	A	25	others	0.997847919655667
PKYVKQNTLKLAT	A	25	others_wtd	0.997847919655667
PKYVKQNTLKLAT	A	25	random	1
PKYVKQNTLKLAT	A	25	random_wtd	1
KAFSPEVIPMF	A	5	others	1
KAFSPEVIPMF	A	5	others_wtd	1
KAFSPEVIPMF	A	5	random	1
KAFSPEVIPMF	A	5	random_wtd	1
KAFSPEVIPMF	A	10	others	1
KAFSPEVIPMF	A	10	others_wtd	1
KAFSPEVIPMF	A	10	random	1
KAFSPEVIPMF	A	10	random_wtd	1
KAFSPEVIPMF	A	25	others	0.995105237395986
KAFSPEVIPMF	A	25	others_wtd	0.997838146516561
KAFSPEVIPMF	A	25	random	0.997777777777778
KAFSPEVIPMF	A	25	random_wtd	0.997777777777778
FLRGRAYGL	A	5	others	1
FLRGRAYGL	A	5	others_wtd	1
FLRGRAYGL	A	5	random	1
FLRGRAYGL	A	5	random_wtd	1
FLRGRAYGL	A	10	others	1
FLRGRAYGL	A	10	others_wtd	1
FLRGRAYGL	A	10	random	1
FLRGRAYGL	A	10	random_wtd	1
FLRGRAYGL	A	25	others	1
FLRGRAYGL	A	25	others_wtd	1
FLRGRAYGL	A	25	random	1
FLRGRAYGL	A	25	random_wtd	1
NLVPMVATV	A	5	others	0.997772858938624
NLVPMVATV	A	5	others_wtd	0.999070885937585
NLVPMVATV	A	5	random	0.994912280701754
NLVPMVATV	A	5	random_wtd	0.998245614035088
NLVPMVATV	A	10	others	0.96704377766847
NLVPMVATV	A	10	others_wtd	0.985011204022517
NLVPMVATV	A	10	random	0.975263157894737
NLVPMVATV	A	10	random_wtd	0.989122807017544
NLVPMVATV	A	25	others	0.920601737989834
NLVPMVATV	A	25	others_wtd	0.952423894627535
NLVPMVATV	A	25	random	0.936315789473684
NLVPMVATV	A	25	random_wtd	0.96280701754386
ELAGIGILTV	A	5	others	1
ELAGIGILTV	A	5	others_wtd	1
ELAGIGILTV	A	5	random	1
ELAGIGILTV	A	5	random_wtd	1
ELAGIGILTV	A	10	others	1
ELAGIGILTV	A	10	others_wtd	1
ELAGIGILTV	A	10	random	1
ELAGIGILTV	A	10	random_wtd	1
ELAGIGILTV	A	25	others	1
ELAGIGILTV	A	25	others_wtd	1
ELAGIGILTV	A	25	random	1
ELAGIGILTV	A	25	random_wtd	1
EEYLKAWTF	A	5	others	1
EEYLKAWTF	A	5	others_wtd	1
EEYLKAWTF	A	5	random	1
EEYLKAWTF	A	5	random_wtd	1
EEYLKAWTF	A	10	others	1
EEYLKAWTF	A	10	others_wtd	1
EEYLKAWTF	A	10	random	1
EEYLKAWTF	A	10	random_wtd	1
EEYLKAWTF	A	25	others	1
EEYLKAWTF	A	25	others_wtd	1
EEYLKAWTF	A	25	random	1
EEYLKAWTF	A	25	random_wtd	1
HPVGEADYFEY	A	5	others	0.999260355029586
HPVGEADYFEY	A	5	others_wtd	0.999260355029586
HPVGEADYFEY	A	5	random	1
HPVGEADYFEY	A	5	random_wtd	1
HPVGEADYFEY	A	10	others	0.999196038075637
HPVGEADYFEY	A	10	others_wtd	0.999196038075637
HPVGEADYFEY	A	10	random	1
HPVGEADYFEY	A	10	random_wtd	1
HPVGEADYFEY	A	25	others	0.995915873424235
HPVGEADYFEY	A	25	others_wtd	0.998038332904554
HPVGEADYFEY	A	25	random	0.987826086956522
HPVGEADYFEY	A	25	random_wtd	0.996521739130435
RFPLTFGWCF	A	5	others	1
RFPLTFGWCF	A	5	others_wtd	1
RFPLTFGWCF	A	5	random	1
RFPLTFGWCF	A	5	random_wtd	1
RFPLTFGWCF	A	10	others	1
RFPLTFGWCF	A	10	others_wtd	1
RFPLTFGWCF	A	10	random	1
RFPLTFGWCF	A	10	random_wtd	1
RFPLTFGWCF	A	25	others	1
RFPLTFGWCF	A	25	others_wtd	1
RFPLTFGWCF	A	25	random	1
RFPLTFGWCF	A	25	random_wtd	1
RYPLTFGWCF	A	5	others	1
RYPLTFGWCF	A	5	others_wtd	1
RYPLTFGWCF	A	5	random	1
RYPLTFGWCF	A	5	random_wtd	1
RYPLTFGWCF	A	10	others	1
RYPLTFGWCF	A	10	others_wtd	1
RYPLTFGWCF	A	10	random	1
RYPLTFGWCF	A	10	random_wtd	1
RYPLTFGWCF	A	25	others	1
RYPLTFGWCF	A	25	others_wtd	1
RYPLTFGWCF	A	25	random	1
RYPLTFGWCF	A	25	random_wtd	1
ALGIGILTV	A	5	others	1
ALGIGILTV	A	5	others_wtd	1
ALGIGILTV	A	5	random	1
ALGIGILTV	A	5	random_wtd	1
ALGIGILTV	A	10	others	1
ALGIGILTV	A	10	others_wtd	1
ALGIGILTV	A	10	random	1
ALGIGILTV	A	10	random_wtd	1
ALGIGILTV	A	25	others	1
ALGIGILTV	A	25	others_wtd	1
ALGIGILTV	A	25	random	1
ALGIGILTV	A	25	random_wtd	1
KRWIILGLNK	A	5	others	1
KRWIILGLNK	A	5	others_wtd	1
KRWIILGLNK	A	5	random	1
KRWIILGLNK	A	5	random_wtd	1
KRWIILGLNK	A	10	others	1
KRWIILGLNK	A	10	others_wtd	1
KRWIILGLNK	A	10	random	1
KRWIILGLNK	A	10	random_wtd	1
KRWIILGLNK	A	25	others	1
KRWIILGLNK	A	25	others_wtd	1
KRWIILGLNK	A	25	random	1
KRWIILGLNK	A	25	random_wtd	1
SGEGSFQPSQENP	A	5	others	1
SGEGSFQPSQENP	A	5	others_wtd	1
SGEGSFQPSQENP	A	5	random	1
SGEGSFQPSQENP	A	5	random_wtd	1
SGEGSFQPSQENP	A	10	others	1
SGEGSFQPSQENP	A	10	others_wtd	1
SGEGSFQPSQENP	A	10	random	1
SGEGSFQPSQENP	A	10	random_wtd	1
SGEGSFQPSQENP	A	25	others	1
SGEGSFQPSQENP	A	25	others_wtd	1
SGEGSFQPSQENP	A	25	random	1
SGEGSFQPSQENP	A	25	random_wtd	1
ELAAIGILTV	A	5	others	1
ELAAIGILTV	A	5	others_wtd	1
ELAAIGILTV	A	5	random	1
ELAAIGILTV	A	5	random_wtd	1
ELAAIGILTV	A	10	others	1
ELAAIGILTV	A	10	others_wtd	1
ELAAIGILTV	A	10	random	1
ELAAIGILTV	A	10	random_wtd	1
ELAAIGILTV	A	25	others	1
ELAAIGILTV	A	25	others_wtd	1
ELAAIGILTV	A	25	random	1
ELAAIGILTV	A	25	random_wtd	1
LPEPLPQGQLTAY	A	5	others	0.999279538904899
LPEPLPQGQLTAY	A	5	others_wtd	0.999279538904899
LPEPLPQGQLTAY	A	5	random	1
LPEPLPQGQLTAY	A	5	random_wtd	1
LPEPLPQGQLTAY	A	10	others	0.999279538904899
LPEPLPQGQLTAY	A	10	others_wtd	0.999279538904899
LPEPLPQGQLTAY	A	10	random	1
LPEPLPQGQLTAY	A	10	random_wtd	1
LPEPLPQGQLTAY	A	25	others	0.999279538904899
LPEPLPQGQLTAY	A	25	others_wtd	0.999279538904899
LPEPLPQGQLTAY	A	25	random	1
LPEPLPQGQLTAY	A	25	random_wtd	1
ILAKFLHWL	A	5	others	1
ILAKFLHWL	A	5	others_wtd	1
ILAKFLHWL	A	5	random	1
ILAKFLHWL	A	5	random_wtd	1
ILAKFLHWL	A	10	others	1
ILAKFLHWL	A	10	others_wtd	1
ILAKFLHWL	A	10	random	1
ILAKFLHWL	A	10	random_wtd	1
ILAKFLHWL	A	25	others	1
ILAKFLHWL	A	25	others_wtd	1
ILAKFLHWL	A	25	random	1
ILAKFLHWL	A	25	random_wtd	1
APQPELPYPQPGS	A	5	others	1
APQPELPYPQPGS	A	5	others_wtd	1
APQPELPYPQPGS	A	5	random	1
APQPELPYPQPGS	A	5	random_wtd	1
APQPELPYPQPGS	A	10	others	1
APQPELPYPQPGS	A	10	others_wtd	1
APQPELPYPQPGS	A	10	random	1
APQPELPYPQPGS	A	10	random_wtd	1
APQPELPYPQPGS	A	25	others	1
APQPELPYPQPGS	A	25	others_wtd	1
APQPELPYPQPGS	A	25	random	1
APQPELPYPQPGS	A	25	random_wtd	1
APQPELPYPQPG	A	5	others	1
APQPELPYPQPG	A	5	others_wtd	1
APQPELPYPQPG	A	5	random	1
APQPELPYPQPG	A	5	random_wtd	1
APQPELPYPQPG	A	10	others	1
APQPELPYPQPG	A	10	others_wtd	1
APQPELPYPQPG	A	10	random	1
APQPELPYPQPG	A	10	random_wtd	1
APQPELPYPQPG	A	25	others	1
APQPELPYPQPG	A	25	others_wtd	1
APQPELPYPQPG	A	25	random	1
APQPELPYPQPG	A	25	random_wtd	1
QPFPQPELPYP	A	5	others	1
QPFPQPELPYP	A	5	others_wtd	1
QPFPQPELPYP	A	5	random	1
QPFPQPELPYP	A	5	random_wtd	1
QPFPQPELPYP	A	10	others	1
QPFPQPELPYP	A	10	others_wtd	1
QPFPQPELPYP	A	10	random	1
QPFPQPELPYP	A	10	random_wtd	1
QPFPQPELPYP	A	25	others	1
QPFPQPELPYP	A	25	others_wtd	1
QPFPQPELPYP	A	25	random	1
QPFPQPELPYP	A	25	random_wtd	1
HPVGDADYFEY	A	5	others	0.999283667621776
HPVGDADYFEY	A	5	others_wtd	0.999283667621776
HPVGDADYFEY	A	5	random	1
HPVGDADYFEY	A	5	random_wtd	1
HPVGDADYFEY	A	10	others	0.999283667621776
HPVGDADYFEY	A	10	others_wtd	0.999283667621776
HPVGDADYFEY	A	10	random	1
HPVGDADYFEY	A	10	random_wtd	1
HPVGDADYFEY	A	25	others	0.999283667621776
HPVGDADYFEY	A	25	others_wtd	0.999283667621776
HPVGDADYFEY	A	25	random	1
HPVGDADYFEY	A	25	random_wtd	1
HSKKKCDEL	A	5	others	1
HSKKKCDEL	A	5	others_wtd	1
HSKKKCDEL	A	5	random	1
HSKKKCDEL	A	5	random_wtd	1
HSKKKCDEL	A	10	others	1
HSKKKCDEL	A	10	others_wtd	1
HSKKKCDEL	A	10	random	1
HSKKKCDEL	A	10	random_wtd	1
HSKKKCDEL	A	25	others	1
HSKKKCDEL	A	25	others_wtd	1
HSKKKCDEL	A	25	random	1
HSKKKCDEL	A	25	random_wtd	1
QPLALEGSLQKRG	A	5	others	1
QPLALEGSLQKRG	A	5	others_wtd	1
QPLALEGSLQKRG	A	5	random	1
QPLALEGSLQKRG	A	5	random_wtd	1
QPLALEGSLQKRG	A	10	others	1
QPLALEGSLQKRG	A	10	others_wtd	1
QPLALEGSLQKRG	A	10	random	1
QPLALEGSLQKRG	A	10	random_wtd	1
QPLALEGSLQKRG	A	25	others	1
QPLALEGSLQKRG	A	25	others_wtd	1
QPLALEGSLQKRG	A	25	random	1
QPLALEGSLQKRG	A	25	random_wtd	1
LQPLALEGSLQKRG	A	5	others	1
LQPLALEGSLQKRG	A	5	others_wtd	1
LQPLALEGSLQKRG	A	5	random	1
LQPLALEGSLQKRG	A	5	random_wtd	1
LQPLALEGSLQKRG	A	10	others	1
LQPLALEGSLQKRG	A	10	others_wtd	1
LQPLALEGSLQKRG	A	10	random	1
LQPLALEGSLQKRG	A	10	random_wtd	1
LQPLALEGSLQKRG	A	25	others	1
LQPLALEGSLQKRG	A	25	others_wtd	1
LQPLALEGSLQKRG	A	25	random	1
LQPLALEGSLQKRG	A	25	random_wtd	1
PSGEGSFQPSQENPQ	A	5	others	1
PSGEGSFQPSQENPQ	A	5	others_wtd	1
PSGEGSFQPSQENPQ	A	5	random	1
PSGEGSFQPSQENPQ	A	5	random_wtd	1
PSGEGSFQPSQENPQ	A	10	others	1
PSGEGSFQPSQENPQ	A	10	others_wtd	1
PSGEGSFQPSQENPQ	A	10	random	1
PSGEGSFQPSQENPQ	A	10	random_wtd	1
PSGEGSFQPSQENPQ	A	25	others	1
PSGEGSFQPSQENPQ	A	25	others_wtd	1
PSGEGSFQPSQENPQ	A	25	random	1
PSGEGSFQPSQENPQ	A	25	random_wtd	1
GLCTLVAML	A	5	others	0.983846756298133
GLCTLVAML	A	5	others_wtd	0.996443023104033
GLCTLVAML	A	5	random	0.987446808510638
GLCTLVAML	A	5	random_wtd	0.998297872340426
GLCTLVAML	A	10	others	0.957071531131706
GLCTLVAML	A	10	others_wtd	0.972604751337945
GLCTLVAML	A	10	random	0.949574468085106
GLCTLVAML	A	10	random_wtd	0.975957446808511
GLCTLVAML	A	25	others	0.895428142540138
GLCTLVAML	A	25	others_wtd	0.935843884610364
GLCTLVAML	A	25	random	0.910425531914894
GLCTLVAML	A	25	random_wtd	0.934468085106383
TPRVTGGGAM	A	5	others	1
TPRVTGGGAM	A	5	others_wtd	1
TPRVTGGGAM	A	5	random	1
TPRVTGGGAM	A	5	random_wtd	1
TPRVTGGGAM	A	10	others	1
TPRVTGGGAM	A	10	others_wtd	1
TPRVTGGGAM	A	10	random	1
TPRVTGGGAM	A	10	random_wtd	1
TPRVTGGGAM	A	25	others	1
TPRVTGGGAM	A	25	others_wtd	1
TPRVTGGGAM	A	25	random	1
TPRVTGGGAM	A	25	random_wtd	1
FLKEKGGL	A	5	others	1
FLKEKGGL	A	5	others_wtd	1
FLKEKGGL	A	5	random	1
FLKEKGGL	A	5	random_wtd	1
FLKEKGGL	A	10	others	1
FLKEKGGL	A	10	others_wtd	1
FLKEKGGL	A	10	random	1
FLKEKGGL	A	10	random_wtd	1
FLKEKGGL	A	25	others	1
FLKEKGGL	A	25	others_wtd	1
FLKEKGGL	A	25	random	1
FLKEKGGL	A	25	random_wtd	1
GPEPLPQGQLTAY	A	5	others	0.998567335243553
GPEPLPQGQLTAY	A	5	others_wtd	0.998567335243553
GPEPLPQGQLTAY	A	5	random	1
GPEPLPQGQLTAY	A	5	random_wtd	1
GPEPLPQGQLTAY	A	10	others	0.998567335243553
GPEPLPQGQLTAY	A	10	others_wtd	0.998567335243553
GPEPLPQGQLTAY	A	10	random	1
GPEPLPQGQLTAY	A	10	random_wtd	1
GPEPLPQGQLTAY	A	25	others	0.998567335243553
GPEPLPQGQLTAY	A	25	others_wtd	0.998567335243553
GPEPLPQGQLTAY	A	25	random	1
GPEPLPQGQLTAY	A	25	random_wtd	1
EPLPQGQLTAY	A	5	others	1
EPLPQGQLTAY	A	5	others_wtd	1
EPLPQGQLTAY	A	5	random	1
EPLPQGQLTAY	A	5	random_wtd	1
EPLPQGQLTAY	A	10	others	1
EPLPQGQLTAY	A	10	others_wtd	1
EPLPQGQLTAY	A	10	random	1
EPLPQGQLTAY	A	10	random_wtd	1
EPLPQGQLTAY	A	25	others	0.995594713656388
EPLPQGQLTAY	A	25	others_wtd	0.998613150595529
EPLPQGQLTAY	A	25	random	0.99
EPLPQGQLTAY	A	25	random_wtd	0.991111111111111
CPSQEPMSIYVY	A	5	others	1
CPSQEPMSIYVY	A	5	others_wtd	1
CPSQEPMSIYVY	A	5	random	1
CPSQEPMSIYVY	A	5	random_wtd	1
CPSQEPMSIYVY	A	10	others	1
CPSQEPMSIYVY	A	10	others_wtd	1
CPSQEPMSIYVY	A	10	random	1
CPSQEPMSIYVY	A	10	random_wtd	1
CPSQEPMSIYVY	A	25	others	1
CPSQEPMSIYVY	A	25	others_wtd	1
CPSQEPMSIYVY	A	25	random	1
CPSQEPMSIYVY	A	25	random_wtd	1
YSEHPTFTSQY	A	5	others	1
YSEHPTFTSQY	A	5	others_wtd	1
YSEHPTFTSQY	A	5	random	1
YSEHPTFTSQY	A	5	random_wtd	1
YSEHPTFTSQY	A	10	others	1
YSEHPTFTSQY	A	10	others_wtd	1
YSEHPTFTSQY	A	10	random	1
YSEHPTFTSQY	A	10	random_wtd	1
YSEHPTFTSQY	A	25	others	1
YSEHPTFTSQY	A	25	others_wtd	1
YSEHPTFTSQY	A	25	random	1
YSEHPTFTSQY	A	25	random_wtd	1
IPSINVHHY	A	5	others	1
IPSINVHHY	A	5	others_wtd	1
IPSINVHHY	A	5	random	1
IPSINVHHY	A	5	random_wtd	1
IPSINVHHY	A	10	others	1
IPSINVHHY	A	10	others_wtd	1
IPSINVHHY	A	10	random	1
IPSINVHHY	A	10	random_wtd	1
IPSINVHHY	A	25	others	1
IPSINVHHY	A	25	others_wtd	1
IPSINVHHY	A	25	random	1
IPSINVHHY	A	25	random_wtd	1
RPRGEVRFL	A	5	others	1
RPRGEVRFL	A	5	others_wtd	1
RPRGEVRFL	A	5	random	1
RPRGEVRFL	A	5	random_wtd	1
RPRGEVRFL	A	10	others	0.958754677920217
RPRGEVRFL	A	10	others_wtd	0.989688669480054
RPRGEVRFL	A	10	random	0.968157894736842
RPRGEVRFL	A	10	random_wtd	0.989210526315789
RPRGEVRFL	A	25	others	0.890476948801656
RPRGEVRFL	A	25	others_wtd	0.930328847838204
RPRGEVRFL	A	25	random	0.891052631578947
RPRGEVRFL	A	25	random_wtd	0.931052631578947
KRWIIMGLNK	A	5	others	1
KRWIIMGLNK	A	5	others_wtd	1
KRWIIMGLNK	A	5	random	1
KRWIIMGLNK	A	5	random_wtd	1
KRWIIMGLNK	A	10	others	1
KRWIIMGLNK	A	10	others_wtd	1
KRWIIMGLNK	A	10	random	1
KRWIIMGLNK	A	10	random_wtd	1
KRWIIMGLNK	A	25	others	1
KRWIIMGLNK	A	25	others_wtd	1
KRWIIMGLNK	A	25	random	1
KRWIIMGLNK	A	25	random_wtd	1
ELRRKMMYM	A	5	others	1
ELRRKMMYM	A	5	others_wtd	1
ELRRKMMYM	A	5	random	1
ELRRKMMYM	A	5	random_wtd	1
ELRRKMMYM	A	10	others	1
ELRRKMMYM	A	10	others_wtd	1
ELRRKMMYM	A	10	random	1
ELRRKMMYM	A	10	random_wtd	1
ELRRKMMYM	A	25	others	1
ELRRKMMYM	A	25	others_wtd	1
ELRRKMMYM	A	25	random	1
ELRRKMMYM	A	25	random_wtd	1
QIKVRVDMV	A	5	others	1
QIKVRVDMV	A	5	others_wtd	1
QIKVRVDMV	A	5	random	1
QIKVRVDMV	A	5	random_wtd	1
QIKVRVDMV	A	10	others	1
QIKVRVDMV	A	10	others_wtd	1
QIKVRVDMV	A	10	random	1
QIKVRVDMV	A	10	random_wtd	1
QIKVRVDMV	A	25	others	1
QIKVRVDMV	A	25	others_wtd	1
QIKVRVDMV	A	25	random	1
QIKVRVDMV	A	25	random_wtd	1
RMFPNAPYL	A	5	others	1
RMFPNAPYL	A	5	others_wtd	1
RMFPNAPYL	A	5	random	1
RMFPNAPYL	A	5	random_wtd	1
RMFPNAPYL	A	10	others	1
RMFPNAPYL	A	10	others_wtd	1
RMFPNAPYL	A	10	random	1
RMFPNAPYL	A	10	random_wtd	1
RMFPNAPYL	A	25	others	1
RMFPNAPYL	A	25	others_wtd	1
RMFPNAPYL	A	25	random	1
RMFPNAPYL	A	25	random_wtd	1
KIFGSLAFL	A	5	others	1
KIFGSLAFL	A	5	others_wtd	1
KIFGSLAFL	A	5	random	1
KIFGSLAFL	A	5	random_wtd	1
KIFGSLAFL	A	10	others	1
KIFGSLAFL	A	10	others_wtd	1
KIFGSLAFL	A	10	random	1
KIFGSLAFL	A	10	random_wtd	1
KIFGSLAFL	A	25	others	1
KIFGSLAFL	A	25	others_wtd	1
KIFGSLAFL	A	25	random	1
KIFGSLAFL	A	25	random_wtd	1
TAFTIPSI	A	5	others	1
TAFTIPSI	A	5	others_wtd	1
TAFTIPSI	A	5	random	1
TAFTIPSI	A	5	random_wtd	1
TAFTIPSI	A	10	others	1
TAFTIPSI	A	10	others_wtd	1
TAFTIPSI	A	10	random	1
TAFTIPSI	A	10	random_wtd	1
TAFTIPSI	A	25	others	0.99747103932126
TAFTIPSI	A	25	others_wtd	0.999796051558166
TAFTIPSI	A	25	random	0.984444444444444
TAFTIPSI	A	25	random_wtd	0.997777777777778
ELAGIGLTV	A	5	others	1
ELAGIGLTV	A	5	others_wtd	1
ELAGIGLTV	A	5	random	1
ELAGIGLTV	A	5	random_wtd	1
ELAGIGLTV	A	10	others	1
ELAGIGLTV	A	10	others_wtd	1
ELAGIGLTV	A	10	random	1
ELAGIGLTV	A	10	random_wtd	1
ELAGIGLTV	A	25	others	0.99500773993808
ELAGIGLTV	A	25	others_wtd	0.999613003095975
ELAGIGLTV	A	25	random	0.997894736842105
ELAGIGLTV	A	25	random_wtd	1
CINGVCWTV	A	5	others	0.98412617394855
CINGVCWTV	A	5	others_wtd	0.995661494487546
CINGVCWTV	A	5	random	0.999493670886076
CINGVCWTV	A	5	random_wtd	1
CINGVCWTV	A	10	others	0.939842792976725
CINGVCWTV	A	10	others_wtd	0.970977950183748
CINGVCWTV	A	10	random	0.964556962025316
CINGVCWTV	A	10	random_wtd	0.990886075949367
CINGVCWTV	A	25	others	0.860095957533687
CINGVCWTV	A	25	others_wtd	0.912198856676194
CINGVCWTV	A	25	random	0.884936708860759
CINGVCWTV	A	25	random_wtd	0.934683544303797
FRDYVDRFYKTLRAEQASQE	A	5	others	0.99812030075188
FRDYVDRFYKTLRAEQASQE	A	5	others_wtd	0.999240890688259
FRDYVDRFYKTLRAEQASQE	A	5	random	0.993296703296703
FRDYVDRFYKTLRAEQASQE	A	5	random_wtd	0.996043956043956
FRDYVDRFYKTLRAEQASQE	A	10	others	0.99554475130133
FRDYVDRFYKTLRAEQASQE	A	10	others_wtd	0.997261784268363
FRDYVDRFYKTLRAEQASQE	A	10	random	0.98989010989011
FRDYVDRFYKTLRAEQASQE	A	10	random_wtd	0.991758241758242
FRDYVDRFYKTLRAEQASQE	A	25	others	0.992996312897629
FRDYVDRFYKTLRAEQASQE	A	25	others_wtd	0.994921197223829
FRDYVDRFYKTLRAEQASQE	A	25	random	0.985274725274725
FRDYVDRFYKTLRAEQASQE	A	25	random_wtd	0.988131868131868
KLVALGINAV	A	5	others	0.993778842222092
KLVALGINAV	A	5	others_wtd	0.998860914773059
KLVALGINAV	A	5	random	0.995471698113208
KLVALGINAV	A	5	random_wtd	0.998867924528302
KLVALGINAV	A	10	others	0.960584730416496
KLVALGINAV	A	10	others_wtd	0.98062094748525
KLVALGINAV	A	10	random	0.967169811320755
KLVALGINAV	A	10	random_wtd	0.984716981132076
KLVALGINAV	A	25	others	0.929917051229628
KLVALGINAV	A	25	others_wtd	0.95036217068754
KLVALGINAV	A	25	random	0.935849056603774
KLVALGINAV	A	25	random_wtd	0.957547169811321
CVNGSCFTV	A	5	others	1
CVNGSCFTV	A	5	others_wtd	1
CVNGSCFTV	A	5	random	1
CVNGSCFTV	A	5	random_wtd	1
CVNGSCFTV	A	10	others	1
CVNGSCFTV	A	10	others_wtd	1
CVNGSCFTV	A	10	random	1
CVNGSCFTV	A	10	random_wtd	1
CVNGSCFTV	A	25	others	0.98169968717414
CVNGSCFTV	A	25	others_wtd	0.997288842544317
CVNGSCFTV	A	25	random	0.977142857142857
CVNGSCFTV	A	25	random_wtd	0.997142857142857
